Mode,Tier,Map,Hero,Role,Win Rate (%),Pick Rate (%)
Quick Play,All,all-maps,Ana,SUPPORT,46.9,38.1
Quick Play,All,all-maps,Anran,DAMAGE,52.0,12.9
Quick Play,All,all-maps,Ashe,DAMAGE,50.4,11.8
Quick Play,All,all-maps,Baptiste,SUPPORT,46.2,6.0
Quick Play,All,all-maps,Bastion,DAMAGE,48.8,9.9
Quick Play,All,all-maps,Brigitte,SUPPORT,49.8,3.6
Quick Play,All,all-maps,Cassidy,DAMAGE,46.9,19.5
Quick Play,All,all-maps,D.Va,TANK,46.7,8.5
Quick Play,All,all-maps,Domina,TANK,52.6,12.7
Quick Play,All,all-maps,Doomfist,TANK,49.6,9.4
Quick Play,All,all-maps,Echo,DAMAGE,50.9,5.4
Quick Play,All,all-maps,Emre,DAMAGE,49.9,18.6
Quick Play,All,all-maps,Freja,DAMAGE,46.0,5.2
Quick Play,All,all-maps,Genji,DAMAGE,49.9,11.2
Quick Play,All,all-maps,Hanzo,DAMAGE,49.4,7.0
Quick Play,All,all-maps,Hazard,TANK,52.1,3.2
Quick Play,All,all-maps,Illari,SUPPORT,54.2,8.7
Quick Play,All,all-maps,Jetpack Cat,SUPPORT,49.5,13.0
Quick Play,All,all-maps,Junker Queen,TANK,53.0,3.1
Quick Play,All,all-maps,Junkrat,DAMAGE,51.4,7.7
Quick Play,All,all-maps,Juno,SUPPORT,50.6,13.4
Quick Play,All,all-maps,Kiriko,SUPPORT,47.7,34.1
Quick Play,All,all-maps,Lifeweaver,SUPPORT,47.6,6.3
Quick Play,All,all-maps,Lúcio,SUPPORT,51.5,6.3
Quick Play,All,all-maps,Mauga,TANK,50.0,4.6
Quick Play,All,all-maps,Mei,DAMAGE,55.9,8.1
Quick Play,All,all-maps,Mercy,SUPPORT,47.3,9.5
Quick Play,All,all-maps,Mizuki,SUPPORT,54.0,21.4
Quick Play,All,all-maps,Moira,SUPPORT,50.3,15.2
Quick Play,All,all-maps,Orisa,TANK,46.6,10.1
Quick Play,All,all-maps,Pharah,DAMAGE,52.0,5.4
Quick Play,All,all-maps,Ramattra,TANK,48.7,6.1
Quick Play,All,all-maps,Reaper,DAMAGE,53.0,10.0
Quick Play,All,all-maps,Reinhardt,TANK,51.8,7.9
Quick Play,All,all-maps,Roadhog,TANK,48.7,8.8
Quick Play,All,all-maps,Sigma,TANK,52.6,9.3
Quick Play,All,all-maps,Sojourn,DAMAGE,44.5,12.4
Quick Play,All,all-maps,Soldier: 76,DAMAGE,48.6,14.9
Quick Play,All,all-maps,Sombra,DAMAGE,47.6,6.3
Quick Play,All,all-maps,Symmetra,DAMAGE,56.8,3.4
Quick Play,All,all-maps,Torbjörn,DAMAGE,56.5,4.0
Quick Play,All,all-maps,Tracer,DAMAGE,49.3,8.1
Quick Play,All,all-maps,Vendetta,DAMAGE,51.8,10.7
Quick Play,All,all-maps,Venture,DAMAGE,52.4,2.8
Quick Play,All,all-maps,Widowmaker,DAMAGE,46.3,4.5
Quick Play,All,all-maps,Winston,TANK,51.4,6.6
Quick Play,All,all-maps,Wrecking Ball,TANK,49.8,3.3
Quick Play,All,all-maps,Wuyang,SUPPORT,52.1,14.0
Quick Play,All,all-maps,Zarya,TANK,48.4,6.4
Quick Play,All,all-maps,Zenyatta,SUPPORT,54.1,10.4
Quick Play,All,ilios,Ana,SUPPORT,46.0,32.3
Quick Play,All,ilios,Anran,DAMAGE,52.1,13.8
Quick Play,All,ilios,Ashe,DAMAGE,48.2,8.7
Quick Play,All,ilios,Baptiste,SUPPORT,44.2,5.3
Quick Play,All,ilios,Bastion,DAMAGE,48.6,8.9
Quick Play,All,ilios,Brigitte,SUPPORT,51.5,4.8
Quick Play,All,ilios,Cassidy,DAMAGE,46.7,21.2
Quick Play,All,ilios,D.Va,TANK,47.6,9.1
Quick Play,All,ilios,Domina,TANK,51.2,10.2
Quick Play,All,ilios,Doomfist,TANK,48.4,9.5
Quick Play,All,ilios,Echo,DAMAGE,52.4,7.5
Quick Play,All,ilios,Emre,DAMAGE,48.8,16.0
Quick Play,All,ilios,Freja,DAMAGE,46.1,5.0
Quick Play,All,ilios,Genji,DAMAGE,50.1,11.2
Quick Play,All,ilios,Hanzo,DAMAGE,48.2,5.2
Quick Play,All,ilios,Hazard,TANK,53.0,3.3
Quick Play,All,ilios,Illari,SUPPORT,52.6,6.6
Quick Play,All,ilios,Jetpack Cat,SUPPORT,52.6,18.8
Quick Play,All,ilios,Junker Queen,TANK,53.3,3.1
Quick Play,All,ilios,Junkrat,DAMAGE,51.8,7.6
Quick Play,All,ilios,Juno,SUPPORT,50.3,12.9
Quick Play,All,ilios,Kiriko,SUPPORT,47.5,33.1
Quick Play,All,ilios,Lifeweaver,SUPPORT,45.9,6.8
Quick Play,All,ilios,Lúcio,SUPPORT,55.4,12.9
Quick Play,All,ilios,Mauga,TANK,48.6,4.3
Quick Play,All,ilios,Mei,DAMAGE,53.6,7.3
Quick Play,All,ilios,Mercy,SUPPORT,48.1,8.9
Quick Play,All,ilios,Mizuki,SUPPORT,53.7,21.3
Quick Play,All,ilios,Moira,SUPPORT,49.3,16.0
Quick Play,All,ilios,Orisa,TANK,47.9,11.2
Quick Play,All,ilios,Pharah,DAMAGE,54.7,9.2
Quick Play,All,ilios,Ramattra,TANK,48.6,4.7
Quick Play,All,ilios,Reaper,DAMAGE,54.4,12.1
Quick Play,All,ilios,Reinhardt,TANK,52.1,6.4
Quick Play,All,ilios,Roadhog,TANK,52.3,16.7
Quick Play,All,ilios,Sigma,TANK,49.3,5.8
Quick Play,All,ilios,Sojourn,DAMAGE,44.7,10.4
Quick Play,All,ilios,Soldier: 76,DAMAGE,47.3,14.2
Quick Play,All,ilios,Sombra,DAMAGE,47.6,6.8
Quick Play,All,ilios,Symmetra,DAMAGE,56.3,3.6
Quick Play,All,ilios,Torbjörn,DAMAGE,54.8,3.3
Quick Play,All,ilios,Tracer,DAMAGE,49.3,9.1
Quick Play,All,ilios,Vendetta,DAMAGE,52.7,11.7
Quick Play,All,ilios,Venture,DAMAGE,53.3,3.5
Quick Play,All,ilios,Widowmaker,DAMAGE,43.8,3.6
Quick Play,All,ilios,Winston,TANK,52.8,6.7
Quick Play,All,ilios,Wrecking Ball,TANK,47.6,3.4
Quick Play,All,ilios,Wuyang,SUPPORT,51.4,12.1
Quick Play,All,ilios,Zarya,TANK,47.3,5.5
Quick Play,All,ilios,Zenyatta,SUPPORT,52.0,8.5
Quick Play,All,nepal,Ana,SUPPORT,46.5,36.4
Quick Play,All,nepal,Anran,DAMAGE,51.3,14.6
Quick Play,All,nepal,Ashe,DAMAGE,47.1,8.4
Quick Play,All,nepal,Baptiste,SUPPORT,45.3,5.4
Quick Play,All,nepal,Bastion,DAMAGE,49.8,9.5
Quick Play,All,nepal,Brigitte,SUPPORT,51.2,4.1
Quick Play,All,nepal,Cassidy,DAMAGE,46.6,21.0
Quick Play,All,nepal,D.Va,TANK,44.7,6.9
Quick Play,All,nepal,Domina,TANK,52.6,11.6
Quick Play,All,nepal,Doomfist,TANK,49.5,10.6
Quick Play,All,nepal,Echo,DAMAGE,50.2,5.1
Quick Play,All,nepal,Emre,DAMAGE,49.5,17.0
Quick Play,All,nepal,Freja,DAMAGE,46.0,4.5
Quick Play,All,nepal,Genji,DAMAGE,49.6,11.4
Quick Play,All,nepal,Hanzo,DAMAGE,48.7,6.0
Quick Play,All,nepal,Hazard,TANK,54.3,3.4
Quick Play,All,nepal,Illari,SUPPORT,52.9,7.1
Quick Play,All,nepal,Jetpack Cat,SUPPORT,50.4,12.9
Quick Play,All,nepal,Junker Queen,TANK,53.0,3.3
Quick Play,All,nepal,Junkrat,DAMAGE,52.7,9.4
Quick Play,All,nepal,Juno,SUPPORT,50.5,12.7
Quick Play,All,nepal,Kiriko,SUPPORT,48.0,34.0
Quick Play,All,nepal,Lifeweaver,SUPPORT,46.4,5.7
Quick Play,All,nepal,Lúcio,SUPPORT,51.7,8.1
Quick Play,All,nepal,Mauga,TANK,50.8,4.9
Quick Play,All,nepal,Mei,DAMAGE,55.7,8.7
Quick Play,All,nepal,Mercy,SUPPORT,47.1,8.6
Quick Play,All,nepal,Mizuki,SUPPORT,53.7,23.4
Quick Play,All,nepal,Moira,SUPPORT,52.1,17.4
Quick Play,All,nepal,Orisa,TANK,48.0,11.0
Quick Play,All,nepal,Pharah,DAMAGE,52.9,5.6
Quick Play,All,nepal,Ramattra,TANK,49.4,6.2
Quick Play,All,nepal,Reaper,DAMAGE,53.8,11.1
Quick Play,All,nepal,Reinhardt,TANK,52.9,8.6
Quick Play,All,nepal,Roadhog,TANK,49.2,10.8
Quick Play,All,nepal,Sigma,TANK,51.2,7.1
Quick Play,All,nepal,Sojourn,DAMAGE,45.6,12.4
Quick Play,All,nepal,Soldier: 76,DAMAGE,48.3,14.8
Quick Play,All,nepal,Sombra,DAMAGE,47.4,6.1
Quick Play,All,nepal,Symmetra,DAMAGE,60.9,5.7
Quick Play,All,nepal,Torbjörn,DAMAGE,55.6,3.4
Quick Play,All,nepal,Tracer,DAMAGE,47.4,8.5
Quick Play,All,nepal,Vendetta,DAMAGE,50.8,11.9
Quick Play,All,nepal,Venture,DAMAGE,51.8,3.3
Quick Play,All,nepal,Widowmaker,DAMAGE,41.3,1.8
Quick Play,All,nepal,Winston,TANK,49.5,5.1
Quick Play,All,nepal,Wrecking Ball,TANK,47.1,3.1
Quick Play,All,nepal,Wuyang,SUPPORT,51.6,14.0
Quick Play,All,nepal,Zarya,TANK,49.7,7.3
Quick Play,All,nepal,Zenyatta,SUPPORT,53.0,10.1
Quick Play,All,lijiang-tower,Ana,SUPPORT,45.9,36.0
Quick Play,All,lijiang-tower,Anran,DAMAGE,50.4,14.2
Quick Play,All,lijiang-tower,Ashe,DAMAGE,46.7,7.6
Quick Play,All,lijiang-tower,Baptiste,SUPPORT,44.3,5.2
Quick Play,All,lijiang-tower,Bastion,DAMAGE,48.1,9.4
Quick Play,All,lijiang-tower,Brigitte,SUPPORT,50.5,4.0
Quick Play,All,lijiang-tower,Cassidy,DAMAGE,47.1,21.8
Quick Play,All,lijiang-tower,D.Va,TANK,45.9,7.0
Quick Play,All,lijiang-tower,Domina,TANK,52.9,11.5
Quick Play,All,lijiang-tower,Doomfist,TANK,50.5,11.9
Quick Play,All,lijiang-tower,Echo,DAMAGE,49.4,5.4
Quick Play,All,lijiang-tower,Emre,DAMAGE,48.8,16.4
Quick Play,All,lijiang-tower,Freja,DAMAGE,45.9,4.3
Quick Play,All,lijiang-tower,Genji,DAMAGE,49.9,10.9
Quick Play,All,lijiang-tower,Hanzo,DAMAGE,49.4,5.8
Quick Play,All,lijiang-tower,Hazard,TANK,52.3,3.0
Quick Play,All,lijiang-tower,Illari,SUPPORT,53.6,6.9
Quick Play,All,lijiang-tower,Jetpack Cat,SUPPORT,52.1,15.3
Quick Play,All,lijiang-tower,Junker Queen,TANK,52.8,3.2
Quick Play,All,lijiang-tower,Junkrat,DAMAGE,52.1,9.9
Quick Play,All,lijiang-tower,Juno,SUPPORT,49.9,12.4
Quick Play,All,lijiang-tower,Kiriko,SUPPORT,47.8,32.4
Quick Play,All,lijiang-tower,Lifeweaver,SUPPORT,45.1,5.3
Quick Play,All,lijiang-tower,Lúcio,SUPPORT,53.9,10.9
Quick Play,All,lijiang-tower,Mauga,TANK,49.7,4.8
Quick Play,All,lijiang-tower,Mei,DAMAGE,53.4,8.2
Quick Play,All,lijiang-tower,Mercy,SUPPORT,47.0,8.4
Quick Play,All,lijiang-tower,Mizuki,SUPPORT,54.2,23.2
Quick Play,All,lijiang-tower,Moira,SUPPORT,51.1,16.7
Quick Play,All,lijiang-tower,Orisa,TANK,48.2,11.5
Quick Play,All,lijiang-tower,Pharah,DAMAGE,56.0,9.2
Quick Play,All,lijiang-tower,Ramattra,TANK,49.4,5.9
Quick Play,All,lijiang-tower,Reaper,DAMAGE,53.4,10.6
Quick Play,All,lijiang-tower,Reinhardt,TANK,53.3,8.8
Quick Play,All,lijiang-tower,Roadhog,TANK,49.2,9.4
Quick Play,All,lijiang-tower,Sigma,TANK,50.2,6.6
Quick Play,All,lijiang-tower,Sojourn,DAMAGE,44.9,11.7
Quick Play,All,lijiang-tower,Soldier: 76,DAMAGE,47.8,14.2
Quick Play,All,lijiang-tower,Sombra,DAMAGE,46.7,5.7
Quick Play,All,lijiang-tower,Symmetra,DAMAGE,62.1,6.3
Quick Play,All,lijiang-tower,Torbjörn,DAMAGE,56.4,3.1
Quick Play,All,lijiang-tower,Tracer,DAMAGE,48.8,8.7
Quick Play,All,lijiang-tower,Vendetta,DAMAGE,51.7,11.3
Quick Play,All,lijiang-tower,Venture,DAMAGE,53.2,3.4
Quick Play,All,lijiang-tower,Widowmaker,DAMAGE,39.9,1.9
Quick Play,All,lijiang-tower,Winston,TANK,49.6,4.9
Quick Play,All,lijiang-tower,Wrecking Ball,TANK,48.3,4.0
Quick Play,All,lijiang-tower,Wuyang,SUPPORT,51.4,13.8
Quick Play,All,lijiang-tower,Zarya,TANK,48.5,7.5
Quick Play,All,lijiang-tower,Zenyatta,SUPPORT,52.0,9.4
Quick Play,All,oasis,Ana,SUPPORT,46.1,35.0
Quick Play,All,oasis,Anran,DAMAGE,51.0,14.5
Quick Play,All,oasis,Ashe,DAMAGE,48.0,7.7
Quick Play,All,oasis,Baptiste,SUPPORT,46.5,5.8
Quick Play,All,oasis,Bastion,DAMAGE,49.0,9.9
Quick Play,All,oasis,Brigitte,SUPPORT,49.4,4.6
Quick Play,All,oasis,Cassidy,DAMAGE,48.9,24.3
Quick Play,All,oasis,D.Va,TANK,46.9,8.0
Quick Play,All,oasis,Domina,TANK,52.1,11.4
Quick Play,All,oasis,Doomfist,TANK,48.4,9.9
Quick Play,All,oasis,Echo,DAMAGE,51.9,5.3
Quick Play,All,oasis,Emre,DAMAGE,49.9,16.8
Quick Play,All,oasis,Freja,DAMAGE,46.9,4.4
Quick Play,All,oasis,Genji,DAMAGE,48.5,11.3
Quick Play,All,oasis,Hanzo,DAMAGE,49.2,5.6
Quick Play,All,oasis,Hazard,TANK,52.9,3.6
Quick Play,All,oasis,Illari,SUPPORT,54.1,7.1
Quick Play,All,oasis,Jetpack Cat,SUPPORT,50.0,12.6
Quick Play,All,oasis,Junker Queen,TANK,54.5,3.7
Quick Play,All,oasis,Junkrat,DAMAGE,51.5,7.0
Quick Play,All,oasis,Juno,SUPPORT,51.1,13.1
Quick Play,All,oasis,Kiriko,SUPPORT,47.8,35.1
Quick Play,All,oasis,Lifeweaver,SUPPORT,47.0,5.6
Quick Play,All,oasis,Lúcio,SUPPORT,50.4,6.5
Quick Play,All,oasis,Mauga,TANK,50.7,5.3
Quick Play,All,oasis,Mei,DAMAGE,54.8,8.5
Quick Play,All,oasis,Mercy,SUPPORT,47.7,8.9
Quick Play,All,oasis,Mizuki,SUPPORT,54.5,24.7
Quick Play,All,oasis,Moira,SUPPORT,51.5,17.5
Quick Play,All,oasis,Orisa,TANK,47.7,10.4
Quick Play,All,oasis,Pharah,DAMAGE,53.3,5.2
Quick Play,All,oasis,Ramattra,TANK,50.0,6.1
Quick Play,All,oasis,Reaper,DAMAGE,52.6,11.3
Quick Play,All,oasis,Reinhardt,TANK,49.5,7.8
Quick Play,All,oasis,Roadhog,TANK,50.1,9.3
Quick Play,All,oasis,Sigma,TANK,51.3,7.3
Quick Play,All,oasis,Sojourn,DAMAGE,44.5,12.4
Quick Play,All,oasis,Soldier: 76,DAMAGE,49.9,15.4
Quick Play,All,oasis,Sombra,DAMAGE,48.5,6.9
Quick Play,All,oasis,Symmetra,DAMAGE,55.4,3.5
Quick Play,All,oasis,Torbjörn,DAMAGE,56.0,3.5
Quick Play,All,oasis,Tracer,DAMAGE,49.7,10.2
Quick Play,All,oasis,Vendetta,DAMAGE,50.9,11.9
Quick Play,All,oasis,Venture,DAMAGE,50.9,3.1
Quick Play,All,oasis,Widowmaker,DAMAGE,40.7,1.5
Quick Play,All,oasis,Winston,TANK,51.8,6.3
Quick Play,All,oasis,Wrecking Ball,TANK,46.5,3.5
Quick Play,All,oasis,Wuyang,SUPPORT,52.5,14.1
Quick Play,All,oasis,Zarya,TANK,50.5,7.3
Quick Play,All,oasis,Zenyatta,SUPPORT,51.8,9.6
Quick Play,All,samoa,Ana,SUPPORT,46.0,36.1
Quick Play,All,samoa,Anran,DAMAGE,52.5,15.2
Quick Play,All,samoa,Ashe,DAMAGE,48.7,9.0
Quick Play,All,samoa,Baptiste,SUPPORT,46.0,6.0
Quick Play,All,samoa,Bastion,DAMAGE,50.1,10.3
Quick Play,All,samoa,Brigitte,SUPPORT,49.8,4.6
Quick Play,All,samoa,Cassidy,DAMAGE,47.3,22.5
Quick Play,All,samoa,D.Va,TANK,46.5,6.7
Quick Play,All,samoa,Domina,TANK,52.1,11.9
Quick Play,All,samoa,Doomfist,TANK,48.6,9.0
Quick Play,All,samoa,Echo,DAMAGE,49.1,4.7
Quick Play,All,samoa,Emre,DAMAGE,50.8,17.9
Quick Play,All,samoa,Freja,DAMAGE,45.8,4.4
Quick Play,All,samoa,Genji,DAMAGE,49.0,10.5
Quick Play,All,samoa,Hanzo,DAMAGE,48.4,5.7
Quick Play,All,samoa,Hazard,TANK,52.9,3.5
Quick Play,All,samoa,Illari,SUPPORT,54.4,7.3
Quick Play,All,samoa,Jetpack Cat,SUPPORT,48.5,11.7
Quick Play,All,samoa,Junker Queen,TANK,54.2,4.0
Quick Play,All,samoa,Junkrat,DAMAGE,49.6,6.9
Quick Play,All,samoa,Juno,SUPPORT,51.7,13.6
Quick Play,All,samoa,Kiriko,SUPPORT,47.2,34.9
Quick Play,All,samoa,Lifeweaver,SUPPORT,47.0,5.7
Quick Play,All,samoa,Lúcio,SUPPORT,50.6,5.7
Quick Play,All,samoa,Mauga,TANK,52.7,6.7
Quick Play,All,samoa,Mei,DAMAGE,55.4,8.4
Quick Play,All,samoa,Mercy,SUPPORT,47.3,8.1
Quick Play,All,samoa,Mizuki,SUPPORT,54.5,24.2
Quick Play,All,samoa,Moira,SUPPORT,52.4,18.1
Quick Play,All,samoa,Orisa,TANK,46.8,10.4
Quick Play,All,samoa,Pharah,DAMAGE,49.1,4.3
Quick Play,All,samoa,Ramattra,TANK,50.1,6.6
Quick Play,All,samoa,Reaper,DAMAGE,54.7,11.2
Quick Play,All,samoa,Reinhardt,TANK,51.5,8.2
Quick Play,All,samoa,Roadhog,TANK,48.5,8.9
Quick Play,All,samoa,Sigma,TANK,50.4,7.7
Quick Play,All,samoa,Sojourn,DAMAGE,44.5,13.1
Quick Play,All,samoa,Soldier: 76,DAMAGE,49.2,14.5
Quick Play,All,samoa,Sombra,DAMAGE,46.8,6.5
Quick Play,All,samoa,Symmetra,DAMAGE,57.7,3.6
Quick Play,All,samoa,Torbjörn,DAMAGE,56.1,3.7
Quick Play,All,samoa,Tracer,DAMAGE,50.5,10.6
Quick Play,All,samoa,Vendetta,DAMAGE,51.6,11.6
Quick Play,All,samoa,Venture,DAMAGE,52.1,3.2
Quick Play,All,samoa,Widowmaker,DAMAGE,41.2,1.9
Quick Play,All,samoa,Winston,TANK,49.8,5.7
Quick Play,All,samoa,Wrecking Ball,TANK,48.1,3.3
Quick Play,All,samoa,Wuyang,SUPPORT,52.3,14.1
Quick Play,All,samoa,Zarya,TANK,50.6,7.5
Quick Play,All,samoa,Zenyatta,SUPPORT,53.2,9.9
Quick Play,All,busan,Ana,SUPPORT,46.7,35.2
Quick Play,All,busan,Anran,DAMAGE,51.6,13.6
Quick Play,All,busan,Ashe,DAMAGE,49.4,10.5
Quick Play,All,busan,Baptiste,SUPPORT,45.7,5.7
Quick Play,All,busan,Bastion,DAMAGE,48.7,10.2
Quick Play,All,busan,Brigitte,SUPPORT,50.0,4.2
Quick Play,All,busan,Cassidy,DAMAGE,48.3,20.5
Quick Play,All,busan,D.Va,TANK,48.4,9.6
Quick Play,All,busan,Domina,TANK,52.5,11.5
Quick Play,All,busan,Doomfist,TANK,48.1,9.4
Quick Play,All,busan,Echo,DAMAGE,50.7,4.6
Quick Play,All,busan,Emre,DAMAGE,51.2,17.4
Quick Play,All,busan,Freja,DAMAGE,46.3,4.7
Quick Play,All,busan,Genji,DAMAGE,49.2,11.3
Quick Play,All,busan,Hanzo,DAMAGE,47.5,5.8
Quick Play,All,busan,Hazard,TANK,51.2,3.3
Quick Play,All,busan,Illari,SUPPORT,53.8,6.9
Quick Play,All,busan,Jetpack Cat,SUPPORT,49.7,12.4
Quick Play,All,busan,Junker Queen,TANK,52.8,3.3
Quick Play,All,busan,Junkrat,DAMAGE,49.6,7.1
Quick Play,All,busan,Juno,SUPPORT,50.4,14.1
Quick Play,All,busan,Kiriko,SUPPORT,48.0,35.4
Quick Play,All,busan,Lifeweaver,SUPPORT,47.7,5.7
Quick Play,All,busan,Lúcio,SUPPORT,50.2,6.1
Quick Play,All,busan,Mauga,TANK,52.2,5.1
Quick Play,All,busan,Mei,DAMAGE,55.0,8.0
Quick Play,All,busan,Mercy,SUPPORT,46.7,9.2
Quick Play,All,busan,Mizuki,SUPPORT,54.4,22.7
Quick Play,All,busan,Moira,SUPPORT,50.9,18.2
Quick Play,All,busan,Orisa,TANK,47.0,10.5
Quick Play,All,busan,Pharah,DAMAGE,49.7,4.2
Quick Play,All,busan,Ramattra,TANK,49.2,6.4
Quick Play,All,busan,Reaper,DAMAGE,52.3,11.1
Quick Play,All,busan,Reinhardt,TANK,51.9,7.9
Quick Play,All,busan,Roadhog,TANK,49.0,8.1
Quick Play,All,busan,Sigma,TANK,51.3,7.6
Quick Play,All,busan,Sojourn,DAMAGE,45.9,12.5
Quick Play,All,busan,Soldier: 76,DAMAGE,50.7,16.9
Quick Play,All,busan,Sombra,DAMAGE,47.5,7.3
Quick Play,All,busan,Symmetra,DAMAGE,55.1,2.9
Quick Play,All,busan,Torbjörn,DAMAGE,56.5,3.5
Quick Play,All,busan,Tracer,DAMAGE,50.0,9.2
Quick Play,All,busan,Vendetta,DAMAGE,50.9,11.4
Quick Play,All,busan,Venture,DAMAGE,50.4,2.8
Quick Play,All,busan,Widowmaker,DAMAGE,48.1,4.5
Quick Play,All,busan,Winston,TANK,52.1,7.0
Quick Play,All,busan,Wrecking Ball,TANK,46.9,3.6
Quick Play,All,busan,Wuyang,SUPPORT,52.8,14.0
Quick Play,All,busan,Zarya,TANK,49.4,6.8
Quick Play,All,busan,Zenyatta,SUPPORT,53.3,10.2
Quick Play,All,route-66,Ana,SUPPORT,48.5,41.6
Quick Play,All,route-66,Anran,DAMAGE,51.9,10.7
Quick Play,All,route-66,Ashe,DAMAGE,52.6,17.1
Quick Play,All,route-66,Baptiste,SUPPORT,47.3,6.6
Quick Play,All,route-66,Bastion,DAMAGE,48.0,10.4
Quick Play,All,route-66,Brigitte,SUPPORT,49.5,2.8
Quick Play,All,route-66,Cassidy,DAMAGE,46.0,18.0
Quick Play,All,route-66,D.Va,TANK,47.6,10.7
Quick Play,All,route-66,Domina,TANK,51.8,13.4
Quick Play,All,route-66,Doomfist,TANK,49.4,8.4
Quick Play,All,route-66,Echo,DAMAGE,52.0,5.3
Quick Play,All,route-66,Emre,DAMAGE,49.7,20.3
Quick Play,All,route-66,Freja,DAMAGE,47.0,6.3
Quick Play,All,route-66,Genji,DAMAGE,50.9,11.6
Quick Play,All,route-66,Hanzo,DAMAGE,48.9,7.9
Quick Play,All,route-66,Hazard,TANK,53.6,3.1
Quick Play,All,route-66,Illari,SUPPORT,55.7,10.8
Quick Play,All,route-66,Jetpack Cat,SUPPORT,48.4,12.5
Quick Play,All,route-66,Junker Queen,TANK,53.2,2.2
Quick Play,All,route-66,Junkrat,DAMAGE,52.4,7.1
Quick Play,All,route-66,Juno,SUPPORT,50.7,14.1
Quick Play,All,route-66,Kiriko,SUPPORT,46.9,32.8
Quick Play,All,route-66,Lifeweaver,SUPPORT,48.1,7.1
Quick Play,All,route-66,Lúcio,SUPPORT,49.5,4.1
Quick Play,All,route-66,Mauga,TANK,49.4,4.1
Quick Play,All,route-66,Mei,DAMAGE,57.6,7.3
Quick Play,All,route-66,Mercy,SUPPORT,47.7,11.6
Quick Play,All,route-66,Mizuki,SUPPORT,53.3,18.1
Quick Play,All,route-66,Moira,SUPPORT,48.1,12.8
Quick Play,All,route-66,Orisa,TANK,45.6,9.1
Quick Play,All,route-66,Pharah,DAMAGE,50.1,4.7
Quick Play,All,route-66,Ramattra,TANK,48.3,5.6
Quick Play,All,route-66,Reaper,DAMAGE,53.1,9.3
Quick Play,All,route-66,Reinhardt,TANK,49.2,6.9
Quick Play,All,route-66,Roadhog,TANK,48.7,7.3
Quick Play,All,route-66,Sigma,TANK,53.5,12.0
Quick Play,All,route-66,Sojourn,DAMAGE,44.5,12.0
Quick Play,All,route-66,Soldier: 76,DAMAGE,48.2,15.5
Quick Play,All,route-66,Sombra,DAMAGE,47.0,5.9
Quick Play,All,route-66,Symmetra,DAMAGE,53.8,2.3
Quick Play,All,route-66,Torbjörn,DAMAGE,55.9,4.4
Quick Play,All,route-66,Tracer,DAMAGE,49.2,5.5
Quick Play,All,route-66,Vendetta,DAMAGE,51.9,9.8
Quick Play,All,route-66,Venture,DAMAGE,52.3,2.4
Quick Play,All,route-66,Widowmaker,DAMAGE,47.5,6.2
Quick Play,All,route-66,Winston,TANK,53.3,8.7
Quick Play,All,route-66,Wrecking Ball,TANK,51.6,3.0
Quick Play,All,route-66,Wuyang,SUPPORT,53.0,14.1
Quick Play,All,route-66,Zarya,TANK,46.7,5.7
Quick Play,All,route-66,Zenyatta,SUPPORT,55.0,11.0
Quick Play,All,havana,Ana,SUPPORT,48.4,44.7
Quick Play,All,havana,Anran,DAMAGE,52.3,10.0
Quick Play,All,havana,Ashe,DAMAGE,53.6,17.4
Quick Play,All,havana,Baptiste,SUPPORT,46.6,6.4
Quick Play,All,havana,Bastion,DAMAGE,48.8,10.5
Quick Play,All,havana,Brigitte,SUPPORT,52.3,2.3
Quick Play,All,havana,Cassidy,DAMAGE,46.5,15.2
Quick Play,All,havana,D.Va,TANK,44.1,8.3
Quick Play,All,havana,Domina,TANK,53.6,15.4
Quick Play,All,havana,Doomfist,TANK,49.1,7.7
Quick Play,All,havana,Echo,DAMAGE,49.1,3.9
Quick Play,All,havana,Emre,DAMAGE,50.8,20.6
Quick Play,All,havana,Freja,DAMAGE,45.6,6.0
Quick Play,All,havana,Genji,DAMAGE,49.6,10.7
Quick Play,All,havana,Hanzo,DAMAGE,50.4,9.9
Quick Play,All,havana,Hazard,TANK,48.9,2.3
Quick Play,All,havana,Illari,SUPPORT,56.1,11.8
Quick Play,All,havana,Jetpack Cat,SUPPORT,46.5,9.9
Quick Play,All,havana,Junker Queen,TANK,51.1,2.0
Quick Play,All,havana,Junkrat,DAMAGE,49.0,6.4
Quick Play,All,havana,Juno,SUPPORT,49.7,13.0
Quick Play,All,havana,Kiriko,SUPPORT,47.3,33.3
Quick Play,All,havana,Lifeweaver,SUPPORT,48.4,7.0
Quick Play,All,havana,Lúcio,SUPPORT,48.1,3.6
Quick Play,All,havana,Mauga,TANK,48.5,4.3
Quick Play,All,havana,Mei,DAMAGE,57.2,7.8
Quick Play,All,havana,Mercy,SUPPORT,46.5,10.6
Quick Play,All,havana,Mizuki,SUPPORT,53.4,17.6
Quick Play,All,havana,Moira,SUPPORT,47.9,12.4
Quick Play,All,havana,Orisa,TANK,46.3,10.1
Quick Play,All,havana,Pharah,DAMAGE,46.2,3.4
Quick Play,All,havana,Ramattra,TANK,50.3,6.8
Quick Play,All,havana,Reaper,DAMAGE,51.1,8.6
Quick Play,All,havana,Reinhardt,TANK,50.7,7.3
Quick Play,All,havana,Roadhog,TANK,47.3,6.8
Quick Play,All,havana,Sigma,TANK,55.7,15.2
Quick Play,All,havana,Sojourn,DAMAGE,44.3,12.9
Quick Play,All,havana,Soldier: 76,DAMAGE,49.4,14.6
Quick Play,All,havana,Sombra,DAMAGE,47.9,6.3
Quick Play,All,havana,Symmetra,DAMAGE,55.1,2.3
Quick Play,All,havana,Torbjörn,DAMAGE,58.5,4.5
Quick Play,All,havana,Tracer,DAMAGE,48.0,5.4
Quick Play,All,havana,Vendetta,DAMAGE,49.6,8.5
Quick Play,All,havana,Venture,DAMAGE,52.7,2.1
Quick Play,All,havana,Widowmaker,DAMAGE,49.9,13.2
Quick Play,All,havana,Winston,TANK,50.5,6.0
Quick Play,All,havana,Wrecking Ball,TANK,48.7,2.6
Quick Play,All,havana,Wuyang,SUPPORT,52.4,14.0
Quick Play,All,havana,Zarya,TANK,46.6,5.3
Quick Play,All,havana,Zenyatta,SUPPORT,56.4,13.6
Quick Play,All,junkertown,Ana,SUPPORT,48.1,43.2
Quick Play,All,junkertown,Anran,DAMAGE,52.8,10.5
Quick Play,All,junkertown,Ashe,DAMAGE,52.4,17.1
Quick Play,All,junkertown,Baptiste,SUPPORT,48.2,6.5
Quick Play,All,junkertown,Bastion,DAMAGE,48.9,10.4
Quick Play,All,junkertown,Brigitte,SUPPORT,48.5,2.7
Quick Play,All,junkertown,Cassidy,DAMAGE,47.1,16.9
Quick Play,All,junkertown,D.Va,TANK,47.0,9.2
Quick Play,All,junkertown,Domina,TANK,53.5,13.6
Quick Play,All,junkertown,Doomfist,TANK,48.2,7.9
Quick Play,All,junkertown,Echo,DAMAGE,51.8,4.5
Quick Play,All,junkertown,Emre,DAMAGE,51.1,20.5
Quick Play,All,junkertown,Freja,DAMAGE,47.1,6.0
Quick Play,All,junkertown,Genji,DAMAGE,50.1,10.7
Quick Play,All,junkertown,Hanzo,DAMAGE,49.7,8.1
Quick Play,All,junkertown,Hazard,TANK,50.0,3.0
Quick Play,All,junkertown,Illari,SUPPORT,54.8,10.9
Quick Play,All,junkertown,Jetpack Cat,SUPPORT,45.8,11.0
Quick Play,All,junkertown,Junker Queen,TANK,52.7,3.0
Quick Play,All,junkertown,Junkrat,DAMAGE,50.1,7.5
Quick Play,All,junkertown,Juno,SUPPORT,50.4,13.6
Quick Play,All,junkertown,Kiriko,SUPPORT,48.3,33.3
Quick Play,All,junkertown,Lifeweaver,SUPPORT,50.4,7.2
Quick Play,All,junkertown,Lúcio,SUPPORT,47.6,3.5
Quick Play,All,junkertown,Mauga,TANK,51.1,4.4
Quick Play,All,junkertown,Mei,DAMAGE,57.3,7.4
Quick Play,All,junkertown,Mercy,SUPPORT,46.8,10.6
Quick Play,All,junkertown,Mizuki,SUPPORT,52.7,18.2
Quick Play,All,junkertown,Moira,SUPPORT,49.1,13.4
Quick Play,All,junkertown,Orisa,TANK,45.0,9.7
Quick Play,All,junkertown,Pharah,DAMAGE,49.0,3.7
Quick Play,All,junkertown,Ramattra,TANK,46.7,5.8
Quick Play,All,junkertown,Reaper,DAMAGE,52.4,8.8
Quick Play,All,junkertown,Reinhardt,TANK,50.2,6.9
Quick Play,All,junkertown,Roadhog,TANK,48.2,7.6
Quick Play,All,junkertown,Sigma,TANK,55.5,13.1
Quick Play,All,junkertown,Sojourn,DAMAGE,43.3,12.3
Quick Play,All,junkertown,Soldier: 76,DAMAGE,48.9,15.7
Quick Play,All,junkertown,Sombra,DAMAGE,47.3,6.8
Quick Play,All,junkertown,Symmetra,DAMAGE,50.2,2.1
Quick Play,All,junkertown,Torbjörn,DAMAGE,55.5,4.4
Quick Play,All,junkertown,Tracer,DAMAGE,47.3,5.7
Quick Play,All,junkertown,Vendetta,DAMAGE,52.3,8.9
Quick Play,All,junkertown,Venture,DAMAGE,52.1,2.3
Quick Play,All,junkertown,Widowmaker,DAMAGE,48.4,9.9
Quick Play,All,junkertown,Winston,TANK,50.1,7.3
Quick Play,All,junkertown,Wrecking Ball,TANK,52.8,3.3
Quick Play,All,junkertown,Wuyang,SUPPORT,52.6,14.1
Quick Play,All,junkertown,Zarya,TANK,47.4,5.3
Quick Play,All,junkertown,Zenyatta,SUPPORT,55.5,11.8
Quick Play,All,dorado,Ana,SUPPORT,47.5,38.9
Quick Play,All,dorado,Anran,DAMAGE,51.9,11.0
Quick Play,All,dorado,Ashe,DAMAGE,52.3,14.9
Quick Play,All,dorado,Baptiste,SUPPORT,47.1,6.7
Quick Play,All,dorado,Bastion,DAMAGE,48.0,9.6
Quick Play,All,dorado,Brigitte,SUPPORT,49.3,3.3
Quick Play,All,dorado,Cassidy,DAMAGE,46.4,17.8
Quick Play,All,dorado,D.Va,TANK,48.5,13.7
Quick Play,All,dorado,Domina,TANK,50.9,11.8
Quick Play,All,dorado,Doomfist,TANK,50.8,9.4
Quick Play,All,dorado,Echo,DAMAGE,52.6,7.2
Quick Play,All,dorado,Emre,DAMAGE,48.8,19.5
Quick Play,All,dorado,Freja,DAMAGE,47.1,6.1
Quick Play,All,dorado,Genji,DAMAGE,51.0,12.7
Quick Play,All,dorado,Hanzo,DAMAGE,50.0,6.9
Quick Play,All,dorado,Hazard,TANK,52.9,3.6
Quick Play,All,dorado,Illari,SUPPORT,55.0,10.3
Quick Play,All,dorado,Jetpack Cat,SUPPORT,47.9,13.4
Quick Play,All,dorado,Junker Queen,TANK,51.4,2.1
Quick Play,All,dorado,Junkrat,DAMAGE,52.1,7.9
Quick Play,All,dorado,Juno,SUPPORT,50.3,13.5
Quick Play,All,dorado,Kiriko,SUPPORT,47.8,35.7
Quick Play,All,dorado,Lifeweaver,SUPPORT,50.3,7.5
Quick Play,All,dorado,Lúcio,SUPPORT,49.8,4.0
Quick Play,All,dorado,Mauga,TANK,49.1,3.8
Quick Play,All,dorado,Mei,DAMAGE,55.4,7.4
Quick Play,All,dorado,Mercy,SUPPORT,48.6,11.4
Quick Play,All,dorado,Mizuki,SUPPORT,53.5,18.5
Quick Play,All,dorado,Moira,SUPPORT,49.6,13.4
Quick Play,All,dorado,Orisa,TANK,46.0,8.5
Quick Play,All,dorado,Pharah,DAMAGE,51.5,5.2
Quick Play,All,dorado,Ramattra,TANK,48.1,5.1
Quick Play,All,dorado,Reaper,DAMAGE,52.7,11.2
Quick Play,All,dorado,Reinhardt,TANK,49.6,6.5
Quick Play,All,dorado,Roadhog,TANK,46.9,7.0
Quick Play,All,dorado,Sigma,TANK,51.8,9.6
Quick Play,All,dorado,Sojourn,DAMAGE,44.6,11.2
Quick Play,All,dorado,Soldier: 76,DAMAGE,48.4,15.5
Quick Play,All,dorado,Sombra,DAMAGE,47.3,6.0
Quick Play,All,dorado,Symmetra,DAMAGE,53.9,3.0
Quick Play,All,dorado,Torbjörn,DAMAGE,55.9,4.4
Quick Play,All,dorado,Tracer,DAMAGE,47.4,5.3
Quick Play,All,dorado,Vendetta,DAMAGE,52.0,10.8
Quick Play,All,dorado,Venture,DAMAGE,52.7,2.5
Quick Play,All,dorado,Widowmaker,DAMAGE,45.0,4.1
Quick Play,All,dorado,Winston,TANK,54.3,10.7
Quick Play,All,dorado,Wrecking Ball,TANK,53.9,3.0
Quick Play,All,dorado,Wuyang,SUPPORT,51.6,13.7
Quick Play,All,dorado,Zarya,TANK,47.6,5.3
Quick Play,All,dorado,Zenyatta,SUPPORT,55.4,9.6
Quick Play,All,watchpoint-gibraltar,Ana,SUPPORT,47.7,39.8
Quick Play,All,watchpoint-gibraltar,Anran,DAMAGE,52.7,10.2
Quick Play,All,watchpoint-gibraltar,Ashe,DAMAGE,53.2,16.1
Quick Play,All,watchpoint-gibraltar,Baptiste,SUPPORT,47.8,6.7
Quick Play,All,watchpoint-gibraltar,Bastion,DAMAGE,49.1,9.7
Quick Play,All,watchpoint-gibraltar,Brigitte,SUPPORT,50.1,3.0
Quick Play,All,watchpoint-gibraltar,Cassidy,DAMAGE,46.3,16.7
Quick Play,All,watchpoint-gibraltar,D.Va,TANK,48.5,15.7
Quick Play,All,watchpoint-gibraltar,Domina,TANK,51.7,11.0
Quick Play,All,watchpoint-gibraltar,Doomfist,TANK,50.1,9.2
Quick Play,All,watchpoint-gibraltar,Echo,DAMAGE,51.3,6.6
Quick Play,All,watchpoint-gibraltar,Emre,DAMAGE,49.9,19.8
Quick Play,All,watchpoint-gibraltar,Freja,DAMAGE,46.3,6.3
Quick Play,All,watchpoint-gibraltar,Genji,DAMAGE,50.4,13.2
Quick Play,All,watchpoint-gibraltar,Hanzo,DAMAGE,49.1,7.1
Quick Play,All,watchpoint-gibraltar,Hazard,TANK,52.6,3.4
Quick Play,All,watchpoint-gibraltar,Illari,SUPPORT,54.3,9.7
Quick Play,All,watchpoint-gibraltar,Jetpack Cat,SUPPORT,48.5,14.8
Quick Play,All,watchpoint-gibraltar,Junker Queen,TANK,49.4,1.7
Quick Play,All,watchpoint-gibraltar,Junkrat,DAMAGE,52.6,6.6
Quick Play,All,watchpoint-gibraltar,Juno,SUPPORT,50.1,14.2
Quick Play,All,watchpoint-gibraltar,Kiriko,SUPPORT,48.0,36.2
Quick Play,All,watchpoint-gibraltar,Lifeweaver,SUPPORT,48.3,7.5
Quick Play,All,watchpoint-gibraltar,Lúcio,SUPPORT,49.5,4.0
Quick Play,All,watchpoint-gibraltar,Mauga,TANK,47.6,3.8
Quick Play,All,watchpoint-gibraltar,Mei,DAMAGE,57.0,6.5
Quick Play,All,watchpoint-gibraltar,Mercy,SUPPORT,46.9,12.4
Quick Play,All,watchpoint-gibraltar,Mizuki,SUPPORT,55.2,16.4
Quick Play,All,watchpoint-gibraltar,Moira,SUPPORT,49.8,13.0
Quick Play,All,watchpoint-gibraltar,Orisa,TANK,45.3,8.5
Quick Play,All,watchpoint-gibraltar,Pharah,DAMAGE,49.6,4.6
Quick Play,All,watchpoint-gibraltar,Ramattra,TANK,48.6,4.8
Quick Play,All,watchpoint-gibraltar,Reaper,DAMAGE,52.7,10.8
Quick Play,All,watchpoint-gibraltar,Reinhardt,TANK,49.4,5.7
Quick Play,All,watchpoint-gibraltar,Roadhog,TANK,45.8,6.4
Quick Play,All,watchpoint-gibraltar,Sigma,TANK,52.6,8.8
Quick Play,All,watchpoint-gibraltar,Sojourn,DAMAGE,43.6,10.8
Quick Play,All,watchpoint-gibraltar,Soldier: 76,DAMAGE,48.8,16.3
Quick Play,All,watchpoint-gibraltar,Sombra,DAMAGE,46.0,6.3
Quick Play,All,watchpoint-gibraltar,Symmetra,DAMAGE,52.3,2.4
Quick Play,All,watchpoint-gibraltar,Torbjörn,DAMAGE,56.8,4.4
Quick Play,All,watchpoint-gibraltar,Tracer,DAMAGE,47.2,6.3
Quick Play,All,watchpoint-gibraltar,Vendetta,DAMAGE,53.0,10.2
Quick Play,All,watchpoint-gibraltar,Venture,DAMAGE,51.9,2.2
Quick Play,All,watchpoint-gibraltar,Widowmaker,DAMAGE,46.2,7.0
Quick Play,All,watchpoint-gibraltar,Winston,TANK,55.7,13.2
Quick Play,All,watchpoint-gibraltar,Wrecking Ball,TANK,52.1,3.1
Quick Play,All,watchpoint-gibraltar,Wuyang,SUPPORT,52.9,12.8
Quick Play,All,watchpoint-gibraltar,Zarya,TANK,45.4,4.7
Quick Play,All,watchpoint-gibraltar,Zenyatta,SUPPORT,54.0,9.5
Quick Play,All,circuit-royal,Ana,SUPPORT,47.9,45.5
Quick Play,All,circuit-royal,Anran,DAMAGE,51.3,9.1
Quick Play,All,circuit-royal,Ashe,DAMAGE,53.7,19.1
Quick Play,All,circuit-royal,Baptiste,SUPPORT,47.2,7.4
Quick Play,All,circuit-royal,Bastion,DAMAGE,50.0,10.6
Quick Play,All,circuit-royal,Brigitte,SUPPORT,46.2,2.0
Quick Play,All,circuit-royal,Cassidy,DAMAGE,45.6,13.9
Quick Play,All,circuit-royal,D.Va,TANK,43.1,6.8
Quick Play,All,circuit-royal,Domina,TANK,54.1,15.9
Quick Play,All,circuit-royal,Doomfist,TANK,49.7,7.5
Quick Play,All,circuit-royal,Echo,DAMAGE,51.1,4.5
Quick Play,All,circuit-royal,Emre,DAMAGE,50.5,21.9
Quick Play,All,circuit-royal,Freja,DAMAGE,46.8,7.1
Quick Play,All,circuit-royal,Genji,DAMAGE,48.9,10.1
Quick Play,All,circuit-royal,Hanzo,DAMAGE,50.5,10.0
Quick Play,All,circuit-royal,Hazard,TANK,49.9,2.0
Quick Play,All,circuit-royal,Illari,SUPPORT,55.4,13.9
Quick Play,All,circuit-royal,Jetpack Cat,SUPPORT,46.4,11.8
Quick Play,All,circuit-royal,Junker Queen,TANK,51.5,1.8
Quick Play,All,circuit-royal,Junkrat,DAMAGE,50.9,7.0
Quick Play,All,circuit-royal,Juno,SUPPORT,50.2,13.4
Quick Play,All,circuit-royal,Kiriko,SUPPORT,47.1,29.9
Quick Play,All,circuit-royal,Lifeweaver,SUPPORT,48.7,7.3
Quick Play,All,circuit-royal,Lúcio,SUPPORT,47.9,3.3
Quick Play,All,circuit-royal,Mauga,TANK,48.1,3.8
Quick Play,All,circuit-royal,Mei,DAMAGE,57.0,8.1
Quick Play,All,circuit-royal,Mercy,SUPPORT,48.5,10.4
Quick Play,All,circuit-royal,Mizuki,SUPPORT,53.8,16.3
Quick Play,All,circuit-royal,Moira,SUPPORT,48.3,11.3
Quick Play,All,circuit-royal,Orisa,TANK,45.3,9.0
Quick Play,All,circuit-royal,Pharah,DAMAGE,50.5,4.4
Quick Play,All,circuit-royal,Ramattra,TANK,47.4,6.8
Quick Play,All,circuit-royal,Reaper,DAMAGE,51.5,7.4
Quick Play,All,circuit-royal,Reinhardt,TANK,49.8,7.7
Quick Play,All,circuit-royal,Roadhog,TANK,43.5,5.8
Quick Play,All,circuit-royal,Sigma,TANK,57.3,19.6
Quick Play,All,circuit-royal,Sojourn,DAMAGE,44.4,14.0
Quick Play,All,circuit-royal,Soldier: 76,DAMAGE,47.9,13.7
Quick Play,All,circuit-royal,Sombra,DAMAGE,46.8,5.4
Quick Play,All,circuit-royal,Symmetra,DAMAGE,55.6,2.4
Quick Play,All,circuit-royal,Torbjörn,DAMAGE,57.1,4.4
Quick Play,All,circuit-royal,Tracer,DAMAGE,45.0,4.1
Quick Play,All,circuit-royal,Vendetta,DAMAGE,51.8,8.1
Quick Play,All,circuit-royal,Venture,DAMAGE,52.0,2.1
Quick Play,All,circuit-royal,Widowmaker,DAMAGE,49.7,12.6
Quick Play,All,circuit-royal,Winston,TANK,46.5,5.6
Quick Play,All,circuit-royal,Wrecking Ball,TANK,51.5,2.7
Quick Play,All,circuit-royal,Wuyang,SUPPORT,51.5,13.9
Quick Play,All,circuit-royal,Zarya,TANK,47.2,5.1
Quick Play,All,circuit-royal,Zenyatta,SUPPORT,56.9,13.6
Quick Play,All,rialto,Ana,SUPPORT,47.6,43.8
Quick Play,All,rialto,Anran,DAMAGE,53.4,10.8
Quick Play,All,rialto,Ashe,DAMAGE,52.3,16.7
Quick Play,All,rialto,Baptiste,SUPPORT,46.8,6.5
Quick Play,All,rialto,Bastion,DAMAGE,49.5,10.3
Quick Play,All,rialto,Brigitte,SUPPORT,49.9,2.7
Quick Play,All,rialto,Cassidy,DAMAGE,45.5,16.0
Quick Play,All,rialto,D.Va,TANK,45.5,9.0
Quick Play,All,rialto,Domina,TANK,54.2,14.7
Quick Play,All,rialto,Doomfist,TANK,50.4,8.8
Quick Play,All,rialto,Echo,DAMAGE,50.0,5.7
Quick Play,All,rialto,Emre,DAMAGE,48.9,20.9
Quick Play,All,rialto,Freja,DAMAGE,45.6,5.9
Quick Play,All,rialto,Genji,DAMAGE,50.5,10.8
Quick Play,All,rialto,Hanzo,DAMAGE,50.0,8.9
Quick Play,All,rialto,Hazard,TANK,49.7,2.9
Quick Play,All,rialto,Illari,SUPPORT,54.4,11.3
Quick Play,All,rialto,Jetpack Cat,SUPPORT,48.6,14.2
Quick Play,All,rialto,Junker Queen,TANK,50.9,2.3
Quick Play,All,rialto,Junkrat,DAMAGE,51.8,7.5
Quick Play,All,rialto,Juno,SUPPORT,49.6,12.4
Quick Play,All,rialto,Kiriko,SUPPORT,48.0,32.3
Quick Play,All,rialto,Lifeweaver,SUPPORT,48.5,7.1
Quick Play,All,rialto,Lúcio,SUPPORT,48.9,3.8
Quick Play,All,rialto,Mauga,TANK,48.7,4.0
Quick Play,All,rialto,Mei,DAMAGE,58.6,8.3
Quick Play,All,rialto,Mercy,SUPPORT,46.5,10.2
Quick Play,All,rialto,Mizuki,SUPPORT,54.2,18.4
Quick Play,All,rialto,Moira,SUPPORT,49.1,11.6
Quick Play,All,rialto,Orisa,TANK,46.2,9.4
Quick Play,All,rialto,Pharah,DAMAGE,51.3,5.0
Quick Play,All,rialto,Ramattra,TANK,47.3,5.9
Quick Play,All,rialto,Reaper,DAMAGE,53.3,8.1
Quick Play,All,rialto,Reinhardt,TANK,52.5,7.7
Quick Play,All,rialto,Roadhog,TANK,47.7,8.3
Quick Play,All,rialto,Sigma,TANK,54.1,11.7
Quick Play,All,rialto,Sojourn,DAMAGE,44.2,12.5
Quick Play,All,rialto,Soldier: 76,DAMAGE,47.2,14.0
Quick Play,All,rialto,Sombra,DAMAGE,45.6,5.7
Quick Play,All,rialto,Symmetra,DAMAGE,52.5,2.6
Quick Play,All,rialto,Torbjörn,DAMAGE,57.0,4.3
Quick Play,All,rialto,Tracer,DAMAGE,48.8,5.8
Quick Play,All,rialto,Vendetta,DAMAGE,53.0,9.4
Quick Play,All,rialto,Venture,DAMAGE,54.1,2.4
Quick Play,All,rialto,Widowmaker,DAMAGE,47.6,8.4
Quick Play,All,rialto,Winston,TANK,49.8,6.7
Quick Play,All,rialto,Wrecking Ball,TANK,49.2,2.8
Quick Play,All,rialto,Wuyang,SUPPORT,51.9,14.0
Quick Play,All,rialto,Zarya,TANK,48.7,5.6
Quick Play,All,rialto,Zenyatta,SUPPORT,56.3,11.8
Quick Play,All,shambali-monastery,Ana,SUPPORT,46.9,41.8
Quick Play,All,shambali-monastery,Anran,DAMAGE,52.7,12.1
Quick Play,All,shambali-monastery,Ashe,DAMAGE,51.8,15.3
Quick Play,All,shambali-monastery,Baptiste,SUPPORT,46.0,6.6
Quick Play,All,shambali-monastery,Bastion,DAMAGE,50.5,9.9
Quick Play,All,shambali-monastery,Brigitte,SUPPORT,50.1,2.7
Quick Play,All,shambali-monastery,Cassidy,DAMAGE,45.9,17.0
Quick Play,All,shambali-monastery,D.Va,TANK,46.7,7.2
Quick Play,All,shambali-monastery,Domina,TANK,52.8,15.0
Quick Play,All,shambali-monastery,Doomfist,TANK,49.2,8.5
Quick Play,All,shambali-monastery,Echo,DAMAGE,52.4,5.8
Quick Play,All,shambali-monastery,Emre,DAMAGE,51.2,21.2
Quick Play,All,shambali-monastery,Freja,DAMAGE,46.5,6.4
Quick Play,All,shambali-monastery,Genji,DAMAGE,49.4,10.4
Quick Play,All,shambali-monastery,Hanzo,DAMAGE,50.5,8.8
Quick Play,All,shambali-monastery,Hazard,TANK,51.3,3.0
Quick Play,All,shambali-monastery,Illari,SUPPORT,54.6,11.6
Quick Play,All,shambali-monastery,Jetpack Cat,SUPPORT,47.6,11.3
Quick Play,All,shambali-monastery,Junker Queen,TANK,51.4,2.5
Quick Play,All,shambali-monastery,Junkrat,DAMAGE,51.4,8.0
Quick Play,All,shambali-monastery,Juno,SUPPORT,51.3,12.9
Quick Play,All,shambali-monastery,Kiriko,SUPPORT,48.4,32.7
Quick Play,All,shambali-monastery,Lifeweaver,SUPPORT,47.7,6.6
Quick Play,All,shambali-monastery,Lúcio,SUPPORT,47.0,3.8
Quick Play,All,shambali-monastery,Mauga,TANK,48.1,4.2
Quick Play,All,shambali-monastery,Mei,DAMAGE,58.1,8.5
Quick Play,All,shambali-monastery,Mercy,SUPPORT,47.5,10.4
Quick Play,All,shambali-monastery,Mizuki,SUPPORT,53.4,19.9
Quick Play,All,shambali-monastery,Moira,SUPPORT,49.0,12.9
Quick Play,All,shambali-monastery,Orisa,TANK,45.9,9.9
Quick Play,All,shambali-monastery,Pharah,DAMAGE,50.1,4.8
Quick Play,All,shambali-monastery,Ramattra,TANK,49.8,7.3
Quick Play,All,shambali-monastery,Reaper,DAMAGE,52.1,8.6
Quick Play,All,shambali-monastery,Reinhardt,TANK,51.2,7.6
Quick Play,All,shambali-monastery,Roadhog,TANK,46.5,7.2
Quick Play,All,shambali-monastery,Sigma,TANK,54.9,13.4
Quick Play,All,shambali-monastery,Sojourn,DAMAGE,43.8,13.2
Quick Play,All,shambali-monastery,Soldier: 76,DAMAGE,47.3,13.9
Quick Play,All,shambali-monastery,Sombra,DAMAGE,45.8,5.4
Quick Play,All,shambali-monastery,Symmetra,DAMAGE,56.2,2.7
Quick Play,All,shambali-monastery,Torbjörn,DAMAGE,56.7,4.4
Quick Play,All,shambali-monastery,Tracer,DAMAGE,48.0,6.0
Quick Play,All,shambali-monastery,Vendetta,DAMAGE,51.2,9.7
Quick Play,All,shambali-monastery,Venture,DAMAGE,51.8,2.6
Quick Play,All,shambali-monastery,Widowmaker,DAMAGE,43.7,5.1
Quick Play,All,shambali-monastery,Winston,TANK,48.3,5.4
Quick Play,All,shambali-monastery,Wrecking Ball,TANK,51.4,3.0
Quick Play,All,shambali-monastery,Wuyang,SUPPORT,53.0,15.1
Quick Play,All,shambali-monastery,Zarya,TANK,48.9,5.9
Quick Play,All,shambali-monastery,Zenyatta,SUPPORT,55.5,11.8
Quick Play,All,aatlis,Ana,SUPPORT,45.6,29.2
Quick Play,All,aatlis,Anran,DAMAGE,54.4,18.0
Quick Play,All,aatlis,Ashe,DAMAGE,46.8,5.6
Quick Play,All,aatlis,Baptiste,SUPPORT,44.4,5.0
Quick Play,All,aatlis,Bastion,DAMAGE,47.2,8.2
Quick Play,All,aatlis,Brigitte,SUPPORT,51.7,5.4
Quick Play,All,aatlis,Cassidy,DAMAGE,47.8,24.6
Quick Play,All,aatlis,D.Va,TANK,47.9,7.5
Quick Play,All,aatlis,Domina,TANK,50.1,10.8
Quick Play,All,aatlis,Doomfist,TANK,51.2,10.9
Quick Play,All,aatlis,Echo,DAMAGE,50.5,4.5
Quick Play,All,aatlis,Emre,DAMAGE,49.7,16.1
Quick Play,All,aatlis,Freja,DAMAGE,43.9,3.5
Quick Play,All,aatlis,Genji,DAMAGE,49.3,11.2
Quick Play,All,aatlis,Hanzo,DAMAGE,47.2,4.7
Quick Play,All,aatlis,Hazard,TANK,53.4,4.7
Quick Play,All,aatlis,Illari,SUPPORT,50.6,5.4
Quick Play,All,aatlis,Jetpack Cat,SUPPORT,51.7,10.3
Quick Play,All,aatlis,Junker Queen,TANK,57.0,5.1
Quick Play,All,aatlis,Junkrat,DAMAGE,52.1,7.3
Quick Play,All,aatlis,Juno,SUPPORT,51.2,13.1
Quick Play,All,aatlis,Kiriko,SUPPORT,47.6,39.1
Quick Play,All,aatlis,Lifeweaver,SUPPORT,47.9,4.8
Quick Play,All,aatlis,Lúcio,SUPPORT,52.2,8.2
Quick Play,All,aatlis,Mauga,TANK,53.9,5.3
Quick Play,All,aatlis,Mei,DAMAGE,53.8,8.3
Quick Play,All,aatlis,Mercy,SUPPORT,43.9,6.9
Quick Play,All,aatlis,Mizuki,SUPPORT,53.8,28.5
Quick Play,All,aatlis,Moira,SUPPORT,51.4,21.2
Quick Play,All,aatlis,Orisa,TANK,44.9,9.8
Quick Play,All,aatlis,Pharah,DAMAGE,47.6,3.8
Quick Play,All,aatlis,Ramattra,TANK,49.3,6.4
Quick Play,All,aatlis,Reaper,DAMAGE,54.7,11.9
Quick Play,All,aatlis,Reinhardt,TANK,51.2,7.9
Quick Play,All,aatlis,Roadhog,TANK,49.5,9.3
Quick Play,All,aatlis,Sigma,TANK,47.0,6.2
Quick Play,All,aatlis,Sojourn,DAMAGE,43.0,13.0
Quick Play,All,aatlis,Soldier: 76,DAMAGE,49.1,14.6
Quick Play,All,aatlis,Sombra,DAMAGE,45.9,7.0
Quick Play,All,aatlis,Symmetra,DAMAGE,55.0,2.7
Quick Play,All,aatlis,Torbjörn,DAMAGE,57.2,3.4
Quick Play,All,aatlis,Tracer,DAMAGE,53.2,12.9
Quick Play,All,aatlis,Vendetta,DAMAGE,52.0,13.6
Quick Play,All,aatlis,Venture,DAMAGE,52.2,4.2
Quick Play,All,aatlis,Widowmaker,DAMAGE,38.2,1.1
Quick Play,All,aatlis,Winston,TANK,53.4,5.3
Quick Play,All,aatlis,Wrecking Ball,TANK,48.8,3.6
Quick Play,All,aatlis,Wuyang,SUPPORT,53.4,14.8
Quick Play,All,aatlis,Zarya,TANK,47.7,7.2
Quick Play,All,aatlis,Zenyatta,SUPPORT,52.5,8.1
Quick Play,All,new-junk-city,Ana,SUPPORT,46.4,30.7
Quick Play,All,new-junk-city,Anran,DAMAGE,52.7,17.0
Quick Play,All,new-junk-city,Ashe,DAMAGE,46.9,6.1
Quick Play,All,new-junk-city,Baptiste,SUPPORT,44.3,5.2
Quick Play,All,new-junk-city,Bastion,DAMAGE,46.5,8.6
Quick Play,All,new-junk-city,Brigitte,SUPPORT,50.1,4.9
Quick Play,All,new-junk-city,Cassidy,DAMAGE,47.7,23.5
Quick Play,All,new-junk-city,D.Va,TANK,48.7,6.8
Quick Play,All,new-junk-city,Domina,TANK,49.8,10.6
Quick Play,All,new-junk-city,Doomfist,TANK,49.7,9.5
Quick Play,All,new-junk-city,Echo,DAMAGE,50.2,4.3
Quick Play,All,new-junk-city,Emre,DAMAGE,50.2,16.9
Quick Play,All,new-junk-city,Freja,DAMAGE,45.5,3.6
Quick Play,All,new-junk-city,Genji,DAMAGE,51.2,11.7
Quick Play,All,new-junk-city,Hanzo,DAMAGE,45.5,5.2
Quick Play,All,new-junk-city,Hazard,TANK,53.3,4.3
Quick Play,All,new-junk-city,Illari,SUPPORT,52.3,5.4
Quick Play,All,new-junk-city,Jetpack Cat,SUPPORT,50.0,9.9
Quick Play,All,new-junk-city,Junker Queen,TANK,56.2,7.0
Quick Play,All,new-junk-city,Junkrat,DAMAGE,53.4,8.3
Quick Play,All,new-junk-city,Juno,SUPPORT,50.9,13.7
Quick Play,All,new-junk-city,Kiriko,SUPPORT,47.7,38.6
Quick Play,All,new-junk-city,Lifeweaver,SUPPORT,49.2,5.1
Quick Play,All,new-junk-city,Lúcio,SUPPORT,51.5,8.0
Quick Play,All,new-junk-city,Mauga,TANK,51.3,5.4
Quick Play,All,new-junk-city,Mei,DAMAGE,56.0,8.6
Quick Play,All,new-junk-city,Mercy,SUPPORT,46.2,7.0
Quick Play,All,new-junk-city,Mizuki,SUPPORT,53.8,27.6
Quick Play,All,new-junk-city,Moira,SUPPORT,51.8,20.9
Quick Play,All,new-junk-city,Orisa,TANK,45.4,10.3
Quick Play,All,new-junk-city,Pharah,DAMAGE,51.1,3.5
Quick Play,All,new-junk-city,Ramattra,TANK,50.4,6.5
Quick Play,All,new-junk-city,Reaper,DAMAGE,51.0,11.0
Quick Play,All,new-junk-city,Reinhardt,TANK,51.1,8.3
Quick Play,All,new-junk-city,Roadhog,TANK,49.7,9.7
Quick Play,All,new-junk-city,Sigma,TANK,46.7,6.1
Quick Play,All,new-junk-city,Sojourn,DAMAGE,44.3,14.3
Quick Play,All,new-junk-city,Soldier: 76,DAMAGE,48.5,14.8
Quick Play,All,new-junk-city,Sombra,DAMAGE,48.9,6.6
Quick Play,All,new-junk-city,Symmetra,DAMAGE,54.4,2.8
Quick Play,All,new-junk-city,Torbjörn,DAMAGE,57.0,3.3
Quick Play,All,new-junk-city,Tracer,DAMAGE,50.7,12.1
Quick Play,All,new-junk-city,Vendetta,DAMAGE,52.7,12.9
Quick Play,All,new-junk-city,Venture,DAMAGE,52.9,3.7
Quick Play,All,new-junk-city,Widowmaker,DAMAGE,42.7,1.2
Quick Play,All,new-junk-city,Winston,TANK,52.3,4.8
Quick Play,All,new-junk-city,Wrecking Ball,TANK,52.6,3.2
Quick Play,All,new-junk-city,Wuyang,SUPPORT,52.8,14.7
Quick Play,All,new-junk-city,Zarya,TANK,48.4,7.5
Quick Play,All,new-junk-city,Zenyatta,SUPPORT,51.6,8.4
Quick Play,All,suravasa,Ana,SUPPORT,45.3,33.0
Quick Play,All,suravasa,Anran,DAMAGE,52.7,16.2
Quick Play,All,suravasa,Ashe,DAMAGE,48.9,6.5
Quick Play,All,suravasa,Baptiste,SUPPORT,46.2,5.1
Quick Play,All,suravasa,Bastion,DAMAGE,47.3,8.0
Quick Play,All,suravasa,Brigitte,SUPPORT,48.4,5.0
Quick Play,All,suravasa,Cassidy,DAMAGE,46.3,24.8
Quick Play,All,suravasa,D.Va,TANK,47.1,7.1
Quick Play,All,suravasa,Domina,TANK,52.8,10.9
Quick Play,All,suravasa,Doomfist,TANK,51.3,10.4
Quick Play,All,suravasa,Echo,DAMAGE,50.9,4.6
Quick Play,All,suravasa,Emre,DAMAGE,49.8,17.1
Quick Play,All,suravasa,Freja,DAMAGE,46.2,4.0
Quick Play,All,suravasa,Genji,DAMAGE,50.5,11.6
Quick Play,All,suravasa,Hanzo,DAMAGE,48.8,5.0
Quick Play,All,suravasa,Hazard,TANK,53.0,4.0
Quick Play,All,suravasa,Illari,SUPPORT,53.2,6.0
Quick Play,All,suravasa,Jetpack Cat,SUPPORT,50.0,11.5
Quick Play,All,suravasa,Junker Queen,TANK,55.4,5.3
Quick Play,All,suravasa,Junkrat,DAMAGE,51.5,6.2
Quick Play,All,suravasa,Juno,SUPPORT,51.1,13.4
Quick Play,All,suravasa,Kiriko,SUPPORT,47.8,38.2
Quick Play,All,suravasa,Lifeweaver,SUPPORT,47.2,5.4
Quick Play,All,suravasa,Lúcio,SUPPORT,52.6,7.3
Quick Play,All,suravasa,Mauga,TANK,52.3,5.3
Quick Play,All,suravasa,Mei,DAMAGE,56.2,8.5
Quick Play,All,suravasa,Mercy,SUPPORT,47.4,7.1
Quick Play,All,suravasa,Mizuki,SUPPORT,54.5,26.6
Quick Play,All,suravasa,Moira,SUPPORT,52.2,18.4
Quick Play,All,suravasa,Orisa,TANK,43.7,10.1
Quick Play,All,suravasa,Pharah,DAMAGE,49.8,3.7
Quick Play,All,suravasa,Ramattra,TANK,48.5,6.1
Quick Play,All,suravasa,Reaper,DAMAGE,52.0,10.6
Quick Play,All,suravasa,Reinhardt,TANK,52.1,7.8
Quick Play,All,suravasa,Roadhog,TANK,47.2,9.2
Quick Play,All,suravasa,Sigma,TANK,48.9,6.2
Quick Play,All,suravasa,Sojourn,DAMAGE,44.6,14.1
Quick Play,All,suravasa,Soldier: 76,DAMAGE,49.0,14.9
Quick Play,All,suravasa,Sombra,DAMAGE,48.6,7.4
Quick Play,All,suravasa,Symmetra,DAMAGE,56.4,2.8
Quick Play,All,suravasa,Torbjörn,DAMAGE,57.6,3.4
Quick Play,All,suravasa,Tracer,DAMAGE,50.8,13.3
Quick Play,All,suravasa,Vendetta,DAMAGE,52.8,12.5
Quick Play,All,suravasa,Venture,DAMAGE,53.3,3.4
Quick Play,All,suravasa,Widowmaker,DAMAGE,41.2,1.1
Quick Play,All,suravasa,Winston,TANK,53.5,6.3
Quick Play,All,suravasa,Wrecking Ball,TANK,51.5,4.2
Quick Play,All,suravasa,Wuyang,SUPPORT,51.5,14.8
Quick Play,All,suravasa,Zarya,TANK,47.6,7.1
Quick Play,All,suravasa,Zenyatta,SUPPORT,52.9,8.2
Quick Play,All,midtown,Ana,SUPPORT,48.3,42.4
Quick Play,All,midtown,Anran,DAMAGE,52.7,11.6
Quick Play,All,midtown,Ashe,DAMAGE,52.4,15.7
Quick Play,All,midtown,Baptiste,SUPPORT,48.3,6.9
Quick Play,All,midtown,Bastion,DAMAGE,49.2,11.0
Quick Play,All,midtown,Brigitte,SUPPORT,50.6,2.4
Quick Play,All,midtown,Cassidy,DAMAGE,47.5,17.4
Quick Play,All,midtown,D.Va,TANK,43.4,6.7
Quick Play,All,midtown,Domina,TANK,52.8,16.8
Quick Play,All,midtown,Doomfist,TANK,51.0,7.6
Quick Play,All,midtown,Echo,DAMAGE,50.0,4.7
Quick Play,All,midtown,Emre,DAMAGE,49.3,21.3
Quick Play,All,midtown,Freja,DAMAGE,45.1,5.7
Quick Play,All,midtown,Genji,DAMAGE,49.3,9.8
Quick Play,All,midtown,Hanzo,DAMAGE,50.1,9.2
Quick Play,All,midtown,Hazard,TANK,49.4,2.4
Quick Play,All,midtown,Illari,SUPPORT,55.5,12.3
Quick Play,All,midtown,Jetpack Cat,SUPPORT,45.3,8.9
Quick Play,All,midtown,Junker Queen,TANK,53.2,2.5
Quick Play,All,midtown,Junkrat,DAMAGE,50.5,7.6
Quick Play,All,midtown,Juno,SUPPORT,49.2,13.0
Quick Play,All,midtown,Kiriko,SUPPORT,47.2,32.8
Quick Play,All,midtown,Lifeweaver,SUPPORT,48.2,6.5
Quick Play,All,midtown,Lúcio,SUPPORT,48.0,3.6
Quick Play,All,midtown,Mauga,TANK,50.6,4.3
Quick Play,All,midtown,Mei,DAMAGE,56.8,9.0
Quick Play,All,midtown,Mercy,SUPPORT,47.2,9.9
Quick Play,All,midtown,Mizuki,SUPPORT,54.1,21.1
Quick Play,All,midtown,Moira,SUPPORT,49.3,13.0
Quick Play,All,midtown,Orisa,TANK,46.3,10.0
Quick Play,All,midtown,Pharah,DAMAGE,49.0,4.1
Quick Play,All,midtown,Ramattra,TANK,49.3,7.3
Quick Play,All,midtown,Reaper,DAMAGE,52.2,8.2
Quick Play,All,midtown,Reinhardt,TANK,51.5,7.9
Quick Play,All,midtown,Roadhog,TANK,47.5,7.3
Quick Play,All,midtown,Sigma,TANK,54.2,13.6
Quick Play,All,midtown,Sojourn,DAMAGE,43.9,14.0
Quick Play,All,midtown,Soldier: 76,DAMAGE,48.0,14.5
Quick Play,All,midtown,Sombra,DAMAGE,46.8,5.2
Quick Play,All,midtown,Symmetra,DAMAGE,57.8,3.8
Quick Play,All,midtown,Torbjörn,DAMAGE,59.4,5.0
Quick Play,All,midtown,Tracer,DAMAGE,47.8,6.3
Quick Play,All,midtown,Vendetta,DAMAGE,52.0,9.0
Quick Play,All,midtown,Venture,DAMAGE,52.0,2.4
Quick Play,All,midtown,Widowmaker,DAMAGE,46.2,4.5
Quick Play,All,midtown,Winston,TANK,47.1,4.5
Quick Play,All,midtown,Wrecking Ball,TANK,49.6,2.5
Quick Play,All,midtown,Wuyang,SUPPORT,51.1,14.8
Quick Play,All,midtown,Zarya,TANK,49.3,6.7
Quick Play,All,midtown,Zenyatta,SUPPORT,55.9,12.3
Quick Play,All,numbani,Ana,SUPPORT,47.9,38.9
Quick Play,All,numbani,Anran,DAMAGE,52.8,10.9
Quick Play,All,numbani,Ashe,DAMAGE,51.0,15.5
Quick Play,All,numbani,Baptiste,SUPPORT,46.5,7.1
Quick Play,All,numbani,Bastion,DAMAGE,49.6,10.1
Quick Play,All,numbani,Brigitte,SUPPORT,48.0,2.7
Quick Play,All,numbani,Cassidy,DAMAGE,46.6,17.3
Quick Play,All,numbani,D.Va,TANK,50.6,13.6
Quick Play,All,numbani,Domina,TANK,51.4,11.9
Quick Play,All,numbani,Doomfist,TANK,50.0,9.6
Quick Play,All,numbani,Echo,DAMAGE,51.8,7.0
Quick Play,All,numbani,Emre,DAMAGE,49.6,20.1
Quick Play,All,numbani,Freja,DAMAGE,45.5,6.3
Quick Play,All,numbani,Genji,DAMAGE,50.7,12.3
Quick Play,All,numbani,Hanzo,DAMAGE,50.2,7.6
Quick Play,All,numbani,Hazard,TANK,51.7,3.8
Quick Play,All,numbani,Illari,SUPPORT,54.4,9.7
Quick Play,All,numbani,Jetpack Cat,SUPPORT,48.4,14.4
Quick Play,All,numbani,Junker Queen,TANK,50.9,1.9
Quick Play,All,numbani,Junkrat,DAMAGE,51.0,7.4
Quick Play,All,numbani,Juno,SUPPORT,51.3,14.0
Quick Play,All,numbani,Kiriko,SUPPORT,48.2,35.3
Quick Play,All,numbani,Lifeweaver,SUPPORT,49.1,8.0
Quick Play,All,numbani,Lúcio,SUPPORT,50.0,4.4
Quick Play,All,numbani,Mauga,TANK,47.5,4.0
Quick Play,All,numbani,Mei,DAMAGE,55.7,7.3
Quick Play,All,numbani,Mercy,SUPPORT,48.6,12.4
Quick Play,All,numbani,Mizuki,SUPPORT,53.3,17.5
Quick Play,All,numbani,Moira,SUPPORT,49.1,12.4
Quick Play,All,numbani,Orisa,TANK,46.5,9.2
Quick Play,All,numbani,Pharah,DAMAGE,50.4,5.1
Quick Play,All,numbani,Ramattra,TANK,48.0,5.1
Quick Play,All,numbani,Reaper,DAMAGE,52.0,9.6
Quick Play,All,numbani,Reinhardt,TANK,49.8,6.4
Quick Play,All,numbani,Roadhog,TANK,44.3,6.5
Quick Play,All,numbani,Sigma,TANK,52.6,9.5
Quick Play,All,numbani,Sojourn,DAMAGE,42.7,11.2
Quick Play,All,numbani,Soldier: 76,DAMAGE,49.5,16.2
Quick Play,All,numbani,Sombra,DAMAGE,49.1,6.3
Quick Play,All,numbani,Symmetra,DAMAGE,52.9,2.9
Quick Play,All,numbani,Torbjörn,DAMAGE,56.5,4.6
Quick Play,All,numbani,Tracer,DAMAGE,49.7,5.7
Quick Play,All,numbani,Vendetta,DAMAGE,53.1,10.2
Quick Play,All,numbani,Venture,DAMAGE,49.8,2.3
Quick Play,All,numbani,Widowmaker,DAMAGE,44.4,4.0
Quick Play,All,numbani,Winston,TANK,54.8,9.8
Quick Play,All,numbani,Wrecking Ball,TANK,53.6,3.2
Quick Play,All,numbani,Wuyang,SUPPORT,51.9,13.8
Quick Play,All,numbani,Zarya,TANK,46.2,5.5
Quick Play,All,numbani,Zenyatta,SUPPORT,55.0,9.4
Quick Play,All,kings-row,Ana,SUPPORT,48.1,45.6
Quick Play,All,kings-row,Anran,DAMAGE,52.6,10.9
Quick Play,All,kings-row,Ashe,DAMAGE,51.2,13.7
Quick Play,All,kings-row,Baptiste,SUPPORT,47.0,6.9
Quick Play,All,kings-row,Bastion,DAMAGE,49.5,11.3
Quick Play,All,kings-row,Brigitte,SUPPORT,47.2,2.6
Quick Play,All,kings-row,Cassidy,DAMAGE,46.3,16.4
Quick Play,All,kings-row,D.Va,TANK,44.4,7.1
Quick Play,All,kings-row,Domina,TANK,53.5,15.1
Quick Play,All,kings-row,Doomfist,TANK,51.3,8.3
Quick Play,All,kings-row,Echo,DAMAGE,51.4,4.7
Quick Play,All,kings-row,Emre,DAMAGE,49.3,19.1
Quick Play,All,kings-row,Freja,DAMAGE,44.9,5.5
Quick Play,All,kings-row,Genji,DAMAGE,51.2,11.3
Quick Play,All,kings-row,Hanzo,DAMAGE,50.6,9.2
Quick Play,All,kings-row,Hazard,TANK,50.5,2.3
Quick Play,All,kings-row,Illari,SUPPORT,53.5,11.6
Quick Play,All,kings-row,Jetpack Cat,SUPPORT,49.1,10.0
Quick Play,All,kings-row,Junker Queen,TANK,51.2,2.3
Quick Play,All,kings-row,Junkrat,DAMAGE,51.5,9.1
Quick Play,All,kings-row,Juno,SUPPORT,50.1,11.6
Quick Play,All,kings-row,Kiriko,SUPPORT,47.6,31.5
Quick Play,All,kings-row,Lifeweaver,SUPPORT,47.3,6.2
Quick Play,All,kings-row,Lúcio,SUPPORT,48.7,4.0
Quick Play,All,kings-row,Mauga,TANK,48.0,4.0
Quick Play,All,kings-row,Mei,DAMAGE,57.1,9.9
Quick Play,All,kings-row,Mercy,SUPPORT,46.7,9.8
Quick Play,All,kings-row,Mizuki,SUPPORT,54.3,20.5
Quick Play,All,kings-row,Moira,SUPPORT,49.0,12.5
Quick Play,All,kings-row,Orisa,TANK,45.8,9.4
Quick Play,All,kings-row,Pharah,DAMAGE,52.1,5.2
Quick Play,All,kings-row,Ramattra,TANK,47.4,7.1
Quick Play,All,kings-row,Reaper,DAMAGE,52.3,8.8
Quick Play,All,kings-row,Reinhardt,TANK,52.4,10.6
Quick Play,All,kings-row,Roadhog,TANK,45.8,6.8
Quick Play,All,kings-row,Sigma,TANK,53.8,11.5
Quick Play,All,kings-row,Sojourn,DAMAGE,43.5,13.0
Quick Play,All,kings-row,Soldier: 76,DAMAGE,46.6,12.9
Quick Play,All,kings-row,Sombra,DAMAGE,46.7,4.9
Quick Play,All,kings-row,Symmetra,DAMAGE,53.4,3.7
Quick Play,All,kings-row,Torbjörn,DAMAGE,55.6,4.3
Quick Play,All,kings-row,Tracer,DAMAGE,46.3,5.4
Quick Play,All,kings-row,Vendetta,DAMAGE,51.7,9.0
Quick Play,All,kings-row,Venture,DAMAGE,51.9,2.5
Quick Play,All,kings-row,Widowmaker,DAMAGE,51.9,9.1
Quick Play,All,kings-row,Winston,TANK,50.4,5.6
Quick Play,All,kings-row,Wrecking Ball,TANK,52.2,2.4
Quick Play,All,kings-row,Wuyang,SUPPORT,51.1,14.2
Quick Play,All,kings-row,Zarya,TANK,49.5,7.3
Quick Play,All,kings-row,Zenyatta,SUPPORT,56.1,12.9
Quick Play,All,hollywood,Ana,SUPPORT,48.0,42.7
Quick Play,All,hollywood,Anran,DAMAGE,52.4,11.0
Quick Play,All,hollywood,Ashe,DAMAGE,51.5,15.7
Quick Play,All,hollywood,Baptiste,SUPPORT,46.8,6.7
Quick Play,All,hollywood,Bastion,DAMAGE,47.7,10.2
Quick Play,All,hollywood,Brigitte,SUPPORT,48.8,2.7
Quick Play,All,hollywood,Cassidy,DAMAGE,45.8,17.0
Quick Play,All,hollywood,D.Va,TANK,47.1,9.8
Quick Play,All,hollywood,Domina,TANK,52.6,14.4
Quick Play,All,hollywood,Doomfist,TANK,49.8,8.4
Quick Play,All,hollywood,Echo,DAMAGE,52.1,5.2
Quick Play,All,hollywood,Emre,DAMAGE,50.3,19.8
Quick Play,All,hollywood,Freja,DAMAGE,46.6,5.8
Quick Play,All,hollywood,Genji,DAMAGE,50.0,11.6
Quick Play,All,hollywood,Hanzo,DAMAGE,50.3,8.5
Quick Play,All,hollywood,Hazard,TANK,51.2,3.0
Quick Play,All,hollywood,Illari,SUPPORT,55.6,11.7
Quick Play,All,hollywood,Jetpack Cat,SUPPORT,46.5,10.3
Quick Play,All,hollywood,Junker Queen,TANK,51.3,2.2
Quick Play,All,hollywood,Junkrat,DAMAGE,51.8,8.4
Quick Play,All,hollywood,Juno,SUPPORT,49.8,12.6
Quick Play,All,hollywood,Kiriko,SUPPORT,46.6,33.1
Quick Play,All,hollywood,Lifeweaver,SUPPORT,48.5,6.7
Quick Play,All,hollywood,Lúcio,SUPPORT,49.0,3.9
Quick Play,All,hollywood,Mauga,TANK,49.4,4.0
Quick Play,All,hollywood,Mei,DAMAGE,57.3,8.2
Quick Play,All,hollywood,Mercy,SUPPORT,48.1,11.0
Quick Play,All,hollywood,Mizuki,SUPPORT,54.4,19.7
Quick Play,All,hollywood,Moira,SUPPORT,49.0,12.9
Quick Play,All,hollywood,Orisa,TANK,44.9,9.1
Quick Play,All,hollywood,Pharah,DAMAGE,51.8,4.8
Quick Play,All,hollywood,Ramattra,TANK,48.5,6.1
Quick Play,All,hollywood,Reaper,DAMAGE,52.1,9.5
Quick Play,All,hollywood,Reinhardt,TANK,50.6,7.5
Quick Play,All,hollywood,Roadhog,TANK,48.0,7.2
Quick Play,All,hollywood,Sigma,TANK,53.6,11.4
Quick Play,All,hollywood,Sojourn,DAMAGE,42.9,12.1
Quick Play,All,hollywood,Soldier: 76,DAMAGE,47.6,14.1
Quick Play,All,hollywood,Sombra,DAMAGE,46.6,5.7
Quick Play,All,hollywood,Symmetra,DAMAGE,55.6,3.6
Quick Play,All,hollywood,Torbjörn,DAMAGE,57.0,5.0
Quick Play,All,hollywood,Tracer,DAMAGE,48.5,5.8
Quick Play,All,hollywood,Vendetta,DAMAGE,53.3,9.7
Quick Play,All,hollywood,Venture,DAMAGE,53.0,2.5
Quick Play,All,hollywood,Widowmaker,DAMAGE,46.2,5.7
Quick Play,All,hollywood,Winston,TANK,52.1,7.9
Quick Play,All,hollywood,Wrecking Ball,TANK,52.9,2.8
Quick Play,All,hollywood,Wuyang,SUPPORT,52.1,14.6
Quick Play,All,hollywood,Zarya,TANK,48.6,6.1
Quick Play,All,hollywood,Zenyatta,SUPPORT,56.4,11.4
Quick Play,All,paraiso,Ana,SUPPORT,46.9,37.6
Quick Play,All,paraiso,Anran,DAMAGE,51.2,11.7
Quick Play,All,paraiso,Ashe,DAMAGE,53.4,15.5
Quick Play,All,paraiso,Baptiste,SUPPORT,48.0,6.7
Quick Play,All,paraiso,Bastion,DAMAGE,48.7,10.7
Quick Play,All,paraiso,Brigitte,SUPPORT,49.8,2.8
Quick Play,All,paraiso,Cassidy,DAMAGE,47.6,16.9
Quick Play,All,paraiso,D.Va,TANK,48.2,10.9
Quick Play,All,paraiso,Domina,TANK,51.6,14.1
Quick Play,All,paraiso,Doomfist,TANK,49.6,7.9
Quick Play,All,paraiso,Echo,DAMAGE,49.7,6.5
Quick Play,All,paraiso,Emre,DAMAGE,50.6,20.2
Quick Play,All,paraiso,Freja,DAMAGE,45.3,6.0
Quick Play,All,paraiso,Genji,DAMAGE,48.8,11.1
Quick Play,All,paraiso,Hanzo,DAMAGE,49.4,7.4
Quick Play,All,paraiso,Hazard,TANK,51.9,3.5
Quick Play,All,paraiso,Illari,SUPPORT,54.3,10.8
Quick Play,All,paraiso,Jetpack Cat,SUPPORT,48.2,12.1
Quick Play,All,paraiso,Junker Queen,TANK,48.1,2.3
Quick Play,All,paraiso,Junkrat,DAMAGE,53.1,7.9
Quick Play,All,paraiso,Juno,SUPPORT,51.0,14.3
Quick Play,All,paraiso,Kiriko,SUPPORT,47.4,35.1
Quick Play,All,paraiso,Lifeweaver,SUPPORT,49.9,7.2
Quick Play,All,paraiso,Lúcio,SUPPORT,47.5,4.2
Quick Play,All,paraiso,Mauga,TANK,51.1,4.2
Quick Play,All,paraiso,Mei,DAMAGE,56.6,7.8
Quick Play,All,paraiso,Mercy,SUPPORT,48.1,10.6
Quick Play,All,paraiso,Mizuki,SUPPORT,54.8,20.1
Quick Play,All,paraiso,Moira,SUPPORT,49.3,13.8
Quick Play,All,paraiso,Orisa,TANK,47.7,9.6
Quick Play,All,paraiso,Pharah,DAMAGE,50.0,5.0
Quick Play,All,paraiso,Ramattra,TANK,47.1,6.2
Quick Play,All,paraiso,Reaper,DAMAGE,51.7,9.7
Quick Play,All,paraiso,Reinhardt,TANK,50.3,6.5
Quick Play,All,paraiso,Roadhog,TANK,48.7,7.4
Quick Play,All,paraiso,Sigma,TANK,53.8,11.5
Quick Play,All,paraiso,Sojourn,DAMAGE,44.0,12.7
Quick Play,All,paraiso,Soldier: 76,DAMAGE,47.8,14.3
Quick Play,All,paraiso,Sombra,DAMAGE,46.8,5.6
Quick Play,All,paraiso,Symmetra,DAMAGE,57.0,3.2
Quick Play,All,paraiso,Torbjörn,DAMAGE,59.1,5.4
Quick Play,All,paraiso,Tracer,DAMAGE,46.5,5.8
Quick Play,All,paraiso,Vendetta,DAMAGE,50.5,10.1
Quick Play,All,paraiso,Venture,DAMAGE,54.1,2.5
Quick Play,All,paraiso,Widowmaker,DAMAGE,46.3,4.1
Quick Play,All,paraiso,Winston,TANK,51.8,7.8
Quick Play,All,paraiso,Wrecking Ball,TANK,48.1,2.8
Quick Play,All,paraiso,Wuyang,SUPPORT,51.5,14.0
Quick Play,All,paraiso,Zarya,TANK,48.2,5.3
Quick Play,All,paraiso,Zenyatta,SUPPORT,55.1,10.7
Quick Play,All,eichenwalde,Ana,SUPPORT,47.8,40.8
Quick Play,All,eichenwalde,Anran,DAMAGE,52.5,11.0
Quick Play,All,eichenwalde,Ashe,DAMAGE,50.7,12.2
Quick Play,All,eichenwalde,Baptiste,SUPPORT,46.5,6.4
Quick Play,All,eichenwalde,Bastion,DAMAGE,48.7,11.3
Quick Play,All,eichenwalde,Brigitte,SUPPORT,51.4,2.7
Quick Play,All,eichenwalde,Cassidy,DAMAGE,45.7,17.5
Quick Play,All,eichenwalde,D.Va,TANK,45.2,7.7
Quick Play,All,eichenwalde,Domina,TANK,53.8,14.7
Quick Play,All,eichenwalde,Doomfist,TANK,49.5,8.5
Quick Play,All,eichenwalde,Echo,DAMAGE,51.0,6.2
Quick Play,All,eichenwalde,Emre,DAMAGE,49.3,18.3
Quick Play,All,eichenwalde,Freja,DAMAGE,44.4,5.5
Quick Play,All,eichenwalde,Genji,DAMAGE,50.4,10.7
Quick Play,All,eichenwalde,Hanzo,DAMAGE,49.8,9.0
Quick Play,All,eichenwalde,Hazard,TANK,49.6,2.4
Quick Play,All,eichenwalde,Illari,SUPPORT,54.8,11.5
Quick Play,All,eichenwalde,Jetpack Cat,SUPPORT,50.4,14.6
Quick Play,All,eichenwalde,Junker Queen,TANK,51.7,2.3
Quick Play,All,eichenwalde,Junkrat,DAMAGE,53.6,10.6
Quick Play,All,eichenwalde,Juno,SUPPORT,50.8,12.1
Quick Play,All,eichenwalde,Kiriko,SUPPORT,46.6,31.5
Quick Play,All,eichenwalde,Lifeweaver,SUPPORT,49.3,5.9
Quick Play,All,eichenwalde,Lúcio,SUPPORT,49.0,4.2
Quick Play,All,eichenwalde,Mauga,TANK,48.8,3.9
Quick Play,All,eichenwalde,Mei,DAMAGE,58.1,8.5
Quick Play,All,eichenwalde,Mercy,SUPPORT,46.3,10.2
Quick Play,All,eichenwalde,Mizuki,SUPPORT,53.8,20.1
Quick Play,All,eichenwalde,Moira,SUPPORT,48.8,13.4
Quick Play,All,eichenwalde,Orisa,TANK,46.8,9.5
Quick Play,All,eichenwalde,Pharah,DAMAGE,51.1,6.7
Quick Play,All,eichenwalde,Ramattra,TANK,48.7,6.5
Quick Play,All,eichenwalde,Reaper,DAMAGE,52.2,9.0
Quick Play,All,eichenwalde,Reinhardt,TANK,52.6,10.5
Quick Play,All,eichenwalde,Roadhog,TANK,47.4,7.4
Quick Play,All,eichenwalde,Sigma,TANK,53.8,11.8
Quick Play,All,eichenwalde,Sojourn,DAMAGE,43.2,11.8
Quick Play,All,eichenwalde,Soldier: 76,DAMAGE,46.6,13.8
Quick Play,All,eichenwalde,Sombra,DAMAGE,45.7,5.7
Quick Play,All,eichenwalde,Symmetra,DAMAGE,57.4,4.1
Quick Play,All,eichenwalde,Torbjörn,DAMAGE,59.1,7.4
Quick Play,All,eichenwalde,Tracer,DAMAGE,47.7,5.6
Quick Play,All,eichenwalde,Vendetta,DAMAGE,51.5,9.5
Quick Play,All,eichenwalde,Venture,DAMAGE,53.3,2.5
Quick Play,All,eichenwalde,Widowmaker,DAMAGE,42.9,3.1
Quick Play,All,eichenwalde,Winston,TANK,48.1,5.3
Quick Play,All,eichenwalde,Wrecking Ball,TANK,50.9,3.0
Quick Play,All,eichenwalde,Wuyang,SUPPORT,51.5,14.2
Quick Play,All,eichenwalde,Zarya,TANK,47.9,6.4
Quick Play,All,eichenwalde,Zenyatta,SUPPORT,55.1,12.3
Quick Play,All,blizzard-world,Ana,SUPPORT,47.4,40.4
Quick Play,All,blizzard-world,Anran,DAMAGE,51.5,11.1
Quick Play,All,blizzard-world,Ashe,DAMAGE,52.5,15.2
Quick Play,All,blizzard-world,Baptiste,SUPPORT,47.2,6.4
Quick Play,All,blizzard-world,Bastion,DAMAGE,48.6,10.2
Quick Play,All,blizzard-world,Brigitte,SUPPORT,49.0,2.7
Quick Play,All,blizzard-world,Cassidy,DAMAGE,46.8,16.6
Quick Play,All,blizzard-world,D.Va,TANK,46.4,9.5
Quick Play,All,blizzard-world,Domina,TANK,54.3,13.9
Quick Play,All,blizzard-world,Doomfist,TANK,50.1,8.7
Quick Play,All,blizzard-world,Echo,DAMAGE,49.9,5.2
Quick Play,All,blizzard-world,Emre,DAMAGE,51.4,20.3
Quick Play,All,blizzard-world,Freja,DAMAGE,47.0,6.1
Quick Play,All,blizzard-world,Genji,DAMAGE,48.3,10.9
Quick Play,All,blizzard-world,Hanzo,DAMAGE,51.3,8.5
Quick Play,All,blizzard-world,Hazard,TANK,49.8,2.9
Quick Play,All,blizzard-world,Illari,SUPPORT,54.7,11.1
Quick Play,All,blizzard-world,Jetpack Cat,SUPPORT,48.9,12.9
Quick Play,All,blizzard-world,Junker Queen,TANK,49.2,2.1
Quick Play,All,blizzard-world,Junkrat,DAMAGE,50.8,7.6
Quick Play,All,blizzard-world,Juno,SUPPORT,50.4,13.6
Quick Play,All,blizzard-world,Kiriko,SUPPORT,48.1,34.2
Quick Play,All,blizzard-world,Lifeweaver,SUPPORT,48.5,7.0
Quick Play,All,blizzard-world,Lúcio,SUPPORT,49.0,3.9
Quick Play,All,blizzard-world,Mauga,TANK,48.1,4.0
Quick Play,All,blizzard-world,Mei,DAMAGE,58.6,7.8
Quick Play,All,blizzard-world,Mercy,SUPPORT,47.6,11.3
Quick Play,All,blizzard-world,Mizuki,SUPPORT,54.1,18.1
Quick Play,All,blizzard-world,Moira,SUPPORT,49.0,12.8
Quick Play,All,blizzard-world,Orisa,TANK,47.3,9.3
Quick Play,All,blizzard-world,Pharah,DAMAGE,49.0,4.9
Quick Play,All,blizzard-world,Ramattra,TANK,47.5,6.2
Quick Play,All,blizzard-world,Reaper,DAMAGE,51.1,8.9
Quick Play,All,blizzard-world,Reinhardt,TANK,51.0,7.1
Quick Play,All,blizzard-world,Roadhog,TANK,46.0,6.9
Quick Play,All,blizzard-world,Sigma,TANK,54.0,11.9
Quick Play,All,blizzard-world,Sojourn,DAMAGE,44.3,12.7
Quick Play,All,blizzard-world,Soldier: 76,DAMAGE,47.8,14.6
Quick Play,All,blizzard-world,Sombra,DAMAGE,47.9,6.7
Quick Play,All,blizzard-world,Symmetra,DAMAGE,55.1,3.1
Quick Play,All,blizzard-world,Torbjörn,DAMAGE,59.2,4.8
Quick Play,All,blizzard-world,Tracer,DAMAGE,47.4,6.9
Quick Play,All,blizzard-world,Vendetta,DAMAGE,51.0,9.3
Quick Play,All,blizzard-world,Venture,DAMAGE,52.8,2.5
Quick Play,All,blizzard-world,Widowmaker,DAMAGE,47.6,6.1
Quick Play,All,blizzard-world,Winston,TANK,51.1,8.5
Quick Play,All,blizzard-world,Wrecking Ball,TANK,50.7,3.5
Quick Play,All,blizzard-world,Wuyang,SUPPORT,52.0,14.6
Quick Play,All,blizzard-world,Zarya,TANK,48.7,5.6
Quick Play,All,blizzard-world,Zenyatta,SUPPORT,54.7,10.9
Quick Play,All,esperanca,Ana,SUPPORT,45.9,34.7
Quick Play,All,esperanca,Anran,DAMAGE,51.8,14.5
Quick Play,All,esperanca,Ashe,DAMAGE,49.1,10.7
Quick Play,All,esperanca,Baptiste,SUPPORT,46.5,5.2
Quick Play,All,esperanca,Bastion,DAMAGE,47.8,9.3
Quick Play,All,esperanca,Brigitte,SUPPORT,48.8,4.0
Quick Play,All,esperanca,Cassidy,DAMAGE,47.8,20.6
Quick Play,All,esperanca,D.Va,TANK,47.2,8.6
Quick Play,All,esperanca,Domina,TANK,52.0,12.4
Quick Play,All,esperanca,Doomfist,TANK,49.7,9.4
Quick Play,All,esperanca,Echo,DAMAGE,51.2,5.4
Quick Play,All,esperanca,Emre,DAMAGE,50.6,19.5
Quick Play,All,esperanca,Freja,DAMAGE,45.9,4.9
Quick Play,All,esperanca,Genji,DAMAGE,49.9,11.8
Quick Play,All,esperanca,Hanzo,DAMAGE,49.5,5.5
Quick Play,All,esperanca,Hazard,TANK,53.1,3.8
Quick Play,All,esperanca,Illari,SUPPORT,51.6,6.6
Quick Play,All,esperanca,Jetpack Cat,SUPPORT,49.3,12.4
Quick Play,All,esperanca,Junker Queen,TANK,53.0,3.8
Quick Play,All,esperanca,Junkrat,DAMAGE,49.7,5.7
Quick Play,All,esperanca,Juno,SUPPORT,51.9,15.6
Quick Play,All,esperanca,Kiriko,SUPPORT,48.8,37.7
Quick Play,All,esperanca,Lifeweaver,SUPPORT,45.9,6.4
Quick Play,All,esperanca,Lúcio,SUPPORT,50.1,5.8
Quick Play,All,esperanca,Mauga,TANK,49.0,5.2
Quick Play,All,esperanca,Mei,DAMAGE,55.7,7.7
Quick Play,All,esperanca,Mercy,SUPPORT,47.3,9.1
Quick Play,All,esperanca,Mizuki,SUPPORT,53.7,23.0
Quick Play,All,esperanca,Moira,SUPPORT,51.5,15.9
Quick Play,All,esperanca,Orisa,TANK,46.2,9.7
Quick Play,All,esperanca,Pharah,DAMAGE,51.0,4.2
Quick Play,All,esperanca,Ramattra,TANK,48.4,6.1
Quick Play,All,esperanca,Reaper,DAMAGE,53.0,9.4
Quick Play,All,esperanca,Reinhardt,TANK,53.9,8.0
Quick Play,All,esperanca,Roadhog,TANK,47.5,8.1
Quick Play,All,esperanca,Sigma,TANK,52.1,7.6
Quick Play,All,esperanca,Sojourn,DAMAGE,44.3,13.6
Quick Play,All,esperanca,Soldier: 76,DAMAGE,50.9,16.5
Quick Play,All,esperanca,Sombra,DAMAGE,49.9,7.5
Quick Play,All,esperanca,Symmetra,DAMAGE,52.8,1.8
Quick Play,All,esperanca,Torbjörn,DAMAGE,54.4,3.0
Quick Play,All,esperanca,Tracer,DAMAGE,51.2,11.3
Quick Play,All,esperanca,Vendetta,DAMAGE,51.5,11.8
Quick Play,All,esperanca,Venture,DAMAGE,53.0,2.5
Quick Play,All,esperanca,Widowmaker,DAMAGE,41.6,2.6
Quick Play,All,esperanca,Winston,TANK,51.7,7.3
Quick Play,All,esperanca,Wrecking Ball,TANK,52.7,4.3
Quick Play,All,esperanca,Wuyang,SUPPORT,52.9,14.6
Quick Play,All,esperanca,Zarya,TANK,46.4,5.7
Quick Play,All,esperanca,Zenyatta,SUPPORT,54.4,9.1
Quick Play,All,new-queen-street,Ana,SUPPORT,47.4,35.3
Quick Play,All,new-queen-street,Anran,DAMAGE,50.7,14.1
Quick Play,All,new-queen-street,Ashe,DAMAGE,49.6,10.7
Quick Play,All,new-queen-street,Baptiste,SUPPORT,46.0,5.3
Quick Play,All,new-queen-street,Bastion,DAMAGE,48.9,9.4
Quick Play,All,new-queen-street,Brigitte,SUPPORT,46.7,3.9
Quick Play,All,new-queen-street,Cassidy,DAMAGE,47.3,20.7
Quick Play,All,new-queen-street,D.Va,TANK,47.5,8.1
Quick Play,All,new-queen-street,Domina,TANK,53.2,12.6
Quick Play,All,new-queen-street,Doomfist,TANK,49.3,9.4
Quick Play,All,new-queen-street,Echo,DAMAGE,51.2,4.8
Quick Play,All,new-queen-street,Emre,DAMAGE,50.2,19.9
Quick Play,All,new-queen-street,Freja,DAMAGE,45.6,4.8
Quick Play,All,new-queen-street,Genji,DAMAGE,50.4,11.3
Quick Play,All,new-queen-street,Hanzo,DAMAGE,47.5,6.0
Quick Play,All,new-queen-street,Hazard,TANK,52.2,3.5
Quick Play,All,new-queen-street,Illari,SUPPORT,54.1,6.3
Quick Play,All,new-queen-street,Jetpack Cat,SUPPORT,47.0,13.4
Quick Play,All,new-queen-street,Junker Queen,TANK,53.7,4.0
Quick Play,All,new-queen-street,Junkrat,DAMAGE,46.9,5.1
Quick Play,All,new-queen-street,Juno,SUPPORT,51.3,15.7
Quick Play,All,new-queen-street,Kiriko,SUPPORT,49.2,37.0
Quick Play,All,new-queen-street,Lifeweaver,SUPPORT,47.6,6.5
Quick Play,All,new-queen-street,Lúcio,SUPPORT,49.4,5.5
Quick Play,All,new-queen-street,Mauga,TANK,49.9,5.1
Quick Play,All,new-queen-street,Mei,DAMAGE,56.4,7.5
Quick Play,All,new-queen-street,Mercy,SUPPORT,46.6,8.6
Quick Play,All,new-queen-street,Mizuki,SUPPORT,53.1,22.5
Quick Play,All,new-queen-street,Moira,SUPPORT,51.4,16.1
Quick Play,All,new-queen-street,Orisa,TANK,45.4,10.0
Quick Play,All,new-queen-street,Pharah,DAMAGE,50.1,3.9
Quick Play,All,new-queen-street,Ramattra,TANK,48.0,6.3
Quick Play,All,new-queen-street,Reaper,DAMAGE,54.6,9.0
Quick Play,All,new-queen-street,Reinhardt,TANK,53.6,8.0
Quick Play,All,new-queen-street,Roadhog,TANK,46.8,8.5
Quick Play,All,new-queen-street,Sigma,TANK,51.9,7.7
Quick Play,All,new-queen-street,Sojourn,DAMAGE,44.8,14.0
Quick Play,All,new-queen-street,Soldier: 76,DAMAGE,52.0,18.5
Quick Play,All,new-queen-street,Sombra,DAMAGE,50.7,7.8
Quick Play,All,new-queen-street,Symmetra,DAMAGE,48.6,1.6
Quick Play,All,new-queen-street,Torbjörn,DAMAGE,54.2,3.1
Quick Play,All,new-queen-street,Tracer,DAMAGE,51.3,11.4
Quick Play,All,new-queen-street,Vendetta,DAMAGE,51.4,11.1
Quick Play,All,new-queen-street,Venture,DAMAGE,53.3,2.5
Quick Play,All,new-queen-street,Widowmaker,DAMAGE,42.8,2.8
Quick Play,All,new-queen-street,Winston,TANK,51.5,6.3
Quick Play,All,new-queen-street,Wrecking Ball,TANK,51.7,4.6
Quick Play,All,new-queen-street,Wuyang,SUPPORT,53.3,14.7
Quick Play,All,new-queen-street,Zarya,TANK,48.3,5.9
Quick Play,All,new-queen-street,Zenyatta,SUPPORT,54.0,9.2
Quick Play,All,runasapi,Ana,SUPPORT,45.9,34.4
Quick Play,All,runasapi,Anran,DAMAGE,53.0,14.9
Quick Play,All,runasapi,Ashe,DAMAGE,48.1,10.1
Quick Play,All,runasapi,Baptiste,SUPPORT,45.5,5.1
Quick Play,All,runasapi,Bastion,DAMAGE,48.6,9.6
Quick Play,All,runasapi,Brigitte,SUPPORT,49.9,3.9
Quick Play,All,runasapi,Cassidy,DAMAGE,49.0,21.9
Quick Play,All,runasapi,D.Va,TANK,47.1,7.7
Quick Play,All,runasapi,Domina,TANK,53.7,12.6
Quick Play,All,runasapi,Doomfist,TANK,48.4,9.4
Quick Play,All,runasapi,Echo,DAMAGE,50.9,5.0
Quick Play,All,runasapi,Emre,DAMAGE,50.4,19.8
Quick Play,All,runasapi,Freja,DAMAGE,45.4,4.8
Quick Play,All,runasapi,Genji,DAMAGE,48.3,11.0
Quick Play,All,runasapi,Hanzo,DAMAGE,49.4,5.7
Quick Play,All,runasapi,Hazard,TANK,52.3,3.7
Quick Play,All,runasapi,Illari,SUPPORT,52.8,6.5
Quick Play,All,runasapi,Jetpack Cat,SUPPORT,48.3,12.6
Quick Play,All,runasapi,Junker Queen,TANK,53.9,4.2
Quick Play,All,runasapi,Junkrat,DAMAGE,47.6,5.4
Quick Play,All,runasapi,Juno,SUPPORT,52.1,16.5
Quick Play,All,runasapi,Kiriko,SUPPORT,48.7,37.1
Quick Play,All,runasapi,Lifeweaver,SUPPORT,46.0,6.3
Quick Play,All,runasapi,Lúcio,SUPPORT,50.5,5.5
Quick Play,All,runasapi,Mauga,TANK,50.5,5.4
Quick Play,All,runasapi,Mei,DAMAGE,56.7,7.6
Quick Play,All,runasapi,Mercy,SUPPORT,47.3,8.6
Quick Play,All,runasapi,Mizuki,SUPPORT,54.0,23.7
Quick Play,All,runasapi,Moira,SUPPORT,50.6,16.1
Quick Play,All,runasapi,Orisa,TANK,45.8,10.0
Quick Play,All,runasapi,Pharah,DAMAGE,46.8,3.9
Quick Play,All,runasapi,Ramattra,TANK,48.3,6.4
Quick Play,All,runasapi,Reaper,DAMAGE,52.3,9.0
Quick Play,All,runasapi,Reinhardt,TANK,53.4,8.2
Quick Play,All,runasapi,Roadhog,TANK,48.8,8.3
Quick Play,All,runasapi,Sigma,TANK,49.8,7.9
Quick Play,All,runasapi,Sojourn,DAMAGE,45.4,13.6
Quick Play,All,runasapi,Soldier: 76,DAMAGE,51.8,16.8
Quick Play,All,runasapi,Sombra,DAMAGE,49.9,7.4
Quick Play,All,runasapi,Symmetra,DAMAGE,49.4,1.8
Quick Play,All,runasapi,Torbjörn,DAMAGE,53.6,3.1
Quick Play,All,runasapi,Tracer,DAMAGE,51.5,11.6
Quick Play,All,runasapi,Vendetta,DAMAGE,51.6,11.5
Quick Play,All,runasapi,Venture,DAMAGE,51.4,2.9
Quick Play,All,runasapi,Widowmaker,DAMAGE,41.6,2.6
Quick Play,All,runasapi,Winston,TANK,51.4,6.2
Quick Play,All,runasapi,Wrecking Ball,TANK,52.5,4.3
Quick Play,All,runasapi,Wuyang,SUPPORT,53.7,14.8
Quick Play,All,runasapi,Zarya,TANK,46.9,5.9
Quick Play,All,runasapi,Zenyatta,SUPPORT,53.7,9.1
Quick Play,All,colosseo,Ana,SUPPORT,45.9,39.7
Quick Play,All,colosseo,Anran,DAMAGE,53.7,13.7
Quick Play,All,colosseo,Ashe,DAMAGE,48.7,12.9
Quick Play,All,colosseo,Baptiste,SUPPORT,44.4,5.4
Quick Play,All,colosseo,Bastion,DAMAGE,46.4,9.6
Quick Play,All,colosseo,Brigitte,SUPPORT,47.0,3.5
Quick Play,All,colosseo,Cassidy,DAMAGE,45.6,18.6
Quick Play,All,colosseo,D.Va,TANK,45.2,7.1
Quick Play,All,colosseo,Domina,TANK,51.3,13.4
Quick Play,All,colosseo,Doomfist,TANK,51.1,9.5
Quick Play,All,colosseo,Echo,DAMAGE,49.6,4.7
Quick Play,All,colosseo,Emre,DAMAGE,49.8,20.0
Quick Play,All,colosseo,Freja,DAMAGE,46.4,5.4
Quick Play,All,colosseo,Genji,DAMAGE,52.0,11.3
Quick Play,All,colosseo,Hanzo,DAMAGE,50.7,7.8
Quick Play,All,colosseo,Hazard,TANK,52.8,3.3
Quick Play,All,colosseo,Illari,SUPPORT,53.2,7.1
Quick Play,All,colosseo,Jetpack Cat,SUPPORT,50.9,11.4
Quick Play,All,colosseo,Junker Queen,TANK,55.2,3.8
Quick Play,All,colosseo,Junkrat,DAMAGE,50.9,5.9
Quick Play,All,colosseo,Juno,SUPPORT,50.2,14.8
Quick Play,All,colosseo,Kiriko,SUPPORT,48.0,35.4
Quick Play,All,colosseo,Lifeweaver,SUPPORT,48.0,6.7
Quick Play,All,colosseo,Lúcio,SUPPORT,52.4,5.2
Quick Play,All,colosseo,Mauga,TANK,50.2,4.9
Quick Play,All,colosseo,Mei,DAMAGE,55.2,7.9
Quick Play,All,colosseo,Mercy,SUPPORT,48.3,8.9
Quick Play,All,colosseo,Mizuki,SUPPORT,54.3,22.1
Quick Play,All,colosseo,Moira,SUPPORT,50.1,14.8
Quick Play,All,colosseo,Orisa,TANK,44.3,9.9
Quick Play,All,colosseo,Pharah,DAMAGE,49.6,4.1
Quick Play,All,colosseo,Ramattra,TANK,47.5,6.7
Quick Play,All,colosseo,Reaper,DAMAGE,53.4,8.9
Quick Play,All,colosseo,Reinhardt,TANK,53.7,8.5
Quick Play,All,colosseo,Roadhog,TANK,50.2,7.8
Quick Play,All,colosseo,Sigma,TANK,50.5,9.0
Quick Play,All,colosseo,Sojourn,DAMAGE,45.8,13.5
Quick Play,All,colosseo,Soldier: 76,DAMAGE,48.6,14.9
Quick Play,All,colosseo,Sombra,DAMAGE,49.6,7.1
Quick Play,All,colosseo,Symmetra,DAMAGE,51.0,1.7
Quick Play,All,colosseo,Torbjörn,DAMAGE,54.5,3.3
Quick Play,All,colosseo,Tracer,DAMAGE,52.8,10.1
Quick Play,All,colosseo,Vendetta,DAMAGE,52.5,11.3
Quick Play,All,colosseo,Venture,DAMAGE,55.2,2.6
Quick Play,All,colosseo,Widowmaker,DAMAGE,45.6,4.8
Quick Play,All,colosseo,Winston,TANK,53.6,6.1
Quick Play,All,colosseo,Wrecking Ball,TANK,51.9,4.1
Quick Play,All,colosseo,Wuyang,SUPPORT,53.9,14.5
Quick Play,All,colosseo,Zarya,TANK,46.7,6.0
Quick Play,All,colosseo,Zenyatta,SUPPORT,53.3,10.6
Competitive,Bronze,all-maps,Ana,SUPPORT,48.2,25.2
Competitive,Bronze,all-maps,Anran,DAMAGE,51.5,10.9
Competitive,Bronze,all-maps,Ashe,DAMAGE,50.2,12.2
Competitive,Bronze,all-maps,Baptiste,SUPPORT,45.0,5.9
Competitive,Bronze,all-maps,Bastion,DAMAGE,48.4,16.6
Competitive,Bronze,all-maps,Brigitte,SUPPORT,50.6,2.3
Competitive,Bronze,all-maps,Cassidy,DAMAGE,48.8,13.9
Competitive,Bronze,all-maps,D.Va,TANK,47.4,10.4
Competitive,Bronze,all-maps,Domina,TANK,52.3,8.8
Competitive,Bronze,all-maps,Doomfist,TANK,50.9,3.6
Competitive,Bronze,all-maps,Echo,DAMAGE,49.9,5.0
Competitive,Bronze,all-maps,Emre,DAMAGE,50.0,18.1
Competitive,Bronze,all-maps,Freja,DAMAGE,48.5,4.5
Competitive,Bronze,all-maps,Genji,DAMAGE,51.6,8.1
Competitive,Bronze,all-maps,Hanzo,DAMAGE,50.1,5.7
Competitive,Bronze,all-maps,Hazard,TANK,50.0,2.3
Competitive,Bronze,all-maps,Illari,SUPPORT,53.2,12.4
Competitive,Bronze,all-maps,Jetpack Cat,SUPPORT,50.8,3.2
Competitive,Bronze,all-maps,Junker Queen,TANK,51.5,2.0
Competitive,Bronze,all-maps,Junkrat,DAMAGE,48.3,9.9
Competitive,Bronze,all-maps,Juno,SUPPORT,49.3,20.7
Competitive,Bronze,all-maps,Kiriko,SUPPORT,48.6,39.7
Competitive,Bronze,all-maps,Lifeweaver,SUPPORT,44.0,3.6
Competitive,Bronze,all-maps,Lúcio,SUPPORT,47.7,7.2
Competitive,Bronze,all-maps,Mauga,TANK,47.8,4.8
Competitive,Bronze,all-maps,Mei,DAMAGE,51.1,7.0
Competitive,Bronze,all-maps,Mercy,SUPPORT,46.1,10.5
Competitive,Bronze,all-maps,Mizuki,SUPPORT,53.7,18.2
Competitive,Bronze,all-maps,Moira,SUPPORT,49.0,26.7
Competitive,Bronze,all-maps,Orisa,TANK,46.6,14.4
Competitive,Bronze,all-maps,Pharah,DAMAGE,51.8,7.6
Competitive,Bronze,all-maps,Ramattra,TANK,48.1,9.3
Competitive,Bronze,all-maps,Reaper,DAMAGE,52.5,13.9
Competitive,Bronze,all-maps,Reinhardt,TANK,50.6,8.1
Competitive,Bronze,all-maps,Roadhog,TANK,48.7,5.8
Competitive,Bronze,all-maps,Sigma,TANK,52.4,15.9
Competitive,Bronze,all-maps,Sojourn,DAMAGE,44.0,19.4
Competitive,Bronze,all-maps,Soldier: 76,DAMAGE,48.8,20.2
Competitive,Bronze,all-maps,Sombra,DAMAGE,50.6,2.9
Competitive,Bronze,all-maps,Symmetra,DAMAGE,55.1,4.0
Competitive,Bronze,all-maps,Torbjörn,DAMAGE,50.3,4.8
Competitive,Bronze,all-maps,Tracer,DAMAGE,49.5,5.5
Competitive,Bronze,all-maps,Vendetta,DAMAGE,54.2,3.0
Competitive,Bronze,all-maps,Venture,DAMAGE,52.4,3.2
Competitive,Bronze,all-maps,Widowmaker,DAMAGE,47.0,3.8
Competitive,Bronze,all-maps,Winston,TANK,51.0,6.3
Competitive,Bronze,all-maps,Wrecking Ball,TANK,49.5,2.5
Competitive,Bronze,all-maps,Wuyang,SUPPORT,52.1,13.7
Competitive,Bronze,all-maps,Zarya,TANK,50.8,5.9
Competitive,Bronze,all-maps,Zenyatta,SUPPORT,51.8,10.7
Competitive,Bronze,ilios,Ana,SUPPORT,48.1,20.2
Competitive,Bronze,ilios,Anran,DAMAGE,53.8,12.9
Competitive,Bronze,ilios,Ashe,DAMAGE,50.0,8.8
Competitive,Bronze,ilios,Baptiste,SUPPORT,43.8,4.1
Competitive,Bronze,ilios,Bastion,DAMAGE,48.1,13.1
Competitive,Bronze,ilios,Brigitte,SUPPORT,47.0,3.5
Competitive,Bronze,ilios,Cassidy,DAMAGE,46.2,15.0
Competitive,Bronze,ilios,D.Va,TANK,45.9,10.2
Competitive,Bronze,ilios,Domina,TANK,57.4,8.4
Competitive,Bronze,ilios,Doomfist,TANK,52.3,4.6
Competitive,Bronze,ilios,Echo,DAMAGE,48.4,7.0
Competitive,Bronze,ilios,Emre,DAMAGE,46.6,15.8
Competitive,Bronze,ilios,Freja,DAMAGE,47.9,4.5
Competitive,Bronze,ilios,Genji,DAMAGE,52.7,9.2
Competitive,Bronze,ilios,Hanzo,DAMAGE,44.4,4.4
Competitive,Bronze,ilios,Hazard,TANK,49.7,2.4
Competitive,Bronze,ilios,Illari,SUPPORT,52.4,9.0
Competitive,Bronze,ilios,Jetpack Cat,SUPPORT,54.9,4.5
Competitive,Bronze,ilios,Junker Queen,TANK,55.1,2.3
Competitive,Bronze,ilios,Junkrat,DAMAGE,51.5,10.4
Competitive,Bronze,ilios,Juno,SUPPORT,51.4,22.0
Competitive,Bronze,ilios,Kiriko,SUPPORT,48.1,38.1
Competitive,Bronze,ilios,Lifeweaver,SUPPORT,47.9,3.9
Competitive,Bronze,ilios,Lúcio,SUPPORT,50.1,14.1
Competitive,Bronze,ilios,Mauga,TANK,55.4,5.1
Competitive,Bronze,ilios,Mei,DAMAGE,50.4,6.5
Competitive,Bronze,ilios,Mercy,SUPPORT,46.2,10.0
Competitive,Bronze,ilios,Mizuki,SUPPORT,54.2,18.8
Competitive,Bronze,ilios,Moira,SUPPORT,49.6,28.4
Competitive,Bronze,ilios,Orisa,TANK,46.8,14.1
Competitive,Bronze,ilios,Pharah,DAMAGE,55.3,12.6
Competitive,Bronze,ilios,Ramattra,TANK,49.2,8.1
Competitive,Bronze,ilios,Reaper,DAMAGE,56.7,16.5
Competitive,Bronze,ilios,Reinhardt,TANK,49.9,7.2
Competitive,Bronze,ilios,Roadhog,TANK,49.8,11.0
Competitive,Bronze,ilios,Sigma,TANK,48.7,11.5
Competitive,Bronze,ilios,Sojourn,DAMAGE,43.2,17.0
Competitive,Bronze,ilios,Soldier: 76,DAMAGE,49.0,18.9
Competitive,Bronze,ilios,Sombra,DAMAGE,50.7,3.0
Competitive,Bronze,ilios,Symmetra,DAMAGE,57.4,4.3
Competitive,Bronze,ilios,Torbjörn,DAMAGE,53.1,3.9
Competitive,Bronze,ilios,Tracer,DAMAGE,51.4,6.6
Competitive,Bronze,ilios,Vendetta,DAMAGE,52.1,3.4
Competitive,Bronze,ilios,Venture,DAMAGE,49.2,3.9
Competitive,Bronze,ilios,Widowmaker,DAMAGE,42.0,2.4
Competitive,Bronze,ilios,Winston,TANK,52.2,6.2
Competitive,Bronze,ilios,Wrecking Ball,TANK,48.2,2.8
Competitive,Bronze,ilios,Wuyang,SUPPORT,50.9,13.8
Competitive,Bronze,ilios,Zarya,TANK,49.0,6.1
Competitive,Bronze,ilios,Zenyatta,SUPPORT,52.2,9.6
Competitive,Bronze,nepal,Ana,SUPPORT,48.4,22.8
Competitive,Bronze,nepal,Anran,DAMAGE,54.2,12.9
Competitive,Bronze,nepal,Ashe,DAMAGE,53.7,8.9
Competitive,Bronze,nepal,Baptiste,SUPPORT,50.3,6.0
Competitive,Bronze,nepal,Bastion,DAMAGE,49.3,13.2
Competitive,Bronze,nepal,Brigitte,SUPPORT,50.5,3.1
Competitive,Bronze,nepal,Cassidy,DAMAGE,51.1,16.0
Competitive,Bronze,nepal,D.Va,TANK,47.3,9.7
Competitive,Bronze,nepal,Domina,TANK,53.6,8.8
Competitive,Bronze,nepal,Doomfist,TANK,52.7,4.3
Competitive,Bronze,nepal,Echo,DAMAGE,48.1,4.9
Competitive,Bronze,nepal,Emre,DAMAGE,51.5,17.2
Competitive,Bronze,nepal,Freja,DAMAGE,39.7,4.5
Competitive,Bronze,nepal,Genji,DAMAGE,49.0,9.4
Competitive,Bronze,nepal,Hanzo,DAMAGE,51.2,4.9
Competitive,Bronze,nepal,Hazard,TANK,47.4,2.7
Competitive,Bronze,nepal,Illari,SUPPORT,53.0,9.9
Competitive,Bronze,nepal,Jetpack Cat,SUPPORT,51.1,3.7
Competitive,Bronze,nepal,Junker Queen,TANK,50.5,2.4
Competitive,Bronze,nepal,Junkrat,DAMAGE,53.1,11.1
Competitive,Bronze,nepal,Juno,SUPPORT,51.2,20.5
Competitive,Bronze,nepal,Kiriko,SUPPORT,49.2,39.1
Competitive,Bronze,nepal,Lifeweaver,SUPPORT,44.9,3.8
Competitive,Bronze,nepal,Lúcio,SUPPORT,47.9,9.5
Competitive,Bronze,nepal,Mauga,TANK,41.5,4.8
Competitive,Bronze,nepal,Mei,DAMAGE,50.6,7.7
Competitive,Bronze,nepal,Mercy,SUPPORT,43.0,10.0
Competitive,Bronze,nepal,Mizuki,SUPPORT,55.7,18.8
Competitive,Bronze,nepal,Moira,SUPPORT,50.2,29.1
Competitive,Bronze,nepal,Orisa,TANK,43.9,14.2
Competitive,Bronze,nepal,Pharah,DAMAGE,51.4,6.6
Competitive,Bronze,nepal,Ramattra,TANK,45.4,8.4
Competitive,Bronze,nepal,Reaper,DAMAGE,51.5,15.6
Competitive,Bronze,nepal,Reinhardt,TANK,54.9,8.9
Competitive,Bronze,nepal,Roadhog,TANK,54.3,8.3
Competitive,Bronze,nepal,Sigma,TANK,51.9,13.1
Competitive,Bronze,nepal,Sojourn,DAMAGE,45.1,18.2
Competitive,Bronze,nepal,Soldier: 76,DAMAGE,46.1,20.9
Competitive,Bronze,nepal,Sombra,DAMAGE,54.8,3.5
Competitive,Bronze,nepal,Symmetra,DAMAGE,60.4,5.6
Competitive,Bronze,nepal,Torbjörn,DAMAGE,48.2,3.5
Competitive,Bronze,nepal,Tracer,DAMAGE,47.4,6.6
Competitive,Bronze,nepal,Vendetta,DAMAGE,53.3,3.3
Competitive,Bronze,nepal,Venture,DAMAGE,45.9,3.3
Competitive,Bronze,nepal,Widowmaker,DAMAGE,38.4,1.9
Competitive,Bronze,nepal,Winston,TANK,52.1,5.7
Competitive,Bronze,nepal,Wrecking Ball,TANK,52.2,2.4
Competitive,Bronze,nepal,Wuyang,SUPPORT,50.1,13.9
Competitive,Bronze,nepal,Zarya,TANK,56.1,6.5
Competitive,Bronze,nepal,Zenyatta,SUPPORT,49.4,9.9
Competitive,Bronze,lijiang-tower,Ana,SUPPORT,48.0,21.9
Competitive,Bronze,lijiang-tower,Anran,DAMAGE,51.4,12.8
Competitive,Bronze,lijiang-tower,Ashe,DAMAGE,46.7,7.7
Competitive,Bronze,lijiang-tower,Baptiste,SUPPORT,43.7,4.8
Competitive,Bronze,lijiang-tower,Bastion,DAMAGE,47.9,14.6
Competitive,Bronze,lijiang-tower,Brigitte,SUPPORT,58.4,3.1
Competitive,Bronze,lijiang-tower,Cassidy,DAMAGE,45.5,15.8
Competitive,Bronze,lijiang-tower,D.Va,TANK,44.1,9.8
Competitive,Bronze,lijiang-tower,Domina,TANK,51.6,7.9
Competitive,Bronze,lijiang-tower,Doomfist,TANK,53.5,4.6
Competitive,Bronze,lijiang-tower,Echo,DAMAGE,48.3,4.8
Competitive,Bronze,lijiang-tower,Emre,DAMAGE,46.1,15.6
Competitive,Bronze,lijiang-tower,Freja,DAMAGE,47.1,4.0
Competitive,Bronze,lijiang-tower,Genji,DAMAGE,53.2,8.9
Competitive,Bronze,lijiang-tower,Hanzo,DAMAGE,46.8,5.4
Competitive,Bronze,lijiang-tower,Hazard,TANK,54.5,2.6
Competitive,Bronze,lijiang-tower,Illari,SUPPORT,53.9,10.2
Competitive,Bronze,lijiang-tower,Jetpack Cat,SUPPORT,55.6,4.3
Competitive,Bronze,lijiang-tower,Junker Queen,TANK,52.7,2.5
Competitive,Bronze,lijiang-tower,Junkrat,DAMAGE,49.9,11.3
Competitive,Bronze,lijiang-tower,Juno,SUPPORT,47.5,19.6
Competitive,Bronze,lijiang-tower,Kiriko,SUPPORT,48.4,38.9
Competitive,Bronze,lijiang-tower,Lifeweaver,SUPPORT,40.6,3.6
Competitive,Bronze,lijiang-tower,Lúcio,SUPPORT,52.4,11.9
Competitive,Bronze,lijiang-tower,Mauga,TANK,46.6,5.0
Competitive,Bronze,lijiang-tower,Mei,DAMAGE,54.0,7.7
Competitive,Bronze,lijiang-tower,Mercy,SUPPORT,44.7,9.4
Competitive,Bronze,lijiang-tower,Mizuki,SUPPORT,55.5,19.2
Competitive,Bronze,lijiang-tower,Moira,SUPPORT,50.6,29.2
Competitive,Bronze,lijiang-tower,Orisa,TANK,50.2,14.6
Competitive,Bronze,lijiang-tower,Pharah,DAMAGE,56.9,9.2
Competitive,Bronze,lijiang-tower,Ramattra,TANK,49.1,8.8
Competitive,Bronze,lijiang-tower,Reaper,DAMAGE,54.8,15.5
Competitive,Bronze,lijiang-tower,Reinhardt,TANK,57.5,9.0
Competitive,Bronze,lijiang-tower,Roadhog,TANK,50.0,7.0
Competitive,Bronze,lijiang-tower,Sigma,TANK,47.3,12.8
Competitive,Bronze,lijiang-tower,Sojourn,DAMAGE,48.4,18.5
Competitive,Bronze,lijiang-tower,Soldier: 76,DAMAGE,50.1,19.9
Competitive,Bronze,lijiang-tower,Sombra,DAMAGE,45.6,2.8
Competitive,Bronze,lijiang-tower,Symmetra,DAMAGE,58.9,5.9
Competitive,Bronze,lijiang-tower,Torbjörn,DAMAGE,58.7,3.6
Competitive,Bronze,lijiang-tower,Tracer,DAMAGE,46.3,6.7
Competitive,Bronze,lijiang-tower,Vendetta,DAMAGE,52.6,3.6
Competitive,Bronze,lijiang-tower,Venture,DAMAGE,50.1,3.7
Competitive,Bronze,lijiang-tower,Widowmaker,DAMAGE,34.4,1.9
Competitive,Bronze,lijiang-tower,Winston,TANK,46.9,5.2
Competitive,Bronze,lijiang-tower,Wrecking Ball,TANK,51.7,3.0
Competitive,Bronze,lijiang-tower,Wuyang,SUPPORT,46.8,13.9
Competitive,Bronze,lijiang-tower,Zarya,TANK,50.4,7.3
Competitive,Bronze,lijiang-tower,Zenyatta,SUPPORT,54.3,10.0
Competitive,Bronze,oasis,Ana,SUPPORT,45.9,20.6
Competitive,Bronze,oasis,Anran,DAMAGE,51.0,14.3
Competitive,Bronze,oasis,Ashe,DAMAGE,46.3,8.8
Competitive,Bronze,oasis,Baptiste,SUPPORT,46.3,5.8
Competitive,Bronze,oasis,Bastion,DAMAGE,50.4,14.1
Competitive,Bronze,oasis,Brigitte,SUPPORT,49.1,2.8
Competitive,Bronze,oasis,Cassidy,DAMAGE,50.9,17.2
Competitive,Bronze,oasis,D.Va,TANK,50.1,9.9
Competitive,Bronze,oasis,Domina,TANK,51.8,8.1
Competitive,Bronze,oasis,Doomfist,TANK,49.6,3.3
Competitive,Bronze,oasis,Echo,DAMAGE,53.7,4.8
Competitive,Bronze,oasis,Emre,DAMAGE,49.5,16.3
Competitive,Bronze,oasis,Freja,DAMAGE,43.7,3.7
Competitive,Bronze,oasis,Genji,DAMAGE,49.7,9.3
Competitive,Bronze,oasis,Hanzo,DAMAGE,47.9,3.9
Competitive,Bronze,oasis,Hazard,TANK,52.7,3.2
Competitive,Bronze,oasis,Illari,SUPPORT,53.1,10.3
Competitive,Bronze,oasis,Jetpack Cat,SUPPORT,51.2,2.5
Competitive,Bronze,oasis,Junker Queen,TANK,58.3,2.7
Competitive,Bronze,oasis,Junkrat,DAMAGE,48.4,8.6
Competitive,Bronze,oasis,Juno,SUPPORT,49.0,22.4
Competitive,Bronze,oasis,Kiriko,SUPPORT,50.4,38.7
Competitive,Bronze,oasis,Lifeweaver,SUPPORT,38.0,4.0
Competitive,Bronze,oasis,Lúcio,SUPPORT,42.8,7.5
Competitive,Bronze,oasis,Mauga,TANK,50.9,5.0
Competitive,Bronze,oasis,Mei,DAMAGE,52.8,7.7
Competitive,Bronze,oasis,Mercy,SUPPORT,43.4,9.3
Competitive,Bronze,oasis,Mizuki,SUPPORT,56.4,21.4
Competitive,Bronze,oasis,Moira,SUPPORT,50.8,30.7
Competitive,Bronze,oasis,Orisa,TANK,45.1,14.0
Competitive,Bronze,oasis,Pharah,DAMAGE,56.3,7.9
Competitive,Bronze,oasis,Ramattra,TANK,47.3,9.7
Competitive,Bronze,oasis,Reaper,DAMAGE,52.5,14.9
Competitive,Bronze,oasis,Reinhardt,TANK,50.0,8.3
Competitive,Bronze,oasis,Roadhog,TANK,52.9,6.8
Competitive,Bronze,oasis,Sigma,TANK,51.7,13.3
Competitive,Bronze,oasis,Sojourn,DAMAGE,42.8,19.9
Competitive,Bronze,oasis,Soldier: 76,DAMAGE,49.5,21.5
Competitive,Bronze,oasis,Sombra,DAMAGE,56.6,3.0
Competitive,Bronze,oasis,Symmetra,DAMAGE,55.2,4.3
Competitive,Bronze,oasis,Torbjörn,DAMAGE,53.3,4.6
Competitive,Bronze,oasis,Tracer,DAMAGE,48.7,6.9
Competitive,Bronze,oasis,Vendetta,DAMAGE,52.4,3.1
Competitive,Bronze,oasis,Venture,DAMAGE,55.0,3.6
Competitive,Bronze,oasis,Widowmaker,DAMAGE,43.7,1.6
Competitive,Bronze,oasis,Winston,TANK,49.8,5.9
Competitive,Bronze,oasis,Wrecking Ball,TANK,45.4,2.9
Competitive,Bronze,oasis,Wuyang,SUPPORT,57.8,14.1
Competitive,Bronze,oasis,Zarya,TANK,52.3,6.9
Competitive,Bronze,oasis,Zenyatta,SUPPORT,50.4,9.8
Competitive,Bronze,samoa,Ana,SUPPORT,47.3,21.8
Competitive,Bronze,samoa,Anran,DAMAGE,50.0,14.2
Competitive,Bronze,samoa,Ashe,DAMAGE,47.3,9.2
Competitive,Bronze,samoa,Baptiste,SUPPORT,46.7,6.0
Competitive,Bronze,samoa,Bastion,DAMAGE,47.7,14.4
Competitive,Bronze,samoa,Brigitte,SUPPORT,54.6,3.5
Competitive,Bronze,samoa,Cassidy,DAMAGE,48.1,16.4
Competitive,Bronze,samoa,D.Va,TANK,45.7,9.5
Competitive,Bronze,samoa,Domina,TANK,54.5,9.2
Competitive,Bronze,samoa,Doomfist,TANK,43.0,4.0
Competitive,Bronze,samoa,Echo,DAMAGE,49.2,4.8
Competitive,Bronze,samoa,Emre,DAMAGE,54.1,18.2
Competitive,Bronze,samoa,Freja,DAMAGE,48.9,4.1
Competitive,Bronze,samoa,Genji,DAMAGE,48.2,7.3
Competitive,Bronze,samoa,Hanzo,DAMAGE,56.5,4.5
Competitive,Bronze,samoa,Hazard,TANK,45.6,2.8
Competitive,Bronze,samoa,Illari,SUPPORT,57.9,9.6
Competitive,Bronze,samoa,Jetpack Cat,SUPPORT,44.0,2.4
Competitive,Bronze,samoa,Junker Queen,TANK,55.4,2.7
Competitive,Bronze,samoa,Junkrat,DAMAGE,50.1,8.0
Competitive,Bronze,samoa,Juno,SUPPORT,50.9,22.2
Competitive,Bronze,samoa,Kiriko,SUPPORT,46.1,42.3
Competitive,Bronze,samoa,Lifeweaver,SUPPORT,50.8,3.9
Competitive,Bronze,samoa,Lúcio,SUPPORT,54.1,6.0
Competitive,Bronze,samoa,Mauga,TANK,43.3,5.4
Competitive,Bronze,samoa,Mei,DAMAGE,51.5,7.9
Competitive,Bronze,samoa,Mercy,SUPPORT,41.0,8.4
Competitive,Bronze,samoa,Mizuki,SUPPORT,56.4,20.6
Competitive,Bronze,samoa,Moira,SUPPORT,50.0,29.9
Competitive,Bronze,samoa,Orisa,TANK,47.8,15.2
Competitive,Bronze,samoa,Pharah,DAMAGE,48.6,5.9
Competitive,Bronze,samoa,Ramattra,TANK,52.0,9.1
Competitive,Bronze,samoa,Reaper,DAMAGE,56.9,15.9
Competitive,Bronze,samoa,Reinhardt,TANK,53.7,7.6
Competitive,Bronze,samoa,Roadhog,TANK,50.6,6.4
Competitive,Bronze,samoa,Sigma,TANK,51.0,13.7
Competitive,Bronze,samoa,Sojourn,DAMAGE,46.7,21.5
Competitive,Bronze,samoa,Soldier: 76,DAMAGE,47.9,21.1
Competitive,Bronze,samoa,Sombra,DAMAGE,52.2,3.1
Competitive,Bronze,samoa,Symmetra,DAMAGE,54.3,4.0
Competitive,Bronze,samoa,Torbjörn,DAMAGE,49.3,4.3
Competitive,Bronze,samoa,Tracer,DAMAGE,46.2,7.1
Competitive,Bronze,samoa,Vendetta,DAMAGE,58.2,2.8
Competitive,Bronze,samoa,Venture,DAMAGE,51.3,3.4
Competitive,Bronze,samoa,Widowmaker,DAMAGE,43.9,2.0
Competitive,Bronze,samoa,Winston,TANK,52.4,6.2
Competitive,Bronze,samoa,Wrecking Ball,TANK,52.0,2.0
Competitive,Bronze,samoa,Wuyang,SUPPORT,51.6,13.9
Competitive,Bronze,samoa,Zarya,TANK,53.1,6.4
Competitive,Bronze,samoa,Zenyatta,SUPPORT,47.6,9.5
Competitive,Bronze,busan,Ana,SUPPORT,43.3,23.1
Competitive,Bronze,busan,Anran,DAMAGE,50.9,10.7
Competitive,Bronze,busan,Ashe,DAMAGE,54.4,11.4
Competitive,Bronze,busan,Baptiste,SUPPORT,47.5,5.6
Competitive,Bronze,busan,Bastion,DAMAGE,50.1,14.1
Competitive,Bronze,busan,Brigitte,SUPPORT,50.7,2.7
Competitive,Bronze,busan,Cassidy,DAMAGE,46.9,16.6
Competitive,Bronze,busan,D.Va,TANK,46.9,11.4
Competitive,Bronze,busan,Domina,TANK,51.0,8.9
Competitive,Bronze,busan,Doomfist,TANK,48.7,3.8
Competitive,Bronze,busan,Echo,DAMAGE,48.0,5.2
Competitive,Bronze,busan,Emre,DAMAGE,52.7,18.9
Competitive,Bronze,busan,Freja,DAMAGE,43.5,4.0
Competitive,Bronze,busan,Genji,DAMAGE,49.6,8.4
Competitive,Bronze,busan,Hanzo,DAMAGE,49.1,5.2
Competitive,Bronze,busan,Hazard,TANK,53.0,2.6
Competitive,Bronze,busan,Illari,SUPPORT,57.6,9.3
Competitive,Bronze,busan,Jetpack Cat,SUPPORT,54.1,3.4
Competitive,Bronze,busan,Junker Queen,TANK,56.7,2.0
Competitive,Bronze,busan,Junkrat,DAMAGE,44.8,8.7
Competitive,Bronze,busan,Juno,SUPPORT,48.2,21.8
Competitive,Bronze,busan,Kiriko,SUPPORT,45.8,39.7
Competitive,Bronze,busan,Lifeweaver,SUPPORT,41.7,3.6
Competitive,Bronze,busan,Lúcio,SUPPORT,50.5,7.6
Competitive,Bronze,busan,Mauga,TANK,47.6,5.8
Competitive,Bronze,busan,Mei,DAMAGE,51.1,7.3
Competitive,Bronze,busan,Mercy,SUPPORT,50.1,11.0
Competitive,Bronze,busan,Mizuki,SUPPORT,53.9,19.2
Competitive,Bronze,busan,Moira,SUPPORT,52.5,28.2
Competitive,Bronze,busan,Orisa,TANK,47.2,13.3
Competitive,Bronze,busan,Pharah,DAMAGE,50.6,6.1
Competitive,Bronze,busan,Ramattra,TANK,54.4,9.4
Competitive,Bronze,busan,Reaper,DAMAGE,52.7,14.2
Competitive,Bronze,busan,Reinhardt,TANK,53.8,8.2
Competitive,Bronze,busan,Roadhog,TANK,48.4,6.1
Competitive,Bronze,busan,Sigma,TANK,51.1,13.0
Competitive,Bronze,busan,Sojourn,DAMAGE,42.9,18.6
Competitive,Bronze,busan,Soldier: 76,DAMAGE,55.6,22.6
Competitive,Bronze,busan,Sombra,DAMAGE,44.6,3.7
Competitive,Bronze,busan,Symmetra,DAMAGE,53.8,3.2
Competitive,Bronze,busan,Torbjörn,DAMAGE,51.6,3.8
Competitive,Bronze,busan,Tracer,DAMAGE,46.7,7.0
Competitive,Bronze,busan,Vendetta,DAMAGE,49.3,4.2
Competitive,Bronze,busan,Venture,DAMAGE,56.7,3.2
Competitive,Bronze,busan,Widowmaker,DAMAGE,50.9,3.2
Competitive,Bronze,busan,Winston,TANK,51.1,7.1
Competitive,Bronze,busan,Wrecking Ball,TANK,42.0,2.8
Competitive,Bronze,busan,Wuyang,SUPPORT,53.5,14.9
Competitive,Bronze,busan,Zarya,TANK,50.1,5.7
Competitive,Bronze,busan,Zenyatta,SUPPORT,54.1,9.8
Competitive,Bronze,route-66,Ana,SUPPORT,48.4,26.1
Competitive,Bronze,route-66,Anran,DAMAGE,54.3,9.9
Competitive,Bronze,route-66,Ashe,DAMAGE,51.2,14.1
Competitive,Bronze,route-66,Baptiste,SUPPORT,40.7,6.4
Competitive,Bronze,route-66,Bastion,DAMAGE,47.3,17.4
Competitive,Bronze,route-66,Brigitte,SUPPORT,48.0,1.9
Competitive,Bronze,route-66,Cassidy,DAMAGE,51.0,13.8
Competitive,Bronze,route-66,D.Va,TANK,48.5,11.3
Competitive,Bronze,route-66,Domina,TANK,48.7,7.9
Competitive,Bronze,route-66,Doomfist,TANK,52.7,3.3
Competitive,Bronze,route-66,Echo,DAMAGE,49.0,5.5
Competitive,Bronze,route-66,Emre,DAMAGE,45.6,18.3
Competitive,Bronze,route-66,Freja,DAMAGE,54.1,4.4
Competitive,Bronze,route-66,Genji,DAMAGE,50.4,7.8
Competitive,Bronze,route-66,Hanzo,DAMAGE,47.1,5.5
Competitive,Bronze,route-66,Hazard,TANK,55.7,2.1
Competitive,Bronze,route-66,Illari,SUPPORT,54.0,14.2
Competitive,Bronze,route-66,Jetpack Cat,SUPPORT,58.8,3.2
Competitive,Bronze,route-66,Junker Queen,TANK,49.3,2.0
Competitive,Bronze,route-66,Junkrat,DAMAGE,48.3,9.8
Competitive,Bronze,route-66,Juno,SUPPORT,50.8,19.6
Competitive,Bronze,route-66,Kiriko,SUPPORT,48.8,39.7
Competitive,Bronze,route-66,Lifeweaver,SUPPORT,43.2,4.0
Competitive,Bronze,route-66,Lúcio,SUPPORT,48.2,6.7
Competitive,Bronze,route-66,Mauga,TANK,47.9,4.6
Competitive,Bronze,route-66,Mei,DAMAGE,59.9,7.1
Competitive,Bronze,route-66,Mercy,SUPPORT,45.1,10.5
Competitive,Bronze,route-66,Mizuki,SUPPORT,54.6,17.6
Competitive,Bronze,route-66,Moira,SUPPORT,47.9,25.1
Competitive,Bronze,route-66,Orisa,TANK,47.6,15.0
Competitive,Bronze,route-66,Pharah,DAMAGE,54.1,8.1
Competitive,Bronze,route-66,Ramattra,TANK,45.6,8.9
Competitive,Bronze,route-66,Reaper,DAMAGE,51.7,12.8
Competitive,Bronze,route-66,Reinhardt,TANK,47.6,7.6
Competitive,Bronze,route-66,Roadhog,TANK,50.4,5.5
Competitive,Bronze,route-66,Sigma,TANK,53.5,17.6
Competitive,Bronze,route-66,Sojourn,DAMAGE,43.8,19.6
Competitive,Bronze,route-66,Soldier: 76,DAMAGE,49.8,21.0
Competitive,Bronze,route-66,Sombra,DAMAGE,50.9,2.3
Competitive,Bronze,route-66,Symmetra,DAMAGE,53.5,2.9
Competitive,Bronze,route-66,Torbjörn,DAMAGE,50.1,5.1
Competitive,Bronze,route-66,Tracer,DAMAGE,47.3,4.3
Competitive,Bronze,route-66,Vendetta,DAMAGE,54.0,3.0
Competitive,Bronze,route-66,Venture,DAMAGE,60.5,3.0
Competitive,Bronze,route-66,Widowmaker,DAMAGE,45.3,4.1
Competitive,Bronze,route-66,Winston,TANK,53.9,6.4
Competitive,Bronze,route-66,Wrecking Ball,TANK,48.7,2.1
Competitive,Bronze,route-66,Wuyang,SUPPORT,51.0,13.4
Competitive,Bronze,route-66,Zarya,TANK,53.4,5.7
Competitive,Bronze,route-66,Zenyatta,SUPPORT,55.8,11.7
Competitive,Bronze,havana,Ana,SUPPORT,49.1,29.1
Competitive,Bronze,havana,Anran,DAMAGE,50.8,10.1
Competitive,Bronze,havana,Ashe,DAMAGE,49.9,15.7
Competitive,Bronze,havana,Baptiste,SUPPORT,45.4,5.8
Competitive,Bronze,havana,Bastion,DAMAGE,50.1,17.1
Competitive,Bronze,havana,Brigitte,SUPPORT,48.2,1.6
Competitive,Bronze,havana,Cassidy,DAMAGE,52.4,11.9
Competitive,Bronze,havana,D.Va,TANK,52.0,10.3
Competitive,Bronze,havana,Domina,TANK,53.8,10.0
Competitive,Bronze,havana,Doomfist,TANK,41.0,3.0
Competitive,Bronze,havana,Echo,DAMAGE,43.7,3.8
Competitive,Bronze,havana,Emre,DAMAGE,51.8,18.8
Competitive,Bronze,havana,Freja,DAMAGE,50.4,4.4
Competitive,Bronze,havana,Genji,DAMAGE,53.3,7.3
Competitive,Bronze,havana,Hanzo,DAMAGE,52.8,6.5
Competitive,Bronze,havana,Hazard,TANK,48.7,1.9
Competitive,Bronze,havana,Illari,SUPPORT,52.1,14.1
Competitive,Bronze,havana,Jetpack Cat,SUPPORT,55.3,2.9
Competitive,Bronze,havana,Junker Queen,TANK,56.4,1.8
Competitive,Bronze,havana,Junkrat,DAMAGE,42.7,9.2
Competitive,Bronze,havana,Juno,SUPPORT,48.4,20.5
Competitive,Bronze,havana,Kiriko,SUPPORT,52.3,39.4
Competitive,Bronze,havana,Lifeweaver,SUPPORT,44.2,3.0
Competitive,Bronze,havana,Lúcio,SUPPORT,50.8,5.2
Competitive,Bronze,havana,Mauga,TANK,47.1,4.5
Competitive,Bronze,havana,Mei,DAMAGE,49.1,7.0
Competitive,Bronze,havana,Mercy,SUPPORT,44.0,11.4
Competitive,Bronze,havana,Mizuki,SUPPORT,52.8,16.3
Competitive,Bronze,havana,Moira,SUPPORT,46.5,24.2
Competitive,Bronze,havana,Orisa,TANK,50.8,14.8
Competitive,Bronze,havana,Pharah,DAMAGE,50.3,6.1
Competitive,Bronze,havana,Ramattra,TANK,47.1,8.8
Competitive,Bronze,havana,Reaper,DAMAGE,51.6,12.5
Competitive,Bronze,havana,Reinhardt,TANK,44.6,7.5
Competitive,Bronze,havana,Roadhog,TANK,43.0,5.0
Competitive,Bronze,havana,Sigma,TANK,56.0,18.4
Competitive,Bronze,havana,Sojourn,DAMAGE,43.8,19.4
Competitive,Bronze,havana,Soldier: 76,DAMAGE,50.1,20.2
Competitive,Bronze,havana,Sombra,DAMAGE,50.7,2.7
Competitive,Bronze,havana,Symmetra,DAMAGE,51.4,3.1
Competitive,Bronze,havana,Torbjörn,DAMAGE,52.7,5.8
Competitive,Bronze,havana,Tracer,DAMAGE,48.1,4.7
Competitive,Bronze,havana,Vendetta,DAMAGE,57.5,2.9
Competitive,Bronze,havana,Venture,DAMAGE,55.9,2.4
Competitive,Bronze,havana,Widowmaker,DAMAGE,51.1,8.5
Competitive,Bronze,havana,Winston,TANK,43.7,6.2
Competitive,Bronze,havana,Wrecking Ball,TANK,51.9,2.2
Competitive,Bronze,havana,Wuyang,SUPPORT,52.9,14.3
Competitive,Bronze,havana,Zarya,TANK,51.2,5.5
Competitive,Bronze,havana,Zenyatta,SUPPORT,52.8,12.2
Competitive,Bronze,junkertown,Ana,SUPPORT,52.0,27.3
Competitive,Bronze,junkertown,Anran,DAMAGE,54.5,10.4
Competitive,Bronze,junkertown,Ashe,DAMAGE,51.3,14.4
Competitive,Bronze,junkertown,Baptiste,SUPPORT,52.2,6.2
Competitive,Bronze,junkertown,Bastion,DAMAGE,51.3,18.0
Competitive,Bronze,junkertown,Brigitte,SUPPORT,55.2,2.1
Competitive,Bronze,junkertown,Cassidy,DAMAGE,50.9,14.0
Competitive,Bronze,junkertown,D.Va,TANK,52.5,10.6
Competitive,Bronze,junkertown,Domina,TANK,49.3,8.1
Competitive,Bronze,junkertown,Doomfist,TANK,47.7,3.6
Competitive,Bronze,junkertown,Echo,DAMAGE,58.4,4.7
Competitive,Bronze,junkertown,Emre,DAMAGE,47.4,18.8
Competitive,Bronze,junkertown,Freja,DAMAGE,48.7,4.5
Competitive,Bronze,junkertown,Genji,DAMAGE,46.6,7.3
Competitive,Bronze,junkertown,Hanzo,DAMAGE,51.9,6.5
Competitive,Bronze,junkertown,Hazard,TANK,61.9,2.1
Competitive,Bronze,junkertown,Illari,SUPPORT,48.5,12.6
Competitive,Bronze,junkertown,Jetpack Cat,SUPPORT,46.8,3.3
Competitive,Bronze,junkertown,Junker Queen,TANK,53.7,1.9
Competitive,Bronze,junkertown,Junkrat,DAMAGE,49.3,9.3
Competitive,Bronze,junkertown,Juno,SUPPORT,48.6,20.9
Competitive,Bronze,junkertown,Kiriko,SUPPORT,50.0,41.0
Competitive,Bronze,junkertown,Lifeweaver,SUPPORT,42.6,3.2
Competitive,Bronze,junkertown,Lúcio,SUPPORT,46.6,6.1
Competitive,Bronze,junkertown,Mauga,TANK,42.1,4.3
Competitive,Bronze,junkertown,Mei,DAMAGE,41.0,5.8
Competitive,Bronze,junkertown,Mercy,SUPPORT,43.4,10.5
Competitive,Bronze,junkertown,Mizuki,SUPPORT,53.3,16.4
Competitive,Bronze,junkertown,Moira,SUPPORT,52.5,26.5
Competitive,Bronze,junkertown,Orisa,TANK,46.5,15.1
Competitive,Bronze,junkertown,Pharah,DAMAGE,49.8,7.3
Competitive,Bronze,junkertown,Ramattra,TANK,48.3,9.3
Competitive,Bronze,junkertown,Reaper,DAMAGE,50.2,12.8
Competitive,Bronze,junkertown,Reinhardt,TANK,44.7,7.7
Competitive,Bronze,junkertown,Roadhog,TANK,53.3,5.9
Competitive,Bronze,junkertown,Sigma,TANK,52.9,16.7
Competitive,Bronze,junkertown,Sojourn,DAMAGE,44.3,19.0
Competitive,Bronze,junkertown,Soldier: 76,DAMAGE,51.6,20.5
Competitive,Bronze,junkertown,Sombra,DAMAGE,50.8,2.7
Competitive,Bronze,junkertown,Symmetra,DAMAGE,48.4,3.2
Competitive,Bronze,junkertown,Torbjörn,DAMAGE,47.3,4.4
Competitive,Bronze,junkertown,Tracer,DAMAGE,46.9,5.0
Competitive,Bronze,junkertown,Vendetta,DAMAGE,59.9,2.5
Competitive,Bronze,junkertown,Venture,DAMAGE,61.6,3.2
Competitive,Bronze,junkertown,Widowmaker,DAMAGE,52.8,5.7
Competitive,Bronze,junkertown,Winston,TANK,56.5,6.4
Competitive,Bronze,junkertown,Wrecking Ball,TANK,43.0,2.9
Competitive,Bronze,junkertown,Wuyang,SUPPORT,51.7,12.8
Competitive,Bronze,junkertown,Zarya,TANK,51.6,5.3
Competitive,Bronze,junkertown,Zenyatta,SUPPORT,47.1,11.1
Competitive,Bronze,dorado,Ana,SUPPORT,52.1,24.7
Competitive,Bronze,dorado,Anran,DAMAGE,55.2,10.2
Competitive,Bronze,dorado,Ashe,DAMAGE,51.5,12.3
Competitive,Bronze,dorado,Baptiste,SUPPORT,39.3,6.4
Competitive,Bronze,dorado,Bastion,DAMAGE,50.7,17.2
Competitive,Bronze,dorado,Brigitte,SUPPORT,52.8,2.5
Competitive,Bronze,dorado,Cassidy,DAMAGE,47.2,13.6
Competitive,Bronze,dorado,D.Va,TANK,45.4,12.0
Competitive,Bronze,dorado,Domina,TANK,50.5,8.2
Competitive,Bronze,dorado,Doomfist,TANK,55.1,3.9
Competitive,Bronze,dorado,Echo,DAMAGE,52.7,5.3
Competitive,Bronze,dorado,Emre,DAMAGE,49.0,18.7
Competitive,Bronze,dorado,Freja,DAMAGE,55.4,4.7
Competitive,Bronze,dorado,Genji,DAMAGE,53.6,8.8
Competitive,Bronze,dorado,Hanzo,DAMAGE,43.4,5.2
Competitive,Bronze,dorado,Hazard,TANK,60.5,2.3
Competitive,Bronze,dorado,Illari,SUPPORT,51.1,13.2
Competitive,Bronze,dorado,Jetpack Cat,SUPPORT,45.9,3.2
Competitive,Bronze,dorado,Junker Queen,TANK,53.1,1.4
Competitive,Bronze,dorado,Junkrat,DAMAGE,50.0,10.0
Competitive,Bronze,dorado,Juno,SUPPORT,48.4,20.1
Competitive,Bronze,dorado,Kiriko,SUPPORT,51.6,40.8
Competitive,Bronze,dorado,Lifeweaver,SUPPORT,47.8,3.3
Competitive,Bronze,dorado,Lúcio,SUPPORT,49.0,6.9
Competitive,Bronze,dorado,Mauga,TANK,57.3,4.8
Competitive,Bronze,dorado,Mei,DAMAGE,48.2,7.3
Competitive,Bronze,dorado,Mercy,SUPPORT,42.4,11.0
Competitive,Bronze,dorado,Mizuki,SUPPORT,53.8,16.7
Competitive,Bronze,dorado,Moira,SUPPORT,46.3,26.9
Competitive,Bronze,dorado,Orisa,TANK,49.9,13.9
Competitive,Bronze,dorado,Pharah,DAMAGE,53.2,8.9
Competitive,Bronze,dorado,Ramattra,TANK,46.7,8.7
Competitive,Bronze,dorado,Reaper,DAMAGE,53.4,15.3
Competitive,Bronze,dorado,Reinhardt,TANK,51.4,8.0
Competitive,Bronze,dorado,Roadhog,TANK,47.6,5.4
Competitive,Bronze,dorado,Sigma,TANK,48.7,15.7
Competitive,Bronze,dorado,Sojourn,DAMAGE,47.7,17.8
Competitive,Bronze,dorado,Soldier: 76,DAMAGE,46.4,19.5
Competitive,Bronze,dorado,Sombra,DAMAGE,41.4,2.6
Competitive,Bronze,dorado,Symmetra,DAMAGE,50.8,3.6
Competitive,Bronze,dorado,Torbjörn,DAMAGE,51.2,5.0
Competitive,Bronze,dorado,Tracer,DAMAGE,48.7,4.7
Competitive,Bronze,dorado,Vendetta,DAMAGE,42.0,2.8
Competitive,Bronze,dorado,Venture,DAMAGE,53.8,3.2
Competitive,Bronze,dorado,Widowmaker,DAMAGE,43.8,3.3
Competitive,Bronze,dorado,Winston,TANK,54.9,8.1
Competitive,Bronze,dorado,Wrecking Ball,TANK,51.1,2.4
Competitive,Bronze,dorado,Wuyang,SUPPORT,56.8,13.2
Competitive,Bronze,dorado,Zarya,TANK,43.3,5.2
Competitive,Bronze,dorado,Zenyatta,SUPPORT,51.6,11.2
Competitive,Bronze,watchpoint-gibraltar,Ana,SUPPORT,49.2,26.9
Competitive,Bronze,watchpoint-gibraltar,Anran,DAMAGE,54.4,9.2
Competitive,Bronze,watchpoint-gibraltar,Ashe,DAMAGE,50.5,13.9
Competitive,Bronze,watchpoint-gibraltar,Baptiste,SUPPORT,49.7,6.2
Competitive,Bronze,watchpoint-gibraltar,Bastion,DAMAGE,49.9,16.3
Competitive,Bronze,watchpoint-gibraltar,Brigitte,SUPPORT,53.2,2.1
Competitive,Bronze,watchpoint-gibraltar,Cassidy,DAMAGE,50.0,12.6
Competitive,Bronze,watchpoint-gibraltar,D.Va,TANK,54.6,14.0
Competitive,Bronze,watchpoint-gibraltar,Domina,TANK,50.4,7.7
Competitive,Bronze,watchpoint-gibraltar,Doomfist,TANK,55.1,3.3
Competitive,Bronze,watchpoint-gibraltar,Echo,DAMAGE,53.0,5.2
Competitive,Bronze,watchpoint-gibraltar,Emre,DAMAGE,56.5,17.7
Competitive,Bronze,watchpoint-gibraltar,Freja,DAMAGE,58.0,5.6
Competitive,Bronze,watchpoint-gibraltar,Genji,DAMAGE,52.6,9.0
Competitive,Bronze,watchpoint-gibraltar,Hanzo,DAMAGE,51.0,5.7
Competitive,Bronze,watchpoint-gibraltar,Hazard,TANK,52.1,2.2
Competitive,Bronze,watchpoint-gibraltar,Illari,SUPPORT,50.9,12.4
Competitive,Bronze,watchpoint-gibraltar,Jetpack Cat,SUPPORT,54.3,3.6
Competitive,Bronze,watchpoint-gibraltar,Junker Queen,TANK,50.9,1.8
Competitive,Bronze,watchpoint-gibraltar,Junkrat,DAMAGE,45.8,9.6
Competitive,Bronze,watchpoint-gibraltar,Juno,SUPPORT,51.9,21.5
Competitive,Bronze,watchpoint-gibraltar,Kiriko,SUPPORT,50.2,39.7
Competitive,Bronze,watchpoint-gibraltar,Lifeweaver,SUPPORT,47.8,4.2
Competitive,Bronze,watchpoint-gibraltar,Lúcio,SUPPORT,40.0,6.5
Competitive,Bronze,watchpoint-gibraltar,Mauga,TANK,54.5,4.4
Competitive,Bronze,watchpoint-gibraltar,Mei,DAMAGE,50.0,6.3
Competitive,Bronze,watchpoint-gibraltar,Mercy,SUPPORT,48.9,11.9
Competitive,Bronze,watchpoint-gibraltar,Mizuki,SUPPORT,53.1,15.8
Competitive,Bronze,watchpoint-gibraltar,Moira,SUPPORT,49.2,24.4
Competitive,Bronze,watchpoint-gibraltar,Orisa,TANK,48.5,13.2
Competitive,Bronze,watchpoint-gibraltar,Pharah,DAMAGE,47.6,7.7
Competitive,Bronze,watchpoint-gibraltar,Ramattra,TANK,47.3,8.4
Competitive,Bronze,watchpoint-gibraltar,Reaper,DAMAGE,51.4,14.6
Competitive,Bronze,watchpoint-gibraltar,Reinhardt,TANK,47.1,7.0
Competitive,Bronze,watchpoint-gibraltar,Roadhog,TANK,37.4,5.1
Competitive,Bronze,watchpoint-gibraltar,Sigma,TANK,51.6,15.1
Competitive,Bronze,watchpoint-gibraltar,Sojourn,DAMAGE,42.6,18.1
Competitive,Bronze,watchpoint-gibraltar,Soldier: 76,DAMAGE,48.2,21.6
Competitive,Bronze,watchpoint-gibraltar,Sombra,DAMAGE,49.2,2.8
Competitive,Bronze,watchpoint-gibraltar,Symmetra,DAMAGE,49.2,2.7
Competitive,Bronze,watchpoint-gibraltar,Torbjörn,DAMAGE,46.3,4.9
Competitive,Bronze,watchpoint-gibraltar,Tracer,DAMAGE,48.3,4.9
Competitive,Bronze,watchpoint-gibraltar,Vendetta,DAMAGE,52.9,2.9
Competitive,Bronze,watchpoint-gibraltar,Venture,DAMAGE,50.1,3.1
Competitive,Bronze,watchpoint-gibraltar,Widowmaker,DAMAGE,44.6,5.5
Competitive,Bronze,watchpoint-gibraltar,Winston,TANK,51.0,9.5
Competitive,Bronze,watchpoint-gibraltar,Wrecking Ball,TANK,52.8,2.6
Competitive,Bronze,watchpoint-gibraltar,Wuyang,SUPPORT,49.2,14.3
Competitive,Bronze,watchpoint-gibraltar,Zarya,TANK,47.1,5.7
Competitive,Bronze,watchpoint-gibraltar,Zenyatta,SUPPORT,51.2,10.5
Competitive,Bronze,circuit-royal,Ana,SUPPORT,50.9,29.3
Competitive,Bronze,circuit-royal,Anran,DAMAGE,45.9,8.4
Competitive,Bronze,circuit-royal,Ashe,DAMAGE,52.7,17.9
Competitive,Bronze,circuit-royal,Baptiste,SUPPORT,44.9,6.7
Competitive,Bronze,circuit-royal,Bastion,DAMAGE,51.1,18.2
Competitive,Bronze,circuit-royal,Brigitte,SUPPORT,49.1,1.4
Competitive,Bronze,circuit-royal,Cassidy,DAMAGE,49.2,11.7
Competitive,Bronze,circuit-royal,D.Va,TANK,48.1,9.1
Competitive,Bronze,circuit-royal,Domina,TANK,52.3,9.1
Competitive,Bronze,circuit-royal,Doomfist,TANK,50.5,3.3
Competitive,Bronze,circuit-royal,Echo,DAMAGE,46.9,4.4
Competitive,Bronze,circuit-royal,Emre,DAMAGE,52.8,19.6
Competitive,Bronze,circuit-royal,Freja,DAMAGE,48.7,5.3
Competitive,Bronze,circuit-royal,Genji,DAMAGE,56.5,6.8
Competitive,Bronze,circuit-royal,Hanzo,DAMAGE,54.0,6.4
Competitive,Bronze,circuit-royal,Hazard,TANK,54.5,1.7
Competitive,Bronze,circuit-royal,Illari,SUPPORT,52.7,15.0
Competitive,Bronze,circuit-royal,Jetpack Cat,SUPPORT,45.6,2.4
Competitive,Bronze,circuit-royal,Junker Queen,TANK,42.0,1.9
Competitive,Bronze,circuit-royal,Junkrat,DAMAGE,47.3,9.6
Competitive,Bronze,circuit-royal,Juno,SUPPORT,52.0,21.4
Competitive,Bronze,circuit-royal,Kiriko,SUPPORT,46.7,38.9
Competitive,Bronze,circuit-royal,Lifeweaver,SUPPORT,46.8,3.4
Competitive,Bronze,circuit-royal,Lúcio,SUPPORT,43.7,5.6
Competitive,Bronze,circuit-royal,Mauga,TANK,39.3,4.4
Competitive,Bronze,circuit-royal,Mei,DAMAGE,52.9,5.7
Competitive,Bronze,circuit-royal,Mercy,SUPPORT,48.7,10.5
Competitive,Bronze,circuit-royal,Mizuki,SUPPORT,54.6,17.5
Competitive,Bronze,circuit-royal,Moira,SUPPORT,47.5,23.8
Competitive,Bronze,circuit-royal,Orisa,TANK,45.9,14.2
Competitive,Bronze,circuit-royal,Pharah,DAMAGE,51.8,6.8
Competitive,Bronze,circuit-royal,Ramattra,TANK,51.6,10.7
Competitive,Bronze,circuit-royal,Reaper,DAMAGE,53.4,11.2
Competitive,Bronze,circuit-royal,Reinhardt,TANK,50.3,8.2
Competitive,Bronze,circuit-royal,Roadhog,TANK,46.7,4.3
Competitive,Bronze,circuit-royal,Sigma,TANK,57.1,19.9
Competitive,Bronze,circuit-royal,Sojourn,DAMAGE,46.6,21.5
Competitive,Bronze,circuit-royal,Soldier: 76,DAMAGE,45.8,20.1
Competitive,Bronze,circuit-royal,Sombra,DAMAGE,53.1,3.0
Competitive,Bronze,circuit-royal,Symmetra,DAMAGE,49.8,3.7
Competitive,Bronze,circuit-royal,Torbjörn,DAMAGE,45.8,5.0
Competitive,Bronze,circuit-royal,Tracer,DAMAGE,48.2,3.7
Competitive,Bronze,circuit-royal,Vendetta,DAMAGE,52.9,2.0
Competitive,Bronze,circuit-royal,Venture,DAMAGE,49.3,2.4
Competitive,Bronze,circuit-royal,Widowmaker,DAMAGE,47.9,6.7
Competitive,Bronze,circuit-royal,Winston,TANK,45.8,5.4
Competitive,Bronze,circuit-royal,Wrecking Ball,TANK,52.9,2.1
Competitive,Bronze,circuit-royal,Wuyang,SUPPORT,53.7,13.0
Competitive,Bronze,circuit-royal,Zarya,TANK,48.8,5.7
Competitive,Bronze,circuit-royal,Zenyatta,SUPPORT,51.7,11.1
Competitive,Bronze,rialto,Ana,SUPPORT,48.2,28.7
Competitive,Bronze,rialto,Anran,DAMAGE,53.4,9.7
Competitive,Bronze,rialto,Ashe,DAMAGE,48.9,15.1
Competitive,Bronze,rialto,Baptiste,SUPPORT,43.4,6.0
Competitive,Bronze,rialto,Bastion,DAMAGE,46.4,18.2
Competitive,Bronze,rialto,Brigitte,SUPPORT,50.7,1.8
Competitive,Bronze,rialto,Cassidy,DAMAGE,49.6,11.1
Competitive,Bronze,rialto,D.Va,TANK,49.0,10.9
Competitive,Bronze,rialto,Domina,TANK,58.4,8.9
Competitive,Bronze,rialto,Doomfist,TANK,54.7,3.4
Competitive,Bronze,rialto,Echo,DAMAGE,53.5,5.3
Competitive,Bronze,rialto,Emre,DAMAGE,50.1,18.6
Competitive,Bronze,rialto,Freja,DAMAGE,51.3,5.1
Competitive,Bronze,rialto,Genji,DAMAGE,55.8,7.8
Competitive,Bronze,rialto,Hanzo,DAMAGE,47.6,6.0
Competitive,Bronze,rialto,Hazard,TANK,46.0,1.9
Competitive,Bronze,rialto,Illari,SUPPORT,53.8,13.7
Competitive,Bronze,rialto,Jetpack Cat,SUPPORT,50.2,3.1
Competitive,Bronze,rialto,Junker Queen,TANK,43.9,1.6
Competitive,Bronze,rialto,Junkrat,DAMAGE,47.7,10.1
Competitive,Bronze,rialto,Juno,SUPPORT,50.9,20.5
Competitive,Bronze,rialto,Kiriko,SUPPORT,49.2,39.2
Competitive,Bronze,rialto,Lifeweaver,SUPPORT,48.6,4.2
Competitive,Bronze,rialto,Lúcio,SUPPORT,51.1,5.9
Competitive,Bronze,rialto,Mauga,TANK,50.9,4.8
Competitive,Bronze,rialto,Mei,DAMAGE,52.8,7.2
Competitive,Bronze,rialto,Mercy,SUPPORT,45.1,10.3
Competitive,Bronze,rialto,Mizuki,SUPPORT,56.3,16.4
Competitive,Bronze,rialto,Moira,SUPPORT,47.2,24.3
Competitive,Bronze,rialto,Orisa,TANK,42.4,14.6
Competitive,Bronze,rialto,Pharah,DAMAGE,50.2,8.4
Competitive,Bronze,rialto,Ramattra,TANK,49.9,9.1
Competitive,Bronze,rialto,Reaper,DAMAGE,51.1,12.3
Competitive,Bronze,rialto,Reinhardt,TANK,51.1,8.2
Competitive,Bronze,rialto,Roadhog,TANK,54.6,5.7
Competitive,Bronze,rialto,Sigma,TANK,52.5,16.9
Competitive,Bronze,rialto,Sojourn,DAMAGE,46.0,19.7
Competitive,Bronze,rialto,Soldier: 76,DAMAGE,46.7,18.9
Competitive,Bronze,rialto,Sombra,DAMAGE,54.0,2.8
Competitive,Bronze,rialto,Symmetra,DAMAGE,52.9,3.2
Competitive,Bronze,rialto,Torbjörn,DAMAGE,49.9,4.8
Competitive,Bronze,rialto,Tracer,DAMAGE,54.2,4.0
Competitive,Bronze,rialto,Vendetta,DAMAGE,61.8,2.7
Competitive,Bronze,rialto,Venture,DAMAGE,49.6,3.1
Competitive,Bronze,rialto,Widowmaker,DAMAGE,55.2,5.7
Competitive,Bronze,rialto,Winston,TANK,47.1,5.9
Competitive,Bronze,rialto,Wrecking Ball,TANK,47.9,2.2
Competitive,Bronze,rialto,Wuyang,SUPPORT,52.8,13.6
Competitive,Bronze,rialto,Zarya,TANK,50.2,5.7
Competitive,Bronze,rialto,Zenyatta,SUPPORT,50.2,12.2
Competitive,Bronze,shambali-monastery,Ana,SUPPORT,49.5,26.9
Competitive,Bronze,shambali-monastery,Anran,DAMAGE,52.4,9.8
Competitive,Bronze,shambali-monastery,Ashe,DAMAGE,49.6,13.0
Competitive,Bronze,shambali-monastery,Baptiste,SUPPORT,44.6,6.3
Competitive,Bronze,shambali-monastery,Bastion,DAMAGE,49.7,18.0
Competitive,Bronze,shambali-monastery,Brigitte,SUPPORT,54.8,1.8
Competitive,Bronze,shambali-monastery,Cassidy,DAMAGE,46.6,12.2
Competitive,Bronze,shambali-monastery,D.Va,TANK,45.9,9.3
Competitive,Bronze,shambali-monastery,Domina,TANK,57.0,9.7
Competitive,Bronze,shambali-monastery,Doomfist,TANK,53.3,2.6
Competitive,Bronze,shambali-monastery,Echo,DAMAGE,43.2,4.5
Competitive,Bronze,shambali-monastery,Emre,DAMAGE,51.7,20.1
Competitive,Bronze,shambali-monastery,Freja,DAMAGE,52.0,4.9
Competitive,Bronze,shambali-monastery,Genji,DAMAGE,49.5,7.5
Competitive,Bronze,shambali-monastery,Hanzo,DAMAGE,54.6,5.7
Competitive,Bronze,shambali-monastery,Hazard,TANK,53.8,2.5
Competitive,Bronze,shambali-monastery,Illari,SUPPORT,54.2,13.7
Competitive,Bronze,shambali-monastery,Jetpack Cat,SUPPORT,58.5,3.1
Competitive,Bronze,shambali-monastery,Junker Queen,TANK,62.5,1.8
Competitive,Bronze,shambali-monastery,Junkrat,DAMAGE,49.4,10.7
Competitive,Bronze,shambali-monastery,Juno,SUPPORT,48.0,20.6
Competitive,Bronze,shambali-monastery,Kiriko,SUPPORT,47.0,40.1
Competitive,Bronze,shambali-monastery,Lifeweaver,SUPPORT,45.7,3.8
Competitive,Bronze,shambali-monastery,Lúcio,SUPPORT,44.7,5.9
Competitive,Bronze,shambali-monastery,Mauga,TANK,44.5,4.1
Competitive,Bronze,shambali-monastery,Mei,DAMAGE,48.4,6.9
Competitive,Bronze,shambali-monastery,Mercy,SUPPORT,49.5,11.2
Competitive,Bronze,shambali-monastery,Mizuki,SUPPORT,53.0,16.2
Competitive,Bronze,shambali-monastery,Moira,SUPPORT,51.6,26.9
Competitive,Bronze,shambali-monastery,Orisa,TANK,43.6,15.2
Competitive,Bronze,shambali-monastery,Pharah,DAMAGE,47.6,7.6
Competitive,Bronze,shambali-monastery,Ramattra,TANK,50.4,10.3
Competitive,Bronze,shambali-monastery,Reaper,DAMAGE,53.6,13.4
Competitive,Bronze,shambali-monastery,Reinhardt,TANK,51.3,7.9
Competitive,Bronze,shambali-monastery,Roadhog,TANK,51.5,6.3
Competitive,Bronze,shambali-monastery,Sigma,TANK,52.6,15.9
Competitive,Bronze,shambali-monastery,Sojourn,DAMAGE,43.4,19.2
Competitive,Bronze,shambali-monastery,Soldier: 76,DAMAGE,53.4,18.9
Competitive,Bronze,shambali-monastery,Sombra,DAMAGE,43.8,2.8
Competitive,Bronze,shambali-monastery,Symmetra,DAMAGE,55.6,3.8
Competitive,Bronze,shambali-monastery,Torbjörn,DAMAGE,57.1,5.3
Competitive,Bronze,shambali-monastery,Tracer,DAMAGE,54.4,5.5
Competitive,Bronze,shambali-monastery,Vendetta,DAMAGE,37.0,2.9
Competitive,Bronze,shambali-monastery,Venture,DAMAGE,58.6,3.0
Competitive,Bronze,shambali-monastery,Widowmaker,DAMAGE,46.6,4.1
Competitive,Bronze,shambali-monastery,Winston,TANK,46.9,5.5
Competitive,Bronze,shambali-monastery,Wrecking Ball,TANK,49.8,2.1
Competitive,Bronze,shambali-monastery,Wuyang,SUPPORT,56.9,13.6
Competitive,Bronze,shambali-monastery,Zarya,TANK,52.0,6.8
Competitive,Bronze,shambali-monastery,Zenyatta,SUPPORT,45.7,9.9
Competitive,Bronze,aatlis,Ana,SUPPORT,51.5,19.2
Competitive,Bronze,aatlis,Anran,DAMAGE,53.1,14.2
Competitive,Bronze,aatlis,Ashe,DAMAGE,47.3,9.4
Competitive,Bronze,aatlis,Baptiste,SUPPORT,40.8,5.6
Competitive,Bronze,aatlis,Bastion,DAMAGE,38.4,13.1
Competitive,Bronze,aatlis,Brigitte,SUPPORT,44.1,3.3
Competitive,Bronze,aatlis,Cassidy,DAMAGE,55.1,16.9
Competitive,Bronze,aatlis,D.Va,TANK,46.0,11.4
Competitive,Bronze,aatlis,Domina,TANK,56.4,8.1
Competitive,Bronze,aatlis,Doomfist,TANK,32.1,4.9
Competitive,Bronze,aatlis,Echo,DAMAGE,51.8,4.7
Competitive,Bronze,aatlis,Emre,DAMAGE,51.2,17.5
Competitive,Bronze,aatlis,Freja,DAMAGE,52.3,4.4
Competitive,Bronze,aatlis,Genji,DAMAGE,55.2,8.5
Competitive,Bronze,aatlis,Hanzo,DAMAGE,51.2,4.2
Competitive,Bronze,aatlis,Hazard,TANK,44.5,2.8
Competitive,Bronze,aatlis,Illari,SUPPORT,47.5,7.6
Competitive,Bronze,aatlis,Jetpack Cat,SUPPORT,35.3,3.7
Competitive,Bronze,aatlis,Junker Queen,TANK,57.8,2.5
Competitive,Bronze,aatlis,Junkrat,DAMAGE,45.6,9.1
Competitive,Bronze,aatlis,Juno,SUPPORT,46.7,23.5
Competitive,Bronze,aatlis,Kiriko,SUPPORT,49.1,43.3
Competitive,Bronze,aatlis,Lifeweaver,SUPPORT,27.6,2.8
Competitive,Bronze,aatlis,Lúcio,SUPPORT,55.6,8.1
Competitive,Bronze,aatlis,Mauga,TANK,61.1,4.9
Competitive,Bronze,aatlis,Mei,DAMAGE,42.1,6.9
Competitive,Bronze,aatlis,Mercy,SUPPORT,54.9,8.6
Competitive,Bronze,aatlis,Mizuki,SUPPORT,58.4,20.1
Competitive,Bronze,aatlis,Moira,SUPPORT,54.2,31.5
Competitive,Bronze,aatlis,Orisa,TANK,46.2,14.4
Competitive,Bronze,aatlis,Pharah,DAMAGE,45.2,4.7
Competitive,Bronze,aatlis,Ramattra,TANK,50.9,8.8
Competitive,Bronze,aatlis,Reaper,DAMAGE,55.2,17.2
Competitive,Bronze,aatlis,Reinhardt,TANK,45.0,8.0
Competitive,Bronze,aatlis,Roadhog,TANK,49.9,6.4
Competitive,Bronze,aatlis,Sigma,TANK,53.5,12.8
Competitive,Bronze,aatlis,Sojourn,DAMAGE,42.6,18.8
Competitive,Bronze,aatlis,Soldier: 76,DAMAGE,54.7,23.1
Competitive,Bronze,aatlis,Sombra,DAMAGE,45.4,3.8
Competitive,Bronze,aatlis,Symmetra,DAMAGE,59.7,3.7
Competitive,Bronze,aatlis,Torbjörn,DAMAGE,52.0,3.7
Competitive,Bronze,aatlis,Tracer,DAMAGE,49.4,7.9
Competitive,Bronze,aatlis,Vendetta,DAMAGE,51.1,3.4
Competitive,Bronze,aatlis,Venture,DAMAGE,59.4,3.2
Competitive,Bronze,aatlis,Widowmaker,DAMAGE,38.6,1.6
Competitive,Bronze,aatlis,Winston,TANK,56.2,6.2
Competitive,Bronze,aatlis,Wrecking Ball,TANK,42.6,2.6
Competitive,Bronze,aatlis,Wuyang,SUPPORT,45.1,13.9
Competitive,Bronze,aatlis,Zarya,TANK,55.1,6.3
Competitive,Bronze,aatlis,Zenyatta,SUPPORT,49.0,8.9
Competitive,Bronze,new-junk-city,Ana,SUPPORT,47.2,17.9
Competitive,Bronze,new-junk-city,Anran,DAMAGE,53.2,14.7
Competitive,Bronze,new-junk-city,Ashe,DAMAGE,49.1,6.4
Competitive,Bronze,new-junk-city,Baptiste,SUPPORT,41.4,4.1
Competitive,Bronze,new-junk-city,Bastion,DAMAGE,41.8,13.5
Competitive,Bronze,new-junk-city,Brigitte,SUPPORT,53.9,3.4
Competitive,Bronze,new-junk-city,Cassidy,DAMAGE,43.9,17.8
Competitive,Bronze,new-junk-city,D.Va,TANK,53.1,10.1
Competitive,Bronze,new-junk-city,Domina,TANK,49.9,9.8
Competitive,Bronze,new-junk-city,Doomfist,TANK,47.9,4.4
Competitive,Bronze,new-junk-city,Echo,DAMAGE,49.7,3.7
Competitive,Bronze,new-junk-city,Emre,DAMAGE,48.9,18.4
Competitive,Bronze,new-junk-city,Freja,DAMAGE,44.1,3.4
Competitive,Bronze,new-junk-city,Genji,DAMAGE,49.6,8.2
Competitive,Bronze,new-junk-city,Hanzo,DAMAGE,52.6,5.3
Competitive,Bronze,new-junk-city,Hazard,TANK,47.5,3.8
Competitive,Bronze,new-junk-city,Illari,SUPPORT,57.7,7.8
Competitive,Bronze,new-junk-city,Jetpack Cat,SUPPORT,65.5,2.9
Competitive,Bronze,new-junk-city,Junker Queen,TANK,60.0,4.1
Competitive,Bronze,new-junk-city,Junkrat,DAMAGE,47.1,7.5
Competitive,Bronze,new-junk-city,Juno,SUPPORT,48.6,23.2
Competitive,Bronze,new-junk-city,Kiriko,SUPPORT,47.9,43.1
Competitive,Bronze,new-junk-city,Lifeweaver,SUPPORT,38.7,2.6
Competitive,Bronze,new-junk-city,Lúcio,SUPPORT,48.9,8.9
Competitive,Bronze,new-junk-city,Mauga,TANK,48.3,5.6
Competitive,Bronze,new-junk-city,Mei,DAMAGE,51.1,7.1
Competitive,Bronze,new-junk-city,Mercy,SUPPORT,45.2,9.9
Competitive,Bronze,new-junk-city,Mizuki,SUPPORT,54.1,21.1
Competitive,Bronze,new-junk-city,Moira,SUPPORT,55.7,33.3
Competitive,Bronze,new-junk-city,Orisa,TANK,46.0,12.5
Competitive,Bronze,new-junk-city,Pharah,DAMAGE,45.1,4.2
Competitive,Bronze,new-junk-city,Ramattra,TANK,57.2,9.9
Competitive,Bronze,new-junk-city,Reaper,DAMAGE,59.7,16.5
Competitive,Bronze,new-junk-city,Reinhardt,TANK,50.1,7.5
Competitive,Bronze,new-junk-city,Roadhog,TANK,52.4,7.0
Competitive,Bronze,new-junk-city,Sigma,TANK,47.3,12.4
Competitive,Bronze,new-junk-city,Sojourn,DAMAGE,47.0,21.0
Competitive,Bronze,new-junk-city,Soldier: 76,DAMAGE,54.4,23.5
Competitive,Bronze,new-junk-city,Sombra,DAMAGE,49.8,3.6
Competitive,Bronze,new-junk-city,Symmetra,DAMAGE,59.8,3.6
Competitive,Bronze,new-junk-city,Torbjörn,DAMAGE,39.9,3.1
Competitive,Bronze,new-junk-city,Tracer,DAMAGE,47.2,9.6
Competitive,Bronze,new-junk-city,Vendetta,DAMAGE,51.3,4.0
Competitive,Bronze,new-junk-city,Venture,DAMAGE,60.6,3.8
Competitive,Bronze,new-junk-city,Widowmaker,DAMAGE,47.7,0.9
Competitive,Bronze,new-junk-city,Winston,TANK,45.9,5.0
Competitive,Bronze,new-junk-city,Wrecking Ball,TANK,39.7,2.8
Competitive,Bronze,new-junk-city,Wuyang,SUPPORT,42.1,12.8
Competitive,Bronze,new-junk-city,Zarya,TANK,48.2,5.2
Competitive,Bronze,new-junk-city,Zenyatta,SUPPORT,50.2,9.2
Competitive,Bronze,suravasa,Ana,SUPPORT,48.7,15.7
Competitive,Bronze,suravasa,Anran,DAMAGE,53.8,13.3
Competitive,Bronze,suravasa,Ashe,DAMAGE,46.4,7.6
Competitive,Bronze,suravasa,Baptiste,SUPPORT,39.7,4.7
Competitive,Bronze,suravasa,Bastion,DAMAGE,40.8,11.7
Competitive,Bronze,suravasa,Brigitte,SUPPORT,40.1,3.2
Competitive,Bronze,suravasa,Cassidy,DAMAGE,50.3,19.6
Competitive,Bronze,suravasa,D.Va,TANK,56.5,11.0
Competitive,Bronze,suravasa,Domina,TANK,56.5,8.7
Competitive,Bronze,suravasa,Doomfist,TANK,48.0,4.1
Competitive,Bronze,suravasa,Echo,DAMAGE,52.4,4.7
Competitive,Bronze,suravasa,Emre,DAMAGE,51.4,19.4
Competitive,Bronze,suravasa,Freja,DAMAGE,39.5,3.4
Competitive,Bronze,suravasa,Genji,DAMAGE,50.0,9.3
Competitive,Bronze,suravasa,Hanzo,DAMAGE,46.9,4.4
Competitive,Bronze,suravasa,Hazard,TANK,50.4,3.0
Competitive,Bronze,suravasa,Illari,SUPPORT,60.3,8.3
Competitive,Bronze,suravasa,Jetpack Cat,SUPPORT,39.4,4.2
Competitive,Bronze,suravasa,Junker Queen,TANK,51.7,2.7
Competitive,Bronze,suravasa,Junkrat,DAMAGE,50.5,7.3
Competitive,Bronze,suravasa,Juno,SUPPORT,45.8,22.4
Competitive,Bronze,suravasa,Kiriko,SUPPORT,54.2,42.8
Competitive,Bronze,suravasa,Lifeweaver,SUPPORT,39.0,3.8
Competitive,Bronze,suravasa,Lúcio,SUPPORT,46.1,9.4
Competitive,Bronze,suravasa,Mauga,TANK,56.7,4.7
Competitive,Bronze,suravasa,Mei,DAMAGE,54.0,6.9
Competitive,Bronze,suravasa,Mercy,SUPPORT,42.2,8.6
Competitive,Bronze,suravasa,Mizuki,SUPPORT,55.3,22.7
Competitive,Bronze,suravasa,Moira,SUPPORT,51.0,31.6
Competitive,Bronze,suravasa,Orisa,TANK,45.6,15.6
Competitive,Bronze,suravasa,Pharah,DAMAGE,51.6,5.3
Competitive,Bronze,suravasa,Ramattra,TANK,47.3,9.9
Competitive,Bronze,suravasa,Reaper,DAMAGE,52.7,14.5
Competitive,Bronze,suravasa,Reinhardt,TANK,49.2,7.6
Competitive,Bronze,suravasa,Roadhog,TANK,35.9,5.2
Competitive,Bronze,suravasa,Sigma,TANK,49.5,12.4
Competitive,Bronze,suravasa,Sojourn,DAMAGE,45.1,22.1
Competitive,Bronze,suravasa,Soldier: 76,DAMAGE,51.1,22.3
Competitive,Bronze,suravasa,Sombra,DAMAGE,62.5,3.6
Competitive,Bronze,suravasa,Symmetra,DAMAGE,55.2,3.2
Competitive,Bronze,suravasa,Torbjörn,DAMAGE,60.7,4.5
Competitive,Bronze,suravasa,Tracer,DAMAGE,49.7,8.7
Competitive,Bronze,suravasa,Vendetta,DAMAGE,55.4,3.7
Competitive,Bronze,suravasa,Venture,DAMAGE,42.4,3.2
Competitive,Bronze,suravasa,Widowmaker,DAMAGE,24.0,1.5
Competitive,Bronze,suravasa,Winston,TANK,50.4,6.5
Competitive,Bronze,suravasa,Wrecking Ball,TANK,43.2,2.7
Competitive,Bronze,suravasa,Wuyang,SUPPORT,50.1,14.4
Competitive,Bronze,suravasa,Zarya,TANK,55.1,5.9
Competitive,Bronze,suravasa,Zenyatta,SUPPORT,52.6,8.3
Competitive,Bronze,midtown,Ana,SUPPORT,45.4,26.6
Competitive,Bronze,midtown,Anran,DAMAGE,54.0,9.7
Competitive,Bronze,midtown,Ashe,DAMAGE,47.5,13.4
Competitive,Bronze,midtown,Baptiste,SUPPORT,43.4,6.3
Competitive,Bronze,midtown,Bastion,DAMAGE,43.0,18.3
Competitive,Bronze,midtown,Brigitte,SUPPORT,49.1,2.2
Competitive,Bronze,midtown,Cassidy,DAMAGE,49.6,14.0
Competitive,Bronze,midtown,D.Va,TANK,46.4,9.0
Competitive,Bronze,midtown,Domina,TANK,53.4,8.9
Competitive,Bronze,midtown,Doomfist,TANK,58.2,3.0
Competitive,Bronze,midtown,Echo,DAMAGE,47.3,4.4
Competitive,Bronze,midtown,Emre,DAMAGE,52.1,18.8
Competitive,Bronze,midtown,Freja,DAMAGE,49.5,4.0
Competitive,Bronze,midtown,Genji,DAMAGE,55.6,7.5
Competitive,Bronze,midtown,Hanzo,DAMAGE,50.9,5.7
Competitive,Bronze,midtown,Hazard,TANK,48.1,2.2
Competitive,Bronze,midtown,Illari,SUPPORT,51.2,14.0
Competitive,Bronze,midtown,Jetpack Cat,SUPPORT,57.2,3.2
Competitive,Bronze,midtown,Junker Queen,TANK,47.7,2.0
Competitive,Bronze,midtown,Junkrat,DAMAGE,47.9,9.2
Competitive,Bronze,midtown,Juno,SUPPORT,51.0,20.4
Competitive,Bronze,midtown,Kiriko,SUPPORT,46.6,38.7
Competitive,Bronze,midtown,Lifeweaver,SUPPORT,41.7,3.3
Competitive,Bronze,midtown,Lúcio,SUPPORT,46.3,5.7
Competitive,Bronze,midtown,Mauga,TANK,43.7,5.1
Competitive,Bronze,midtown,Mei,DAMAGE,47.3,7.7
Competitive,Bronze,midtown,Mercy,SUPPORT,46.9,10.3
Competitive,Bronze,midtown,Mizuki,SUPPORT,49.2,19.3
Competitive,Bronze,midtown,Moira,SUPPORT,46.1,25.6
Competitive,Bronze,midtown,Orisa,TANK,42.8,14.6
Competitive,Bronze,midtown,Pharah,DAMAGE,44.9,6.3
Competitive,Bronze,midtown,Ramattra,TANK,43.3,9.4
Competitive,Bronze,midtown,Reaper,DAMAGE,48.6,13.9
Competitive,Bronze,midtown,Reinhardt,TANK,51.3,8.3
Competitive,Bronze,midtown,Roadhog,TANK,44.8,5.0
Competitive,Bronze,midtown,Sigma,TANK,52.9,18.2
Competitive,Bronze,midtown,Sojourn,DAMAGE,42.0,19.6
Competitive,Bronze,midtown,Soldier: 76,DAMAGE,48.0,20.7
Competitive,Bronze,midtown,Sombra,DAMAGE,51.3,2.8
Competitive,Bronze,midtown,Symmetra,DAMAGE,54.6,5.0
Competitive,Bronze,midtown,Torbjörn,DAMAGE,53.8,5.4
Competitive,Bronze,midtown,Tracer,DAMAGE,56.3,5.2
Competitive,Bronze,midtown,Vendetta,DAMAGE,56.0,2.6
Competitive,Bronze,midtown,Venture,DAMAGE,48.2,3.2
Competitive,Bronze,midtown,Widowmaker,DAMAGE,38.5,2.7
Competitive,Bronze,midtown,Winston,TANK,55.6,5.4
Competitive,Bronze,midtown,Wrecking Ball,TANK,40.1,2.1
Competitive,Bronze,midtown,Wuyang,SUPPORT,52.5,13.5
Competitive,Bronze,midtown,Zarya,TANK,54.0,6.5
Competitive,Bronze,midtown,Zenyatta,SUPPORT,57.4,10.8
Competitive,Bronze,numbani,Ana,SUPPORT,47.8,27.0
Competitive,Bronze,numbani,Anran,DAMAGE,46.3,9.5
Competitive,Bronze,numbani,Ashe,DAMAGE,47.6,12.3
Competitive,Bronze,numbani,Baptiste,SUPPORT,49.1,6.6
Competitive,Bronze,numbani,Bastion,DAMAGE,48.7,18.0
Competitive,Bronze,numbani,Brigitte,SUPPORT,60.5,2.2
Competitive,Bronze,numbani,Cassidy,DAMAGE,49.9,13.3
Competitive,Bronze,numbani,D.Va,TANK,48.8,12.2
Competitive,Bronze,numbani,Domina,TANK,47.3,7.5
Competitive,Bronze,numbani,Doomfist,TANK,41.8,3.6
Competitive,Bronze,numbani,Echo,DAMAGE,52.3,6.1
Competitive,Bronze,numbani,Emre,DAMAGE,51.7,18.6
Competitive,Bronze,numbani,Freja,DAMAGE,41.7,4.5
Competitive,Bronze,numbani,Genji,DAMAGE,56.1,8.2
Competitive,Bronze,numbani,Hanzo,DAMAGE,60.1,6.1
Competitive,Bronze,numbani,Hazard,TANK,52.6,2.2
Competitive,Bronze,numbani,Illari,SUPPORT,52.0,12.3
Competitive,Bronze,numbani,Jetpack Cat,SUPPORT,50.0,3.1
Competitive,Bronze,numbani,Junker Queen,TANK,46.6,1.8
Competitive,Bronze,numbani,Junkrat,DAMAGE,53.4,10.3
Competitive,Bronze,numbani,Juno,SUPPORT,48.5,19.1
Competitive,Bronze,numbani,Kiriko,SUPPORT,49.3,39.5
Competitive,Bronze,numbani,Lifeweaver,SUPPORT,39.0,4.2
Competitive,Bronze,numbani,Lúcio,SUPPORT,45.3,6.5
Competitive,Bronze,numbani,Mauga,TANK,47.1,4.7
Competitive,Bronze,numbani,Mei,DAMAGE,54.7,6.6
Competitive,Bronze,numbani,Mercy,SUPPORT,48.6,11.8
Competitive,Bronze,numbani,Mizuki,SUPPORT,50.7,17.4
Competitive,Bronze,numbani,Moira,SUPPORT,45.7,25.3
Competitive,Bronze,numbani,Orisa,TANK,48.1,14.4
Competitive,Bronze,numbani,Pharah,DAMAGE,50.1,7.5
Competitive,Bronze,numbani,Ramattra,TANK,46.2,8.8
Competitive,Bronze,numbani,Reaper,DAMAGE,48.1,13.4
Competitive,Bronze,numbani,Reinhardt,TANK,47.8,8.2
Competitive,Bronze,numbani,Roadhog,TANK,53.1,5.9
Competitive,Bronze,numbani,Sigma,TANK,50.2,15.6
Competitive,Bronze,numbani,Sojourn,DAMAGE,41.8,18.5
Competitive,Bronze,numbani,Soldier: 76,DAMAGE,45.5,22.5
Competitive,Bronze,numbani,Sombra,DAMAGE,46.0,2.4
Competitive,Bronze,numbani,Symmetra,DAMAGE,49.5,3.7
Competitive,Bronze,numbani,Torbjörn,DAMAGE,45.2,4.7
Competitive,Bronze,numbani,Tracer,DAMAGE,50.2,4.7
Competitive,Bronze,numbani,Vendetta,DAMAGE,56.4,2.9
Competitive,Bronze,numbani,Venture,DAMAGE,48.3,2.8
Competitive,Bronze,numbani,Widowmaker,DAMAGE,43.5,3.3
Competitive,Bronze,numbani,Winston,TANK,57.3,7.0
Competitive,Bronze,numbani,Wrecking Ball,TANK,49.4,2.5
Competitive,Bronze,numbani,Wuyang,SUPPORT,53.6,14.2
Competitive,Bronze,numbani,Zarya,TANK,46.8,5.5
Competitive,Bronze,numbani,Zenyatta,SUPPORT,50.3,10.8
Competitive,Bronze,kings-row,Ana,SUPPORT,46.0,27.1
Competitive,Bronze,kings-row,Anran,DAMAGE,45.9,9.3
Competitive,Bronze,kings-row,Ashe,DAMAGE,49.5,12.9
Competitive,Bronze,kings-row,Baptiste,SUPPORT,48.4,6.4
Competitive,Bronze,kings-row,Bastion,DAMAGE,49.8,19.6
Competitive,Bronze,kings-row,Brigitte,SUPPORT,51.3,2.0
Competitive,Bronze,kings-row,Cassidy,DAMAGE,46.5,12.0
Competitive,Bronze,kings-row,D.Va,TANK,43.4,9.4
Competitive,Bronze,kings-row,Domina,TANK,45.7,8.5
Competitive,Bronze,kings-row,Doomfist,TANK,48.3,3.1
Competitive,Bronze,kings-row,Echo,DAMAGE,49.7,4.1
Competitive,Bronze,kings-row,Emre,DAMAGE,47.3,17.0
Competitive,Bronze,kings-row,Freja,DAMAGE,47.5,4.1
Competitive,Bronze,kings-row,Genji,DAMAGE,53.6,7.3
Competitive,Bronze,kings-row,Hanzo,DAMAGE,53.8,6.4
Competitive,Bronze,kings-row,Hazard,TANK,48.7,2.0
Competitive,Bronze,kings-row,Illari,SUPPORT,50.8,16.0
Competitive,Bronze,kings-row,Jetpack Cat,SUPPORT,45.5,2.7
Competitive,Bronze,kings-row,Junker Queen,TANK,51.0,1.8
Competitive,Bronze,kings-row,Junkrat,DAMAGE,48.6,11.5
Competitive,Bronze,kings-row,Juno,SUPPORT,47.7,18.3
Competitive,Bronze,kings-row,Kiriko,SUPPORT,50.3,38.5
Competitive,Bronze,kings-row,Lifeweaver,SUPPORT,47.8,3.6
Competitive,Bronze,kings-row,Lúcio,SUPPORT,45.9,6.4
Competitive,Bronze,kings-row,Mauga,TANK,45.6,4.7
Competitive,Bronze,kings-row,Mei,DAMAGE,49.8,7.2
Competitive,Bronze,kings-row,Mercy,SUPPORT,48.0,11.0
Competitive,Bronze,kings-row,Mizuki,SUPPORT,52.3,18.2
Competitive,Bronze,kings-row,Moira,SUPPORT,47.1,25.2
Competitive,Bronze,kings-row,Orisa,TANK,47.2,14.6
Competitive,Bronze,kings-row,Pharah,DAMAGE,53.3,7.6
Competitive,Bronze,kings-row,Ramattra,TANK,47.9,10.0
Competitive,Bronze,kings-row,Reaper,DAMAGE,52.3,13.2
Competitive,Bronze,kings-row,Reinhardt,TANK,52.3,9.1
Competitive,Bronze,kings-row,Roadhog,TANK,44.5,4.3
Competitive,Bronze,kings-row,Sigma,TANK,53.2,18.2
Competitive,Bronze,kings-row,Sojourn,DAMAGE,42.7,20.1
Competitive,Bronze,kings-row,Soldier: 76,DAMAGE,45.3,17.7
Competitive,Bronze,kings-row,Sombra,DAMAGE,47.8,2.3
Competitive,Bronze,kings-row,Symmetra,DAMAGE,57.1,4.9
Competitive,Bronze,kings-row,Torbjörn,DAMAGE,49.5,5.5
Competitive,Bronze,kings-row,Tracer,DAMAGE,48.1,4.1
Competitive,Bronze,kings-row,Vendetta,DAMAGE,63.0,2.6
Competitive,Bronze,kings-row,Venture,DAMAGE,50.9,3.2
Competitive,Bronze,kings-row,Widowmaker,DAMAGE,52.5,7.4
Competitive,Bronze,kings-row,Winston,TANK,51.2,5.6
Competitive,Bronze,kings-row,Wrecking Ball,TANK,53.3,2.3
Competitive,Bronze,kings-row,Wuyang,SUPPORT,51.0,12.8
Competitive,Bronze,kings-row,Zarya,TANK,54.8,6.5
Competitive,Bronze,kings-row,Zenyatta,SUPPORT,51.9,11.7
Competitive,Bronze,hollywood,Ana,SUPPORT,50.7,26.9
Competitive,Bronze,hollywood,Anran,DAMAGE,45.4,9.6
Competitive,Bronze,hollywood,Ashe,DAMAGE,49.9,14.4
Competitive,Bronze,hollywood,Baptiste,SUPPORT,45.2,5.7
Competitive,Bronze,hollywood,Bastion,DAMAGE,50.1,17.6
Competitive,Bronze,hollywood,Brigitte,SUPPORT,42.3,1.8
Competitive,Bronze,hollywood,Cassidy,DAMAGE,48.6,12.9
Competitive,Bronze,hollywood,D.Va,TANK,45.3,10.6
Competitive,Bronze,hollywood,Domina,TANK,50.4,8.5
Competitive,Bronze,hollywood,Doomfist,TANK,52.8,3.9
Competitive,Bronze,hollywood,Echo,DAMAGE,49.9,5.0
Competitive,Bronze,hollywood,Emre,DAMAGE,50.2,17.5
Competitive,Bronze,hollywood,Freja,DAMAGE,40.6,3.8
Competitive,Bronze,hollywood,Genji,DAMAGE,52.9,7.7
Competitive,Bronze,hollywood,Hanzo,DAMAGE,50.0,6.6
Competitive,Bronze,hollywood,Hazard,TANK,45.3,2.4
Competitive,Bronze,hollywood,Illari,SUPPORT,54.4,14.5
Competitive,Bronze,hollywood,Jetpack Cat,SUPPORT,38.0,2.8
Competitive,Bronze,hollywood,Junker Queen,TANK,52.2,1.6
Competitive,Bronze,hollywood,Junkrat,DAMAGE,42.1,10.9
Competitive,Bronze,hollywood,Juno,SUPPORT,47.3,19.8
Competitive,Bronze,hollywood,Kiriko,SUPPORT,45.9,37.7
Competitive,Bronze,hollywood,Lifeweaver,SUPPORT,45.0,3.2
Competitive,Bronze,hollywood,Lúcio,SUPPORT,46.0,6.6
Competitive,Bronze,hollywood,Mauga,TANK,44.0,4.9
Competitive,Bronze,hollywood,Mei,DAMAGE,52.0,7.0
Competitive,Bronze,hollywood,Mercy,SUPPORT,42.9,11.6
Competitive,Bronze,hollywood,Mizuki,SUPPORT,51.9,17.8
Competitive,Bronze,hollywood,Moira,SUPPORT,47.2,26.0
Competitive,Bronze,hollywood,Orisa,TANK,48.7,13.9
Competitive,Bronze,hollywood,Pharah,DAMAGE,52.5,6.8
Competitive,Bronze,hollywood,Ramattra,TANK,44.5,9.7
Competitive,Bronze,hollywood,Reaper,DAMAGE,48.6,13.4
Competitive,Bronze,hollywood,Reinhardt,TANK,45.5,7.8
Competitive,Bronze,hollywood,Roadhog,TANK,46.9,5.0
Competitive,Bronze,hollywood,Sigma,TANK,54.2,17.0
Competitive,Bronze,hollywood,Sojourn,DAMAGE,44.9,20.2
Competitive,Bronze,hollywood,Soldier: 76,DAMAGE,47.6,19.1
Competitive,Bronze,hollywood,Sombra,DAMAGE,50.4,2.6
Competitive,Bronze,hollywood,Symmetra,DAMAGE,54.5,4.9
Competitive,Bronze,hollywood,Torbjörn,DAMAGE,47.9,5.6
Competitive,Bronze,hollywood,Tracer,DAMAGE,48.8,4.8
Competitive,Bronze,hollywood,Vendetta,DAMAGE,60.0,2.7
Competitive,Bronze,hollywood,Venture,DAMAGE,52.0,2.9
Competitive,Bronze,hollywood,Widowmaker,DAMAGE,46.8,3.9
Competitive,Bronze,hollywood,Winston,TANK,51.4,6.7
Competitive,Bronze,hollywood,Wrecking Ball,TANK,51.5,2.3
Competitive,Bronze,hollywood,Wuyang,SUPPORT,52.5,13.9
Competitive,Bronze,hollywood,Zarya,TANK,49.2,5.6
Competitive,Bronze,hollywood,Zenyatta,SUPPORT,55.0,11.6
Competitive,Bronze,paraiso,Ana,SUPPORT,47.5,24.3
Competitive,Bronze,paraiso,Anran,DAMAGE,51.5,11.7
Competitive,Bronze,paraiso,Ashe,DAMAGE,50.6,13.4
Competitive,Bronze,paraiso,Baptiste,SUPPORT,41.2,7.4
Competitive,Bronze,paraiso,Bastion,DAMAGE,47.5,18.8
Competitive,Bronze,paraiso,Brigitte,SUPPORT,38.9,2.1
Competitive,Bronze,paraiso,Cassidy,DAMAGE,52.4,13.1
Competitive,Bronze,paraiso,D.Va,TANK,41.6,10.4
Competitive,Bronze,paraiso,Domina,TANK,54.7,9.0
Competitive,Bronze,paraiso,Doomfist,TANK,50.0,3.5
Competitive,Bronze,paraiso,Echo,DAMAGE,51.1,5.4
Competitive,Bronze,paraiso,Emre,DAMAGE,49.9,18.7
Competitive,Bronze,paraiso,Freja,DAMAGE,46.3,4.6
Competitive,Bronze,paraiso,Genji,DAMAGE,53.3,7.6
Competitive,Bronze,paraiso,Hanzo,DAMAGE,49.8,5.5
Competitive,Bronze,paraiso,Hazard,TANK,44.6,2.0
Competitive,Bronze,paraiso,Illari,SUPPORT,54.4,13.3
Competitive,Bronze,paraiso,Jetpack Cat,SUPPORT,52.3,2.8
Competitive,Bronze,paraiso,Junker Queen,TANK,49.3,1.9
Competitive,Bronze,paraiso,Junkrat,DAMAGE,49.4,9.2
Competitive,Bronze,paraiso,Juno,SUPPORT,49.6,20.8
Competitive,Bronze,paraiso,Kiriko,SUPPORT,47.8,41.2
Competitive,Bronze,paraiso,Lifeweaver,SUPPORT,40.0,3.5
Competitive,Bronze,paraiso,Lúcio,SUPPORT,49.9,5.8
Competitive,Bronze,paraiso,Mauga,TANK,49.3,4.8
Competitive,Bronze,paraiso,Mei,DAMAGE,51.7,7.2
Competitive,Bronze,paraiso,Mercy,SUPPORT,47.3,10.3
Competitive,Bronze,paraiso,Mizuki,SUPPORT,52.9,18.5
Competitive,Bronze,paraiso,Moira,SUPPORT,46.2,26.5
Competitive,Bronze,paraiso,Orisa,TANK,46.6,15.6
Competitive,Bronze,paraiso,Pharah,DAMAGE,50.2,7.1
Competitive,Bronze,paraiso,Ramattra,TANK,49.9,9.7
Competitive,Bronze,paraiso,Reaper,DAMAGE,47.1,14.0
Competitive,Bronze,paraiso,Reinhardt,TANK,47.7,7.1
Competitive,Bronze,paraiso,Roadhog,TANK,47.9,4.5
Competitive,Bronze,paraiso,Sigma,TANK,53.1,17.9
Competitive,Bronze,paraiso,Sojourn,DAMAGE,42.1,19.7
Competitive,Bronze,paraiso,Soldier: 76,DAMAGE,46.1,18.5
Competitive,Bronze,paraiso,Sombra,DAMAGE,47.9,2.8
Competitive,Bronze,paraiso,Symmetra,DAMAGE,60.1,4.8
Competitive,Bronze,paraiso,Torbjörn,DAMAGE,46.1,5.6
Competitive,Bronze,paraiso,Tracer,DAMAGE,53.4,4.7
Competitive,Bronze,paraiso,Vendetta,DAMAGE,59.6,2.5
Competitive,Bronze,paraiso,Venture,DAMAGE,47.9,2.7
Competitive,Bronze,paraiso,Widowmaker,DAMAGE,32.5,2.5
Competitive,Bronze,paraiso,Winston,TANK,50.6,6.2
Competitive,Bronze,paraiso,Wrecking Ball,TANK,47.2,1.9
Competitive,Bronze,paraiso,Wuyang,SUPPORT,52.7,13.4
Competitive,Bronze,paraiso,Zarya,TANK,48.3,5.6
Competitive,Bronze,paraiso,Zenyatta,SUPPORT,48.8,10.2
Competitive,Bronze,eichenwalde,Ana,SUPPORT,49.3,26.2
Competitive,Bronze,eichenwalde,Anran,DAMAGE,52.5,10.1
Competitive,Bronze,eichenwalde,Ashe,DAMAGE,50.5,10.3
Competitive,Bronze,eichenwalde,Baptiste,SUPPORT,45.5,5.4
Competitive,Bronze,eichenwalde,Bastion,DAMAGE,45.8,18.0
Competitive,Bronze,eichenwalde,Brigitte,SUPPORT,52.6,2.0
Competitive,Bronze,eichenwalde,Cassidy,DAMAGE,45.9,12.6
Competitive,Bronze,eichenwalde,D.Va,TANK,45.8,9.2
Competitive,Bronze,eichenwalde,Domina,TANK,51.7,8.9
Competitive,Bronze,eichenwalde,Doomfist,TANK,51.7,3.6
Competitive,Bronze,eichenwalde,Echo,DAMAGE,51.4,5.1
Competitive,Bronze,eichenwalde,Emre,DAMAGE,48.4,17.6
Competitive,Bronze,eichenwalde,Freja,DAMAGE,53.9,4.4
Competitive,Bronze,eichenwalde,Genji,DAMAGE,47.7,7.6
Competitive,Bronze,eichenwalde,Hanzo,DAMAGE,49.7,6.7
Competitive,Bronze,eichenwalde,Hazard,TANK,43.0,1.6
Competitive,Bronze,eichenwalde,Illari,SUPPORT,56.1,14.5
Competitive,Bronze,eichenwalde,Jetpack Cat,SUPPORT,53.6,3.6
Competitive,Bronze,eichenwalde,Junker Queen,TANK,46.4,1.8
Competitive,Bronze,eichenwalde,Junkrat,DAMAGE,46.3,12.5
Competitive,Bronze,eichenwalde,Juno,SUPPORT,47.9,19.0
Competitive,Bronze,eichenwalde,Kiriko,SUPPORT,46.5,37.3
Competitive,Bronze,eichenwalde,Lifeweaver,SUPPORT,40.1,3.6
Competitive,Bronze,eichenwalde,Lúcio,SUPPORT,43.1,7.1
Competitive,Bronze,eichenwalde,Mauga,TANK,46.3,4.6
Competitive,Bronze,eichenwalde,Mei,DAMAGE,50.7,7.0
Competitive,Bronze,eichenwalde,Mercy,SUPPORT,47.2,12.2
Competitive,Bronze,eichenwalde,Mizuki,SUPPORT,50.8,17.7
Competitive,Bronze,eichenwalde,Moira,SUPPORT,48.6,26.4
Competitive,Bronze,eichenwalde,Orisa,TANK,47.2,13.9
Competitive,Bronze,eichenwalde,Pharah,DAMAGE,52.2,9.3
Competitive,Bronze,eichenwalde,Ramattra,TANK,46.4,9.6
Competitive,Bronze,eichenwalde,Reaper,DAMAGE,55.5,13.3
Competitive,Bronze,eichenwalde,Reinhardt,TANK,49.6,9.5
Competitive,Bronze,eichenwalde,Roadhog,TANK,46.0,4.9
Competitive,Bronze,eichenwalde,Sigma,TANK,55.2,18.6
Competitive,Bronze,eichenwalde,Sojourn,DAMAGE,41.0,18.3
Competitive,Bronze,eichenwalde,Soldier: 76,DAMAGE,46.2,19.3
Competitive,Bronze,eichenwalde,Sombra,DAMAGE,54.7,2.5
Competitive,Bronze,eichenwalde,Symmetra,DAMAGE,59.5,4.6
Competitive,Bronze,eichenwalde,Torbjörn,DAMAGE,49.9,7.5
Competitive,Bronze,eichenwalde,Tracer,DAMAGE,46.1,4.1
Competitive,Bronze,eichenwalde,Vendetta,DAMAGE,54.9,3.5
Competitive,Bronze,eichenwalde,Venture,DAMAGE,55.2,3.1
Competitive,Bronze,eichenwalde,Widowmaker,DAMAGE,51.1,2.5
Competitive,Bronze,eichenwalde,Winston,TANK,46.6,5.5
Competitive,Bronze,eichenwalde,Wrecking Ball,TANK,45.2,2.6
Competitive,Bronze,eichenwalde,Wuyang,SUPPORT,52.2,13.6
Competitive,Bronze,eichenwalde,Zarya,TANK,51.9,5.7
Competitive,Bronze,eichenwalde,Zenyatta,SUPPORT,50.5,11.5
Competitive,Bronze,blizzard-world,Ana,SUPPORT,43.5,26.9
Competitive,Bronze,blizzard-world,Anran,DAMAGE,45.9,9.2
Competitive,Bronze,blizzard-world,Ashe,DAMAGE,54.1,12.4
Competitive,Bronze,blizzard-world,Baptiste,SUPPORT,43.7,6.2
Competitive,Bronze,blizzard-world,Bastion,DAMAGE,45.5,18.0
Competitive,Bronze,blizzard-world,Brigitte,SUPPORT,49.4,1.9
Competitive,Bronze,blizzard-world,Cassidy,DAMAGE,45.8,12.2
Competitive,Bronze,blizzard-world,D.Va,TANK,48.9,10.8
Competitive,Bronze,blizzard-world,Domina,TANK,55.6,10.2
Competitive,Bronze,blizzard-world,Doomfist,TANK,53.6,3.2
Competitive,Bronze,blizzard-world,Echo,DAMAGE,44.0,4.6
Competitive,Bronze,blizzard-world,Emre,DAMAGE,47.1,16.8
Competitive,Bronze,blizzard-world,Freja,DAMAGE,48.8,5.5
Competitive,Bronze,blizzard-world,Genji,DAMAGE,44.9,6.9
Competitive,Bronze,blizzard-world,Hanzo,DAMAGE,52.5,7.3
Competitive,Bronze,blizzard-world,Hazard,TANK,40.4,1.9
Competitive,Bronze,blizzard-world,Illari,SUPPORT,56.1,14.7
Competitive,Bronze,blizzard-world,Jetpack Cat,SUPPORT,50.7,3.3
Competitive,Bronze,blizzard-world,Junker Queen,TANK,40.3,1.5
Competitive,Bronze,blizzard-world,Junkrat,DAMAGE,46.8,10.4
Competitive,Bronze,blizzard-world,Juno,SUPPORT,42.7,20.5
Competitive,Bronze,blizzard-world,Kiriko,SUPPORT,51.1,38.5
Competitive,Bronze,blizzard-world,Lifeweaver,SUPPORT,44.3,3.6
Competitive,Bronze,blizzard-world,Lúcio,SUPPORT,45.0,5.5
Competitive,Bronze,blizzard-world,Mauga,TANK,47.7,4.3
Competitive,Bronze,blizzard-world,Mei,DAMAGE,49.7,7.8
Competitive,Bronze,blizzard-world,Mercy,SUPPORT,47.0,12.6
Competitive,Bronze,blizzard-world,Mizuki,SUPPORT,54.2,16.4
Competitive,Bronze,blizzard-world,Moira,SUPPORT,48.7,26.3
Competitive,Bronze,blizzard-world,Orisa,TANK,41.1,14.8
Competitive,Bronze,blizzard-world,Pharah,DAMAGE,54.5,6.9
Competitive,Bronze,blizzard-world,Ramattra,TANK,43.6,8.8
Competitive,Bronze,blizzard-world,Reaper,DAMAGE,53.0,13.3
Competitive,Bronze,blizzard-world,Reinhardt,TANK,51.4,8.1
Competitive,Bronze,blizzard-world,Roadhog,TANK,49.0,5.3
Competitive,Bronze,blizzard-world,Sigma,TANK,50.6,15.7
Competitive,Bronze,blizzard-world,Sojourn,DAMAGE,41.2,18.7
Competitive,Bronze,blizzard-world,Soldier: 76,DAMAGE,48.9,20.7
Competitive,Bronze,blizzard-world,Sombra,DAMAGE,51.0,3.3
Competitive,Bronze,blizzard-world,Symmetra,DAMAGE,59.6,4.4
Competitive,Bronze,blizzard-world,Torbjörn,DAMAGE,51.2,5.5
Competitive,Bronze,blizzard-world,Tracer,DAMAGE,50.0,5.6
Competitive,Bronze,blizzard-world,Vendetta,DAMAGE,52.3,2.9
Competitive,Bronze,blizzard-world,Venture,DAMAGE,49.1,3.5
Competitive,Bronze,blizzard-world,Widowmaker,DAMAGE,42.9,4.2
Competitive,Bronze,blizzard-world,Winston,TANK,47.0,6.9
Competitive,Bronze,blizzard-world,Wrecking Ball,TANK,56.5,3.3
Competitive,Bronze,blizzard-world,Wuyang,SUPPORT,48.0,12.9
Competitive,Bronze,blizzard-world,Zarya,TANK,51.6,5.1
Competitive,Bronze,blizzard-world,Zenyatta,SUPPORT,50.4,10.8
Competitive,Bronze,esperanca,Ana,SUPPORT,45.6,22.6
Competitive,Bronze,esperanca,Anran,DAMAGE,50.5,11.9
Competitive,Bronze,esperanca,Ashe,DAMAGE,51.2,12.2
Competitive,Bronze,esperanca,Baptiste,SUPPORT,42.9,5.7
Competitive,Bronze,esperanca,Bastion,DAMAGE,52.4,14.1
Competitive,Bronze,esperanca,Brigitte,SUPPORT,47.0,2.1
Competitive,Bronze,esperanca,Cassidy,DAMAGE,52.3,16.3
Competitive,Bronze,esperanca,D.Va,TANK,50.0,10.4
Competitive,Bronze,esperanca,Domina,TANK,55.2,10.9
Competitive,Bronze,esperanca,Doomfist,TANK,44.0,3.8
Competitive,Bronze,esperanca,Echo,DAMAGE,53.2,5.5
Competitive,Bronze,esperanca,Emre,DAMAGE,53.4,20.1
Competitive,Bronze,esperanca,Freja,DAMAGE,43.1,5.0
Competitive,Bronze,esperanca,Genji,DAMAGE,50.2,9.0
Competitive,Bronze,esperanca,Hanzo,DAMAGE,44.1,5.0
Competitive,Bronze,esperanca,Hazard,TANK,43.5,2.8
Competitive,Bronze,esperanca,Illari,SUPPORT,53.2,9.4
Competitive,Bronze,esperanca,Jetpack Cat,SUPPORT,44.5,2.9
Competitive,Bronze,esperanca,Junker Queen,TANK,49.3,2.1
Competitive,Bronze,esperanca,Junkrat,DAMAGE,48.8,7.4
Competitive,Bronze,esperanca,Juno,SUPPORT,51.6,23.4
Competitive,Bronze,esperanca,Kiriko,SUPPORT,46.8,44.4
Competitive,Bronze,esperanca,Lifeweaver,SUPPORT,34.2,4.0
Competitive,Bronze,esperanca,Lúcio,SUPPORT,44.1,6.4
Competitive,Bronze,esperanca,Mauga,TANK,55.3,4.7
Competitive,Bronze,esperanca,Mei,DAMAGE,50.3,6.5
Competitive,Bronze,esperanca,Mercy,SUPPORT,51.3,8.7
Competitive,Bronze,esperanca,Mizuki,SUPPORT,56.6,19.9
Competitive,Bronze,esperanca,Moira,SUPPORT,52.6,26.5
Competitive,Bronze,esperanca,Orisa,TANK,49.9,13.7
Competitive,Bronze,esperanca,Pharah,DAMAGE,49.3,7.1
Competitive,Bronze,esperanca,Ramattra,TANK,50.1,10.2
Competitive,Bronze,esperanca,Reaper,DAMAGE,52.2,12.8
Competitive,Bronze,esperanca,Reinhardt,TANK,48.1,6.5
Competitive,Bronze,esperanca,Roadhog,TANK,46.5,5.4
Competitive,Bronze,esperanca,Sigma,TANK,52.5,15.0
Competitive,Bronze,esperanca,Sojourn,DAMAGE,43.6,21.7
Competitive,Bronze,esperanca,Soldier: 76,DAMAGE,52.7,20.9
Competitive,Bronze,esperanca,Sombra,DAMAGE,47.3,3.0
Competitive,Bronze,esperanca,Symmetra,DAMAGE,46.4,2.4
Competitive,Bronze,esperanca,Torbjörn,DAMAGE,49.7,3.4
Competitive,Bronze,esperanca,Tracer,DAMAGE,45.1,7.2
Competitive,Bronze,esperanca,Vendetta,DAMAGE,50.7,3.5
Competitive,Bronze,esperanca,Venture,DAMAGE,53.0,2.8
Competitive,Bronze,esperanca,Widowmaker,DAMAGE,44.0,2.3
Competitive,Bronze,esperanca,Winston,TANK,52.5,6.1
Competitive,Bronze,esperanca,Wrecking Ball,TANK,54.4,3.1
Competitive,Bronze,esperanca,Wuyang,SUPPORT,52.3,14.3
Competitive,Bronze,esperanca,Zarya,TANK,38.5,5.3
Competitive,Bronze,esperanca,Zenyatta,SUPPORT,55.2,10.0
Competitive,Bronze,new-queen-street,Ana,SUPPORT,47.2,24.6
Competitive,Bronze,new-queen-street,Anran,DAMAGE,53.0,13.4
Competitive,Bronze,new-queen-street,Ashe,DAMAGE,49.1,11.3
Competitive,Bronze,new-queen-street,Baptiste,SUPPORT,42.0,5.4
Competitive,Bronze,new-queen-street,Bastion,DAMAGE,46.0,14.3
Competitive,Bronze,new-queen-street,Brigitte,SUPPORT,47.5,2.1
Competitive,Bronze,new-queen-street,Cassidy,DAMAGE,46.5,17.0
Competitive,Bronze,new-queen-street,D.Va,TANK,46.2,10.5
Competitive,Bronze,new-queen-street,Domina,TANK,52.3,9.8
Competitive,Bronze,new-queen-street,Doomfist,TANK,55.6,3.7
Competitive,Bronze,new-queen-street,Echo,DAMAGE,47.3,5.2
Competitive,Bronze,new-queen-street,Emre,DAMAGE,51.7,20.6
Competitive,Bronze,new-queen-street,Freja,DAMAGE,50.9,4.4
Competitive,Bronze,new-queen-street,Genji,DAMAGE,43.5,8.1
Competitive,Bronze,new-queen-street,Hanzo,DAMAGE,47.5,5.3
Competitive,Bronze,new-queen-street,Hazard,TANK,44.4,2.5
Competitive,Bronze,new-queen-street,Illari,SUPPORT,50.3,8.6
Competitive,Bronze,new-queen-street,Jetpack Cat,SUPPORT,36.2,3.4
Competitive,Bronze,new-queen-street,Junker Queen,TANK,53.5,2.9
Competitive,Bronze,new-queen-street,Junkrat,DAMAGE,49.8,5.7
Competitive,Bronze,new-queen-street,Juno,SUPPORT,48.6,24.5
Competitive,Bronze,new-queen-street,Kiriko,SUPPORT,48.6,42.6
Competitive,Bronze,new-queen-street,Lifeweaver,SUPPORT,40.0,3.7
Competitive,Bronze,new-queen-street,Lúcio,SUPPORT,50.4,6.1
Competitive,Bronze,new-queen-street,Mauga,TANK,48.0,5.1
Competitive,Bronze,new-queen-street,Mei,DAMAGE,52.3,5.7
Competitive,Bronze,new-queen-street,Mercy,SUPPORT,47.9,8.3
Competitive,Bronze,new-queen-street,Mizuki,SUPPORT,53.4,20.4
Competitive,Bronze,new-queen-street,Moira,SUPPORT,55.6,27.0
Competitive,Bronze,new-queen-street,Orisa,TANK,43.6,14.9
Competitive,Bronze,new-queen-street,Pharah,DAMAGE,43.4,6.2
Competitive,Bronze,new-queen-street,Ramattra,TANK,48.5,8.2
Competitive,Bronze,new-queen-street,Reaper,DAMAGE,56.2,13.0
Competitive,Bronze,new-queen-street,Reinhardt,TANK,56.7,7.2
Competitive,Bronze,new-queen-street,Roadhog,TANK,49.0,5.4
Competitive,Bronze,new-queen-street,Sigma,TANK,54.2,14.9
Competitive,Bronze,new-queen-street,Sojourn,DAMAGE,44.5,21.7
Competitive,Bronze,new-queen-street,Soldier: 76,DAMAGE,56.8,22.6
Competitive,Bronze,new-queen-street,Sombra,DAMAGE,58.1,3.6
Competitive,Bronze,new-queen-street,Symmetra,DAMAGE,52.8,1.9
Competitive,Bronze,new-queen-street,Torbjörn,DAMAGE,50.7,4.0
Competitive,Bronze,new-queen-street,Tracer,DAMAGE,49.6,7.8
Competitive,Bronze,new-queen-street,Vendetta,DAMAGE,45.9,2.9
Competitive,Bronze,new-queen-street,Venture,DAMAGE,58.7,3.3
Competitive,Bronze,new-queen-street,Widowmaker,DAMAGE,49.3,1.9
Competitive,Bronze,new-queen-street,Winston,TANK,50.2,6.4
Competitive,Bronze,new-queen-street,Wrecking Ball,TANK,54.9,3.2
Competitive,Bronze,new-queen-street,Wuyang,SUPPORT,55.9,13.8
Competitive,Bronze,new-queen-street,Zarya,TANK,49.1,5.4
Competitive,Bronze,new-queen-street,Zenyatta,SUPPORT,50.8,9.3
Competitive,Bronze,runasapi,Ana,SUPPORT,49.2,23.7
Competitive,Bronze,runasapi,Anran,DAMAGE,49.0,12.1
Competitive,Bronze,runasapi,Ashe,DAMAGE,49.5,12.1
Competitive,Bronze,runasapi,Baptiste,SUPPORT,40.8,5.0
Competitive,Bronze,runasapi,Bastion,DAMAGE,49.0,15.1
Competitive,Bronze,runasapi,Brigitte,SUPPORT,54.2,3.0
Competitive,Bronze,runasapi,Cassidy,DAMAGE,51.7,16.0
Competitive,Bronze,runasapi,D.Va,TANK,44.3,9.5
Competitive,Bronze,runasapi,Domina,TANK,51.1,9.5
Competitive,Bronze,runasapi,Doomfist,TANK,47.6,3.5
Competitive,Bronze,runasapi,Echo,DAMAGE,48.5,5.3
Competitive,Bronze,runasapi,Emre,DAMAGE,47.9,21.0
Competitive,Bronze,runasapi,Freja,DAMAGE,45.6,5.1
Competitive,Bronze,runasapi,Genji,DAMAGE,53.9,8.3
Competitive,Bronze,runasapi,Hanzo,DAMAGE,46.9,4.4
Competitive,Bronze,runasapi,Hazard,TANK,53.4,2.8
Competitive,Bronze,runasapi,Illari,SUPPORT,54.9,8.7
Competitive,Bronze,runasapi,Jetpack Cat,SUPPORT,46.1,3.3
Competitive,Bronze,runasapi,Junker Queen,TANK,53.1,2.7
Competitive,Bronze,runasapi,Junkrat,DAMAGE,48.6,7.1
Competitive,Bronze,runasapi,Juno,SUPPORT,52.9,23.7
Competitive,Bronze,runasapi,Kiriko,SUPPORT,46.4,44.7
Competitive,Bronze,runasapi,Lifeweaver,SUPPORT,46.5,3.4
Competitive,Bronze,runasapi,Lúcio,SUPPORT,49.3,5.7
Competitive,Bronze,runasapi,Mauga,TANK,49.9,5.5
Competitive,Bronze,runasapi,Mei,DAMAGE,49.2,6.3
Competitive,Bronze,runasapi,Mercy,SUPPORT,41.7,8.6
Competitive,Bronze,runasapi,Mizuki,SUPPORT,53.5,21.2
Competitive,Bronze,runasapi,Moira,SUPPORT,51.1,27.4
Competitive,Bronze,runasapi,Orisa,TANK,44.0,14.4
Competitive,Bronze,runasapi,Pharah,DAMAGE,49.1,5.8
Competitive,Bronze,runasapi,Ramattra,TANK,49.6,9.6
Competitive,Bronze,runasapi,Reaper,DAMAGE,58.7,12.9
Competitive,Bronze,runasapi,Reinhardt,TANK,58.5,7.8
Competitive,Bronze,runasapi,Roadhog,TANK,44.6,5.5
Competitive,Bronze,runasapi,Sigma,TANK,52.1,15.7
Competitive,Bronze,runasapi,Sojourn,DAMAGE,43.1,21.6
Competitive,Bronze,runasapi,Soldier: 76,DAMAGE,52.1,21.0
Competitive,Bronze,runasapi,Sombra,DAMAGE,59.4,3.1
Competitive,Bronze,runasapi,Symmetra,DAMAGE,44.7,2.5
Competitive,Bronze,runasapi,Torbjörn,DAMAGE,52.0,3.7
Competitive,Bronze,runasapi,Tracer,DAMAGE,54.1,8.8
Competitive,Bronze,runasapi,Vendetta,DAMAGE,55.7,3.0
Competitive,Bronze,runasapi,Venture,DAMAGE,55.5,3.0
Competitive,Bronze,runasapi,Widowmaker,DAMAGE,36.3,1.8
Competitive,Bronze,runasapi,Winston,TANK,54.0,6.4
Competitive,Bronze,runasapi,Wrecking Ball,TANK,52.6,2.6
Competitive,Bronze,runasapi,Wuyang,SUPPORT,52.8,13.0
Competitive,Bronze,runasapi,Zarya,TANK,53.7,4.5
Competitive,Bronze,runasapi,Zenyatta,SUPPORT,52.6,8.7
Competitive,Bronze,colosseo,Ana,SUPPORT,49.7,26.3
Competitive,Bronze,colosseo,Anran,DAMAGE,56.7,14.1
Competitive,Bronze,colosseo,Ashe,DAMAGE,45.5,11.9
Competitive,Bronze,colosseo,Baptiste,SUPPORT,42.5,5.4
Competitive,Bronze,colosseo,Bastion,DAMAGE,49.5,15.7
Competitive,Bronze,colosseo,Brigitte,SUPPORT,49.0,2.7
Competitive,Bronze,colosseo,Cassidy,DAMAGE,48.6,15.2
Competitive,Bronze,colosseo,D.Va,TANK,44.8,9.1
Competitive,Bronze,colosseo,Domina,TANK,52.1,9.9
Competitive,Bronze,colosseo,Doomfist,TANK,56.3,3.5
Competitive,Bronze,colosseo,Echo,DAMAGE,53.9,4.4
Competitive,Bronze,colosseo,Emre,DAMAGE,49.6,21.0
Competitive,Bronze,colosseo,Freja,DAMAGE,44.6,4.4
Competitive,Bronze,colosseo,Genji,DAMAGE,48.2,8.4
Competitive,Bronze,colosseo,Hanzo,DAMAGE,43.6,5.5
Competitive,Bronze,colosseo,Hazard,TANK,44.5,2.5
Competitive,Bronze,colosseo,Illari,SUPPORT,50.8,9.8
Competitive,Bronze,colosseo,Jetpack Cat,SUPPORT,48.8,3.4
Competitive,Bronze,colosseo,Junker Queen,TANK,54.1,2.6
Competitive,Bronze,colosseo,Junkrat,DAMAGE,54.0,7.4
Competitive,Bronze,colosseo,Juno,SUPPORT,50.0,23.1
Competitive,Bronze,colosseo,Kiriko,SUPPORT,49.6,42.7
Competitive,Bronze,colosseo,Lifeweaver,SUPPORT,42.3,3.1
Competitive,Bronze,colosseo,Lúcio,SUPPORT,48.0,5.6
Competitive,Bronze,colosseo,Mauga,TANK,46.1,4.6
Competitive,Bronze,colosseo,Mei,DAMAGE,53.0,6.0
Competitive,Bronze,colosseo,Mercy,SUPPORT,47.6,8.0
Competitive,Bronze,colosseo,Mizuki,SUPPORT,54.3,19.7
Competitive,Bronze,colosseo,Moira,SUPPORT,48.1,27.1
Competitive,Bronze,colosseo,Orisa,TANK,47.1,14.2
Competitive,Bronze,colosseo,Pharah,DAMAGE,53.8,6.6
Competitive,Bronze,colosseo,Ramattra,TANK,49.5,10.7
Competitive,Bronze,colosseo,Reaper,DAMAGE,49.3,13.7
Competitive,Bronze,colosseo,Reinhardt,TANK,49.6,8.0
Competitive,Bronze,colosseo,Roadhog,TANK,50.5,4.9
Competitive,Bronze,colosseo,Sigma,TANK,51.3,15.7
Competitive,Bronze,colosseo,Sojourn,DAMAGE,44.7,21.1
Competitive,Bronze,colosseo,Soldier: 76,DAMAGE,49.7,19.9
Competitive,Bronze,colosseo,Sombra,DAMAGE,57.2,3.5
Competitive,Bronze,colosseo,Symmetra,DAMAGE,46.3,2.5
Competitive,Bronze,colosseo,Torbjörn,DAMAGE,47.7,3.3
Competitive,Bronze,colosseo,Tracer,DAMAGE,60.0,7.2
Competitive,Bronze,colosseo,Vendetta,DAMAGE,61.9,2.1
Competitive,Bronze,colosseo,Venture,DAMAGE,50.9,3.1
Competitive,Bronze,colosseo,Widowmaker,DAMAGE,46.1,2.9
Competitive,Bronze,colosseo,Winston,TANK,57.3,6.0
Competitive,Bronze,colosseo,Wrecking Ball,TANK,53.0,2.8
Competitive,Bronze,colosseo,Wuyang,SUPPORT,53.8,13.8
Competitive,Bronze,colosseo,Zarya,TANK,50.4,5.3
Competitive,Bronze,colosseo,Zenyatta,SUPPORT,52.6,9.4
Competitive,Silver,all-maps,Ana,SUPPORT,48.7,35.3
Competitive,Silver,all-maps,Anran,DAMAGE,51.7,11.3
Competitive,Silver,all-maps,Ashe,DAMAGE,50.1,12.5
Competitive,Silver,all-maps,Baptiste,SUPPORT,44.6,6.4
Competitive,Silver,all-maps,Bastion,DAMAGE,47.6,12.4
Competitive,Silver,all-maps,Brigitte,SUPPORT,48.3,2.6
Competitive,Silver,all-maps,Cassidy,DAMAGE,47.3,17.4
Competitive,Silver,all-maps,D.Va,TANK,47.2,8.9
Competitive,Silver,all-maps,Domina,TANK,53.2,8.6
Competitive,Silver,all-maps,Doomfist,TANK,51.4,4.6
Competitive,Silver,all-maps,Echo,DAMAGE,49.7,4.7
Competitive,Silver,all-maps,Emre,DAMAGE,50.0,19.6
Competitive,Silver,all-maps,Freja,DAMAGE,47.6,4.2
Competitive,Silver,all-maps,Genji,DAMAGE,52.5,10.4
Competitive,Silver,all-maps,Hanzo,DAMAGE,49.8,6.1
Competitive,Silver,all-maps,Hazard,TANK,51.3,2.2
Competitive,Silver,all-maps,Illari,SUPPORT,52.8,12.0
Competitive,Silver,all-maps,Jetpack Cat,SUPPORT,49.8,3.7
Competitive,Silver,all-maps,Junker Queen,TANK,49.7,2.3
Competitive,Silver,all-maps,Junkrat,DAMAGE,48.4,8.0
Competitive,Silver,all-maps,Juno,SUPPORT,49.8,14.6
Competitive,Silver,all-maps,Kiriko,SUPPORT,48.2,39.8
Competitive,Silver,all-maps,Lifeweaver,SUPPORT,45.4,4.0
Competitive,Silver,all-maps,Lúcio,SUPPORT,48.0,6.7
Competitive,Silver,all-maps,Mauga,TANK,47.3,4.1
Competitive,Silver,all-maps,Mei,DAMAGE,51.8,7.7
Competitive,Silver,all-maps,Mercy,SUPPORT,47.1,9.9
Competitive,Silver,all-maps,Mizuki,SUPPORT,53.0,17.9
Competitive,Silver,all-maps,Moira,SUPPORT,49.1,24.4
Competitive,Silver,all-maps,Orisa,TANK,46.2,13.3
Competitive,Silver,all-maps,Pharah,DAMAGE,51.3,6.5
Competitive,Silver,all-maps,Ramattra,TANK,47.8,7.6
Competitive,Silver,all-maps,Reaper,DAMAGE,52.1,15.2
Competitive,Silver,all-maps,Reinhardt,TANK,51.0,8.1
Competitive,Silver,all-maps,Roadhog,TANK,46.9,6.6
Competitive,Silver,all-maps,Sigma,TANK,52.5,15.3
Competitive,Silver,all-maps,Sojourn,DAMAGE,44.4,15.9
Competitive,Silver,all-maps,Soldier: 76,DAMAGE,47.8,19.7
Competitive,Silver,all-maps,Sombra,DAMAGE,50.8,3.0
Competitive,Silver,all-maps,Symmetra,DAMAGE,54.4,4.1
Competitive,Silver,all-maps,Torbjörn,DAMAGE,51.9,4.4
Competitive,Silver,all-maps,Tracer,DAMAGE,49.2,6.4
Competitive,Silver,all-maps,Vendetta,DAMAGE,53.7,3.4
Competitive,Silver,all-maps,Venture,DAMAGE,51.7,3.3
Competitive,Silver,all-maps,Widowmaker,DAMAGE,49.4,3.8
Competitive,Silver,all-maps,Winston,TANK,50.9,8.0
Competitive,Silver,all-maps,Wrecking Ball,TANK,51.3,2.5
Competitive,Silver,all-maps,Wuyang,SUPPORT,52.1,11.9
Competitive,Silver,all-maps,Zarya,TANK,49.5,7.8
Competitive,Silver,all-maps,Zenyatta,SUPPORT,52.5,10.9
Competitive,Silver,ilios,Ana,SUPPORT,48.0,29.4
Competitive,Silver,ilios,Anran,DAMAGE,53.9,13.5
Competitive,Silver,ilios,Ashe,DAMAGE,46.6,8.7
Competitive,Silver,ilios,Baptiste,SUPPORT,42.7,5.4
Competitive,Silver,ilios,Bastion,DAMAGE,47.8,9.1
Competitive,Silver,ilios,Brigitte,SUPPORT,50.3,3.9
Competitive,Silver,ilios,Cassidy,DAMAGE,46.7,20.3
Competitive,Silver,ilios,D.Va,TANK,45.0,9.1
Competitive,Silver,ilios,Domina,TANK,53.3,7.8
Competitive,Silver,ilios,Doomfist,TANK,49.8,5.2
Competitive,Silver,ilios,Echo,DAMAGE,51.6,7.0
Competitive,Silver,ilios,Emre,DAMAGE,48.7,17.0
Competitive,Silver,ilios,Freja,DAMAGE,46.7,4.2
Competitive,Silver,ilios,Genji,DAMAGE,53.6,11.2
Competitive,Silver,ilios,Hanzo,DAMAGE,48.2,4.4
Competitive,Silver,ilios,Hazard,TANK,53.7,2.6
Competitive,Silver,ilios,Illari,SUPPORT,52.6,8.4
Competitive,Silver,ilios,Jetpack Cat,SUPPORT,49.9,5.1
Competitive,Silver,ilios,Junker Queen,TANK,53.1,3.0
Competitive,Silver,ilios,Junkrat,DAMAGE,50.0,8.0
Competitive,Silver,ilios,Juno,SUPPORT,50.3,14.6
Competitive,Silver,ilios,Kiriko,SUPPORT,48.3,39.1
Competitive,Silver,ilios,Lifeweaver,SUPPORT,43.7,4.5
Competitive,Silver,ilios,Lúcio,SUPPORT,54.3,15.1
Competitive,Silver,ilios,Mauga,TANK,47.6,4.3
Competitive,Silver,ilios,Mei,DAMAGE,50.4,6.7
Competitive,Silver,ilios,Mercy,SUPPORT,48.6,9.4
Competitive,Silver,ilios,Mizuki,SUPPORT,53.8,18.7
Competitive,Silver,ilios,Moira,SUPPORT,48.3,26.5
Competitive,Silver,ilios,Orisa,TANK,49.0,14.3
Competitive,Silver,ilios,Pharah,DAMAGE,54.5,11.4
Competitive,Silver,ilios,Ramattra,TANK,48.8,5.8
Competitive,Silver,ilios,Reaper,DAMAGE,53.3,17.7
Competitive,Silver,ilios,Reinhardt,TANK,50.4,7.4
Competitive,Silver,ilios,Roadhog,TANK,52.5,13.8
Competitive,Silver,ilios,Sigma,TANK,50.7,8.9
Competitive,Silver,ilios,Sojourn,DAMAGE,43.5,12.9
Competitive,Silver,ilios,Soldier: 76,DAMAGE,48.3,18.2
Competitive,Silver,ilios,Sombra,DAMAGE,49.7,3.2
Competitive,Silver,ilios,Symmetra,DAMAGE,59.4,3.8
Competitive,Silver,ilios,Torbjörn,DAMAGE,54.5,3.0
Competitive,Silver,ilios,Tracer,DAMAGE,48.9,8.1
Competitive,Silver,ilios,Vendetta,DAMAGE,52.5,4.3
Competitive,Silver,ilios,Venture,DAMAGE,54.7,4.1
Competitive,Silver,ilios,Widowmaker,DAMAGE,42.8,2.8
Competitive,Silver,ilios,Winston,TANK,51.4,8.1
Competitive,Silver,ilios,Wrecking Ball,TANK,51.4,2.6
Competitive,Silver,ilios,Wuyang,SUPPORT,51.9,10.9
Competitive,Silver,ilios,Zarya,TANK,46.9,7.1
Competitive,Silver,ilios,Zenyatta,SUPPORT,54.2,8.8
Competitive,Silver,nepal,Ana,SUPPORT,46.1,31.8
Competitive,Silver,nepal,Anran,DAMAGE,50.5,13.8
Competitive,Silver,nepal,Ashe,DAMAGE,49.1,7.6
Competitive,Silver,nepal,Baptiste,SUPPORT,44.0,5.2
Competitive,Silver,nepal,Bastion,DAMAGE,48.9,9.9
Competitive,Silver,nepal,Brigitte,SUPPORT,51.4,3.5
Competitive,Silver,nepal,Cassidy,DAMAGE,48.0,20.4
Competitive,Silver,nepal,D.Va,TANK,44.9,7.7
Competitive,Silver,nepal,Domina,TANK,53.9,8.6
Competitive,Silver,nepal,Doomfist,TANK,52.2,5.5
Competitive,Silver,nepal,Echo,DAMAGE,49.6,4.3
Competitive,Silver,nepal,Emre,DAMAGE,48.2,17.8
Competitive,Silver,nepal,Freja,DAMAGE,45.9,3.7
Competitive,Silver,nepal,Genji,DAMAGE,51.7,11.7
Competitive,Silver,nepal,Hanzo,DAMAGE,50.1,5.3
Competitive,Silver,nepal,Hazard,TANK,51.8,2.5
Competitive,Silver,nepal,Illari,SUPPORT,54.1,8.6
Competitive,Silver,nepal,Jetpack Cat,SUPPORT,52.7,3.8
Competitive,Silver,nepal,Junker Queen,TANK,52.6,2.8
Competitive,Silver,nepal,Junkrat,DAMAGE,51.2,9.4
Competitive,Silver,nepal,Juno,SUPPORT,49.2,14.0
Competitive,Silver,nepal,Kiriko,SUPPORT,48.0,40.1
Competitive,Silver,nepal,Lifeweaver,SUPPORT,46.1,4.0
Competitive,Silver,nepal,Lúcio,SUPPORT,50.1,9.6
Competitive,Silver,nepal,Mauga,TANK,49.1,4.6
Competitive,Silver,nepal,Mei,DAMAGE,52.1,8.2
Competitive,Silver,nepal,Mercy,SUPPORT,47.5,9.0
Competitive,Silver,nepal,Mizuki,SUPPORT,55.4,20.5
Competitive,Silver,nepal,Moira,SUPPORT,51.7,27.6
Competitive,Silver,nepal,Orisa,TANK,47.0,13.8
Competitive,Silver,nepal,Pharah,DAMAGE,53.9,6.2
Competitive,Silver,nepal,Ramattra,TANK,50.4,7.6
Competitive,Silver,nepal,Reaper,DAMAGE,54.2,17.2
Competitive,Silver,nepal,Reinhardt,TANK,53.0,9.2
Competitive,Silver,nepal,Roadhog,TANK,49.8,9.5
Competitive,Silver,nepal,Sigma,TANK,50.2,10.7
Competitive,Silver,nepal,Sojourn,DAMAGE,45.2,15.9
Competitive,Silver,nepal,Soldier: 76,DAMAGE,47.6,19.5
Competitive,Silver,nepal,Sombra,DAMAGE,48.2,2.9
Competitive,Silver,nepal,Symmetra,DAMAGE,60.1,5.9
Competitive,Silver,nepal,Torbjörn,DAMAGE,53.6,3.1
Competitive,Silver,nepal,Tracer,DAMAGE,47.6,7.7
Competitive,Silver,nepal,Vendetta,DAMAGE,54.4,4.2
Competitive,Silver,nepal,Venture,DAMAGE,51.3,4.1
Competitive,Silver,nepal,Widowmaker,DAMAGE,42.2,1.3
Competitive,Silver,nepal,Winston,TANK,50.5,6.4
Competitive,Silver,nepal,Wrecking Ball,TANK,49.7,2.4
Competitive,Silver,nepal,Wuyang,SUPPORT,51.1,12.4
Competitive,Silver,nepal,Zarya,TANK,49.9,8.6
Competitive,Silver,nepal,Zenyatta,SUPPORT,52.3,10.0
Competitive,Silver,lijiang-tower,Ana,SUPPORT,46.1,31.7
Competitive,Silver,lijiang-tower,Anran,DAMAGE,51.4,14.0
Competitive,Silver,lijiang-tower,Ashe,DAMAGE,47.5,7.3
Competitive,Silver,lijiang-tower,Baptiste,SUPPORT,45.6,5.2
Competitive,Silver,lijiang-tower,Bastion,DAMAGE,49.9,9.8
Competitive,Silver,lijiang-tower,Brigitte,SUPPORT,51.3,3.4
Competitive,Silver,lijiang-tower,Cassidy,DAMAGE,47.6,20.2
Competitive,Silver,lijiang-tower,D.Va,TANK,45.6,7.8
Competitive,Silver,lijiang-tower,Domina,TANK,55.1,8.2
Competitive,Silver,lijiang-tower,Doomfist,TANK,51.7,6.0
Competitive,Silver,lijiang-tower,Echo,DAMAGE,46.5,4.4
Competitive,Silver,lijiang-tower,Emre,DAMAGE,47.1,16.7
Competitive,Silver,lijiang-tower,Freja,DAMAGE,44.1,3.4
Competitive,Silver,lijiang-tower,Genji,DAMAGE,51.2,11.2
Competitive,Silver,lijiang-tower,Hanzo,DAMAGE,50.5,5.1
Competitive,Silver,lijiang-tower,Hazard,TANK,52.4,2.6
Competitive,Silver,lijiang-tower,Illari,SUPPORT,52.3,8.5
Competitive,Silver,lijiang-tower,Jetpack Cat,SUPPORT,49.6,4.7
Competitive,Silver,lijiang-tower,Junker Queen,TANK,53.7,2.6
Competitive,Silver,lijiang-tower,Junkrat,DAMAGE,51.3,10.1
Competitive,Silver,lijiang-tower,Juno,SUPPORT,51.0,14.1
Competitive,Silver,lijiang-tower,Kiriko,SUPPORT,47.2,38.7
Competitive,Silver,lijiang-tower,Lifeweaver,SUPPORT,45.5,3.5
Competitive,Silver,lijiang-tower,Lúcio,SUPPORT,52.0,13.2
Competitive,Silver,lijiang-tower,Mauga,TANK,48.2,4.4
Competitive,Silver,lijiang-tower,Mei,DAMAGE,51.9,7.6
Competitive,Silver,lijiang-tower,Mercy,SUPPORT,46.6,8.7
Competitive,Silver,lijiang-tower,Mizuki,SUPPORT,54.5,20.1
Competitive,Silver,lijiang-tower,Moira,SUPPORT,52.5,26.7
Competitive,Silver,lijiang-tower,Orisa,TANK,46.7,14.8
Competitive,Silver,lijiang-tower,Pharah,DAMAGE,56.3,10.5
Competitive,Silver,lijiang-tower,Ramattra,TANK,48.6,7.1
Competitive,Silver,lijiang-tower,Reaper,DAMAGE,54.3,16.7
Competitive,Silver,lijiang-tower,Reinhardt,TANK,54.8,9.4
Competitive,Silver,lijiang-tower,Roadhog,TANK,46.6,8.2
Competitive,Silver,lijiang-tower,Sigma,TANK,50.4,10.3
Competitive,Silver,lijiang-tower,Sojourn,DAMAGE,43.7,14.6
Competitive,Silver,lijiang-tower,Soldier: 76,DAMAGE,47.5,19.1
Competitive,Silver,lijiang-tower,Sombra,DAMAGE,47.9,2.7
Competitive,Silver,lijiang-tower,Symmetra,DAMAGE,63.1,6.7
Competitive,Silver,lijiang-tower,Torbjörn,DAMAGE,52.9,2.8
Competitive,Silver,lijiang-tower,Tracer,DAMAGE,47.5,7.2
Competitive,Silver,lijiang-tower,Vendetta,DAMAGE,53.4,4.5
Competitive,Silver,lijiang-tower,Venture,DAMAGE,50.6,4.2
Competitive,Silver,lijiang-tower,Widowmaker,DAMAGE,40.9,1.2
Competitive,Silver,lijiang-tower,Winston,TANK,49.8,6.2
Competitive,Silver,lijiang-tower,Wrecking Ball,TANK,53.6,3.4
Competitive,Silver,lijiang-tower,Wuyang,SUPPORT,51.8,12.2
Competitive,Silver,lijiang-tower,Zarya,TANK,50.3,9.0
Competitive,Silver,lijiang-tower,Zenyatta,SUPPORT,51.6,9.3
Competitive,Silver,oasis,Ana,SUPPORT,47.6,30.7
Competitive,Silver,oasis,Anran,DAMAGE,51.4,13.8
Competitive,Silver,oasis,Ashe,DAMAGE,48.3,7.7
Competitive,Silver,oasis,Baptiste,SUPPORT,44.8,6.0
Competitive,Silver,oasis,Bastion,DAMAGE,49.0,10.5
Competitive,Silver,oasis,Brigitte,SUPPORT,47.9,3.3
Competitive,Silver,oasis,Cassidy,DAMAGE,48.2,23.1
Competitive,Silver,oasis,D.Va,TANK,46.8,8.7
Competitive,Silver,oasis,Domina,TANK,53.5,8.3
Competitive,Silver,oasis,Doomfist,TANK,51.0,5.2
Competitive,Silver,oasis,Echo,DAMAGE,48.7,4.6
Competitive,Silver,oasis,Emre,DAMAGE,49.5,18.9
Competitive,Silver,oasis,Freja,DAMAGE,46.1,3.7
Competitive,Silver,oasis,Genji,DAMAGE,52.8,11.2
Competitive,Silver,oasis,Hanzo,DAMAGE,45.6,4.7
Competitive,Silver,oasis,Hazard,TANK,50.7,2.5
Competitive,Silver,oasis,Illari,SUPPORT,53.9,8.6
Competitive,Silver,oasis,Jetpack Cat,SUPPORT,48.4,4.1
Competitive,Silver,oasis,Junker Queen,TANK,48.5,2.9
Competitive,Silver,oasis,Junkrat,DAMAGE,50.0,6.6
Competitive,Silver,oasis,Juno,SUPPORT,48.5,14.3
Competitive,Silver,oasis,Kiriko,SUPPORT,48.7,41.4
Competitive,Silver,oasis,Lifeweaver,SUPPORT,43.8,3.4
Competitive,Silver,oasis,Lúcio,SUPPORT,48.8,7.2
Competitive,Silver,oasis,Mauga,TANK,47.8,4.6
Competitive,Silver,oasis,Mei,DAMAGE,55.3,7.9
Competitive,Silver,oasis,Mercy,SUPPORT,45.6,8.9
Competitive,Silver,oasis,Mizuki,SUPPORT,54.1,21.3
Competitive,Silver,oasis,Moira,SUPPORT,51.8,28.7
Competitive,Silver,oasis,Orisa,TANK,47.3,13.6
Competitive,Silver,oasis,Pharah,DAMAGE,53.4,6.4
Competitive,Silver,oasis,Ramattra,TANK,49.7,7.7
Competitive,Silver,oasis,Reaper,DAMAGE,52.1,16.7
Competitive,Silver,oasis,Reinhardt,TANK,51.0,8.2
Competitive,Silver,oasis,Roadhog,TANK,48.7,7.7
Competitive,Silver,oasis,Sigma,TANK,50.9,11.3
Competitive,Silver,oasis,Sojourn,DAMAGE,44.4,15.8
Competitive,Silver,oasis,Soldier: 76,DAMAGE,51.2,20.6
Competitive,Silver,oasis,Sombra,DAMAGE,48.9,3.2
Competitive,Silver,oasis,Symmetra,DAMAGE,54.7,3.6
Competitive,Silver,oasis,Torbjörn,DAMAGE,54.0,3.2
Competitive,Silver,oasis,Tracer,DAMAGE,49.0,9.0
Competitive,Silver,oasis,Vendetta,DAMAGE,53.1,3.8
Competitive,Silver,oasis,Venture,DAMAGE,50.9,3.7
Competitive,Silver,oasis,Widowmaker,DAMAGE,40.7,1.1
Competitive,Silver,oasis,Winston,TANK,52.4,7.4
Competitive,Silver,oasis,Wrecking Ball,TANK,48.3,2.9
Competitive,Silver,oasis,Wuyang,SUPPORT,53.5,12.4
Competitive,Silver,oasis,Zarya,TANK,53.1,8.9
Competitive,Silver,oasis,Zenyatta,SUPPORT,53.3,9.6
Competitive,Silver,samoa,Ana,SUPPORT,47.7,30.4
Competitive,Silver,samoa,Anran,DAMAGE,52.4,14.8
Competitive,Silver,samoa,Ashe,DAMAGE,48.3,8.5
Competitive,Silver,samoa,Baptiste,SUPPORT,48.5,5.7
Competitive,Silver,samoa,Bastion,DAMAGE,50.6,12.2
Competitive,Silver,samoa,Brigitte,SUPPORT,53.8,3.4
Competitive,Silver,samoa,Cassidy,DAMAGE,47.8,21.5
Competitive,Silver,samoa,D.Va,TANK,46.9,7.1
Competitive,Silver,samoa,Domina,TANK,54.4,8.8
Competitive,Silver,samoa,Doomfist,TANK,53.0,5.0
Competitive,Silver,samoa,Echo,DAMAGE,50.5,4.6
Competitive,Silver,samoa,Emre,DAMAGE,50.4,20.2
Competitive,Silver,samoa,Freja,DAMAGE,47.7,3.8
Competitive,Silver,samoa,Genji,DAMAGE,48.3,9.2
Competitive,Silver,samoa,Hanzo,DAMAGE,47.2,4.3
Competitive,Silver,samoa,Hazard,TANK,48.8,2.6
Competitive,Silver,samoa,Illari,SUPPORT,53.6,9.1
Competitive,Silver,samoa,Jetpack Cat,SUPPORT,49.3,3.3
Competitive,Silver,samoa,Junker Queen,TANK,51.8,3.3
Competitive,Silver,samoa,Junkrat,DAMAGE,50.8,6.8
Competitive,Silver,samoa,Juno,SUPPORT,50.5,15.3
Competitive,Silver,samoa,Kiriko,SUPPORT,47.6,42.3
Competitive,Silver,samoa,Lifeweaver,SUPPORT,47.1,3.4
Competitive,Silver,samoa,Lúcio,SUPPORT,50.1,6.5
Competitive,Silver,samoa,Mauga,TANK,50.5,5.6
Competitive,Silver,samoa,Mei,DAMAGE,51.8,7.5
Competitive,Silver,samoa,Mercy,SUPPORT,42.6,7.1
Competitive,Silver,samoa,Mizuki,SUPPORT,52.6,22.1
Competitive,Silver,samoa,Moira,SUPPORT,52.4,29.7
Competitive,Silver,samoa,Orisa,TANK,46.8,13.5
Competitive,Silver,samoa,Pharah,DAMAGE,51.5,5.1
Competitive,Silver,samoa,Ramattra,TANK,48.1,8.2
Competitive,Silver,samoa,Reaper,DAMAGE,55.8,16.9
Competitive,Silver,samoa,Reinhardt,TANK,52.4,8.6
Competitive,Silver,samoa,Roadhog,TANK,48.2,7.0
Competitive,Silver,samoa,Sigma,TANK,51.8,12.5
Competitive,Silver,samoa,Sojourn,DAMAGE,45.2,17.3
Competitive,Silver,samoa,Soldier: 76,DAMAGE,48.6,18.7
Competitive,Silver,samoa,Sombra,DAMAGE,50.9,3.7
Competitive,Silver,samoa,Symmetra,DAMAGE,57.3,3.8
Competitive,Silver,samoa,Torbjörn,DAMAGE,52.6,3.5
Competitive,Silver,samoa,Tracer,DAMAGE,48.6,9.7
Competitive,Silver,samoa,Vendetta,DAMAGE,51.8,3.4
Competitive,Silver,samoa,Venture,DAMAGE,50.8,3.4
Competitive,Silver,samoa,Widowmaker,DAMAGE,35.8,1.1
Competitive,Silver,samoa,Winston,TANK,46.8,6.8
Competitive,Silver,samoa,Wrecking Ball,TANK,46.0,2.3
Competitive,Silver,samoa,Wuyang,SUPPORT,50.9,12.1
Competitive,Silver,samoa,Zarya,TANK,53.9,8.6
Competitive,Silver,samoa,Zenyatta,SUPPORT,52.1,9.4
Competitive,Silver,busan,Ana,SUPPORT,48.0,32.6
Competitive,Silver,busan,Anran,DAMAGE,49.8,12.8
Competitive,Silver,busan,Ashe,DAMAGE,47.4,10.7
Competitive,Silver,busan,Baptiste,SUPPORT,45.3,5.8
Competitive,Silver,busan,Bastion,DAMAGE,49.7,10.0
Competitive,Silver,busan,Brigitte,SUPPORT,49.1,3.1
Competitive,Silver,busan,Cassidy,DAMAGE,49.2,21.4
Competitive,Silver,busan,D.Va,TANK,46.9,9.7
Competitive,Silver,busan,Domina,TANK,55.0,8.5
Competitive,Silver,busan,Doomfist,TANK,49.7,5.1
Competitive,Silver,busan,Echo,DAMAGE,48.5,4.3
Competitive,Silver,busan,Emre,DAMAGE,52.0,20.0
Competitive,Silver,busan,Freja,DAMAGE,46.2,4.2
Competitive,Silver,busan,Genji,DAMAGE,49.2,11.6
Competitive,Silver,busan,Hanzo,DAMAGE,50.1,5.1
Competitive,Silver,busan,Hazard,TANK,51.1,2.7
Competitive,Silver,busan,Illari,SUPPORT,53.8,8.7
Competitive,Silver,busan,Jetpack Cat,SUPPORT,45.2,4.1
Competitive,Silver,busan,Junker Queen,TANK,51.4,2.7
Competitive,Silver,busan,Junkrat,DAMAGE,48.0,6.0
Competitive,Silver,busan,Juno,SUPPORT,51.3,15.2
Competitive,Silver,busan,Kiriko,SUPPORT,47.7,41.5
Competitive,Silver,busan,Lifeweaver,SUPPORT,47.2,3.8
Competitive,Silver,busan,Lúcio,SUPPORT,49.0,6.4
Competitive,Silver,busan,Mauga,TANK,49.8,4.4
Competitive,Silver,busan,Mei,DAMAGE,52.9,7.2
Competitive,Silver,busan,Mercy,SUPPORT,49.1,9.1
Competitive,Silver,busan,Mizuki,SUPPORT,51.7,19.9
Competitive,Silver,busan,Moira,SUPPORT,52.0,27.7
Competitive,Silver,busan,Orisa,TANK,47.7,12.8
Competitive,Silver,busan,Pharah,DAMAGE,51.2,4.7
Competitive,Silver,busan,Ramattra,TANK,46.5,7.5
Competitive,Silver,busan,Reaper,DAMAGE,52.0,15.6
Competitive,Silver,busan,Reinhardt,TANK,52.0,7.9
Competitive,Silver,busan,Roadhog,TANK,47.9,6.8
Competitive,Silver,busan,Sigma,TANK,51.4,11.6
Competitive,Silver,busan,Sojourn,DAMAGE,45.4,15.1
Competitive,Silver,busan,Soldier: 76,DAMAGE,50.6,21.6
Competitive,Silver,busan,Sombra,DAMAGE,50.9,3.8
Competitive,Silver,busan,Symmetra,DAMAGE,55.0,3.1
Competitive,Silver,busan,Torbjörn,DAMAGE,56.6,3.4
Competitive,Silver,busan,Tracer,DAMAGE,49.1,8.8
Competitive,Silver,busan,Vendetta,DAMAGE,53.8,3.7
Competitive,Silver,busan,Venture,DAMAGE,52.8,3.5
Competitive,Silver,busan,Widowmaker,DAMAGE,48.5,3.3
Competitive,Silver,busan,Winston,TANK,50.9,8.8
Competitive,Silver,busan,Wrecking Ball,TANK,50.0,2.9
Competitive,Silver,busan,Wuyang,SUPPORT,53.6,12.2
Competitive,Silver,busan,Zarya,TANK,52.2,8.6
Competitive,Silver,busan,Zenyatta,SUPPORT,51.5,9.8
Competitive,Silver,route-66,Ana,SUPPORT,50.2,37.2
Competitive,Silver,route-66,Anran,DAMAGE,54.3,10.0
Competitive,Silver,route-66,Ashe,DAMAGE,51.2,15.8
Competitive,Silver,route-66,Baptiste,SUPPORT,45.5,6.9
Competitive,Silver,route-66,Bastion,DAMAGE,46.4,13.2
Competitive,Silver,route-66,Brigitte,SUPPORT,47.5,2.2
Competitive,Silver,route-66,Cassidy,DAMAGE,48.1,16.8
Competitive,Silver,route-66,D.Va,TANK,49.1,10.0
Competitive,Silver,route-66,Domina,TANK,53.3,8.5
Competitive,Silver,route-66,Doomfist,TANK,50.0,4.3
Competitive,Silver,route-66,Echo,DAMAGE,52.3,4.7
Competitive,Silver,route-66,Emre,DAMAGE,50.9,20.1
Competitive,Silver,route-66,Freja,DAMAGE,50.7,4.7
Competitive,Silver,route-66,Genji,DAMAGE,55.2,10.5
Competitive,Silver,route-66,Hanzo,DAMAGE,50.1,6.2
Competitive,Silver,route-66,Hazard,TANK,53.0,2.1
Competitive,Silver,route-66,Illari,SUPPORT,53.4,13.3
Competitive,Silver,route-66,Jetpack Cat,SUPPORT,49.4,3.6
Competitive,Silver,route-66,Junker Queen,TANK,50.9,1.8
Competitive,Silver,route-66,Junkrat,DAMAGE,46.8,7.3
Competitive,Silver,route-66,Juno,SUPPORT,50.7,15.2
Competitive,Silver,route-66,Kiriko,SUPPORT,47.4,38.9
Competitive,Silver,route-66,Lifeweaver,SUPPORT,49.0,4.2
Competitive,Silver,route-66,Lúcio,SUPPORT,46.1,5.1
Competitive,Silver,route-66,Mauga,TANK,46.6,3.9
Competitive,Silver,route-66,Mei,DAMAGE,54.3,7.3
Competitive,Silver,route-66,Mercy,SUPPORT,49.7,11.2
Competitive,Silver,route-66,Mizuki,SUPPORT,54.2,15.6
Competitive,Silver,route-66,Moira,SUPPORT,47.2,23.0
Competitive,Silver,route-66,Orisa,TANK,47.0,12.4
Competitive,Silver,route-66,Pharah,DAMAGE,49.0,6.2
Competitive,Silver,route-66,Ramattra,TANK,46.9,7.0
Competitive,Silver,route-66,Reaper,DAMAGE,52.9,15.1
Competitive,Silver,route-66,Reinhardt,TANK,50.2,7.8
Competitive,Silver,route-66,Roadhog,TANK,45.0,5.8
Competitive,Silver,route-66,Sigma,TANK,52.3,17.4
Competitive,Silver,route-66,Sojourn,DAMAGE,43.7,15.7
Competitive,Silver,route-66,Soldier: 76,DAMAGE,47.1,20.6
Competitive,Silver,route-66,Sombra,DAMAGE,53.2,2.8
Competitive,Silver,route-66,Symmetra,DAMAGE,48.8,3.0
Competitive,Silver,route-66,Torbjörn,DAMAGE,52.8,4.5
Competitive,Silver,route-66,Tracer,DAMAGE,48.1,4.9
Competitive,Silver,route-66,Vendetta,DAMAGE,54.5,3.0
Competitive,Silver,route-66,Venture,DAMAGE,53.8,3.0
Competitive,Silver,route-66,Widowmaker,DAMAGE,49.4,4.3
Competitive,Silver,route-66,Winston,TANK,51.8,9.4
Competitive,Silver,route-66,Wrecking Ball,TANK,54.7,2.3
Competitive,Silver,route-66,Wuyang,SUPPORT,54.0,12.1
Competitive,Silver,route-66,Zarya,TANK,51.7,7.2
Competitive,Silver,route-66,Zenyatta,SUPPORT,52.4,11.4
Competitive,Silver,havana,Ana,SUPPORT,50.9,41.4
Competitive,Silver,havana,Anran,DAMAGE,50.3,9.2
Competitive,Silver,havana,Ashe,DAMAGE,52.7,17.2
Competitive,Silver,havana,Baptiste,SUPPORT,45.5,6.4
Competitive,Silver,havana,Bastion,DAMAGE,48.5,13.0
Competitive,Silver,havana,Brigitte,SUPPORT,43.3,1.8
Competitive,Silver,havana,Cassidy,DAMAGE,47.0,14.3
Competitive,Silver,havana,D.Va,TANK,47.9,8.8
Competitive,Silver,havana,Domina,TANK,50.8,9.1
Competitive,Silver,havana,Doomfist,TANK,50.8,3.8
Competitive,Silver,havana,Echo,DAMAGE,48.1,3.4
Competitive,Silver,havana,Emre,DAMAGE,52.1,20.6
Competitive,Silver,havana,Freja,DAMAGE,48.2,4.7
Competitive,Silver,havana,Genji,DAMAGE,55.2,9.5
Competitive,Silver,havana,Hanzo,DAMAGE,51.6,8.0
Competitive,Silver,havana,Hazard,TANK,51.3,1.6
Competitive,Silver,havana,Illari,SUPPORT,52.3,14.2
Competitive,Silver,havana,Jetpack Cat,SUPPORT,48.4,3.2
Competitive,Silver,havana,Junker Queen,TANK,48.0,1.8
Competitive,Silver,havana,Junkrat,DAMAGE,46.6,7.0
Competitive,Silver,havana,Juno,SUPPORT,51.0,13.9
Competitive,Silver,havana,Kiriko,SUPPORT,48.6,39.2
Competitive,Silver,havana,Lifeweaver,SUPPORT,50.4,4.3
Competitive,Silver,havana,Lúcio,SUPPORT,45.8,4.7
Competitive,Silver,havana,Mauga,TANK,45.6,3.7
Competitive,Silver,havana,Mei,DAMAGE,52.2,7.3
Competitive,Silver,havana,Mercy,SUPPORT,47.8,10.5
Competitive,Silver,havana,Mizuki,SUPPORT,53.1,15.0
Competitive,Silver,havana,Moira,SUPPORT,45.3,21.0
Competitive,Silver,havana,Orisa,TANK,48.2,13.5
Competitive,Silver,havana,Pharah,DAMAGE,47.8,4.1
Competitive,Silver,havana,Ramattra,TANK,49.8,8.1
Competitive,Silver,havana,Reaper,DAMAGE,49.1,13.7
Competitive,Silver,havana,Reinhardt,TANK,46.2,7.6
Competitive,Silver,havana,Roadhog,TANK,46.5,5.8
Competitive,Silver,havana,Sigma,TANK,54.7,19.4
Competitive,Silver,havana,Sojourn,DAMAGE,44.3,16.6
Competitive,Silver,havana,Soldier: 76,DAMAGE,48.6,19.9
Competitive,Silver,havana,Sombra,DAMAGE,50.8,3.1
Competitive,Silver,havana,Symmetra,DAMAGE,51.5,3.0
Competitive,Silver,havana,Torbjörn,DAMAGE,50.7,5.0
Competitive,Silver,havana,Tracer,DAMAGE,49.9,5.0
Competitive,Silver,havana,Vendetta,DAMAGE,55.5,2.9
Competitive,Silver,havana,Venture,DAMAGE,52.7,2.9
Competitive,Silver,havana,Widowmaker,DAMAGE,53.7,9.6
Competitive,Silver,havana,Winston,TANK,51.3,7.3
Competitive,Silver,havana,Wrecking Ball,TANK,52.0,2.2
Competitive,Silver,havana,Wuyang,SUPPORT,53.4,11.8
Competitive,Silver,havana,Zarya,TANK,50.9,7.4
Competitive,Silver,havana,Zenyatta,SUPPORT,54.5,12.6
Competitive,Silver,junkertown,Ana,SUPPORT,52.2,38.2
Competitive,Silver,junkertown,Anran,DAMAGE,53.4,9.9
Competitive,Silver,junkertown,Ashe,DAMAGE,53.2,15.7
Competitive,Silver,junkertown,Baptiste,SUPPORT,47.4,7.1
Competitive,Silver,junkertown,Bastion,DAMAGE,48.1,13.3
Competitive,Silver,junkertown,Brigitte,SUPPORT,46.9,2.3
Competitive,Silver,junkertown,Cassidy,DAMAGE,48.9,17.4
Competitive,Silver,junkertown,D.Va,TANK,48.0,9.1
Competitive,Silver,junkertown,Domina,TANK,52.6,8.2
Competitive,Silver,junkertown,Doomfist,TANK,51.2,4.3
Competitive,Silver,junkertown,Echo,DAMAGE,52.9,4.0
Competitive,Silver,junkertown,Emre,DAMAGE,52.0,20.5
Competitive,Silver,junkertown,Freja,DAMAGE,51.4,4.7
Competitive,Silver,junkertown,Genji,DAMAGE,49.7,9.4
Competitive,Silver,junkertown,Hanzo,DAMAGE,47.6,6.1
Competitive,Silver,junkertown,Hazard,TANK,54.0,1.9
Competitive,Silver,junkertown,Illari,SUPPORT,54.5,12.5
Competitive,Silver,junkertown,Jetpack Cat,SUPPORT,50.3,3.2
Competitive,Silver,junkertown,Junker Queen,TANK,50.5,2.2
Competitive,Silver,junkertown,Junkrat,DAMAGE,45.8,7.3
Competitive,Silver,junkertown,Juno,SUPPORT,48.4,14.3
Competitive,Silver,junkertown,Kiriko,SUPPORT,50.0,39.4
Competitive,Silver,junkertown,Lifeweaver,SUPPORT,45.7,4.0
Competitive,Silver,junkertown,Lúcio,SUPPORT,42.1,4.8
Competitive,Silver,junkertown,Mauga,TANK,51.7,4.0
Competitive,Silver,junkertown,Mei,DAMAGE,51.5,6.8
Competitive,Silver,junkertown,Mercy,SUPPORT,47.2,10.8
Competitive,Silver,junkertown,Mizuki,SUPPORT,49.6,16.0
Competitive,Silver,junkertown,Moira,SUPPORT,48.1,23.4
Competitive,Silver,junkertown,Orisa,TANK,46.7,13.5
Competitive,Silver,junkertown,Pharah,DAMAGE,48.3,5.2
Competitive,Silver,junkertown,Ramattra,TANK,47.8,7.1
Competitive,Silver,junkertown,Reaper,DAMAGE,49.5,14.2
Competitive,Silver,junkertown,Reinhardt,TANK,50.5,7.3
Competitive,Silver,junkertown,Roadhog,TANK,44.5,6.2
Competitive,Silver,junkertown,Sigma,TANK,51.9,17.7
Competitive,Silver,junkertown,Sojourn,DAMAGE,46.9,15.5
Competitive,Silver,junkertown,Soldier: 76,DAMAGE,50.9,21.3
Competitive,Silver,junkertown,Sombra,DAMAGE,49.1,2.9
Competitive,Silver,junkertown,Symmetra,DAMAGE,48.5,2.7
Competitive,Silver,junkertown,Torbjörn,DAMAGE,47.2,4.6
Competitive,Silver,junkertown,Tracer,DAMAGE,49.4,5.3
Competitive,Silver,junkertown,Vendetta,DAMAGE,53.3,3.2
Competitive,Silver,junkertown,Venture,DAMAGE,53.8,3.1
Competitive,Silver,junkertown,Widowmaker,DAMAGE,48.1,7.1
Competitive,Silver,junkertown,Winston,TANK,54.5,8.9
Competitive,Silver,junkertown,Wrecking Ball,TANK,52.3,2.5
Competitive,Silver,junkertown,Wuyang,SUPPORT,51.5,11.6
Competitive,Silver,junkertown,Zarya,TANK,48.3,7.1
Competitive,Silver,junkertown,Zenyatta,SUPPORT,53.5,12.2
Competitive,Silver,dorado,Ana,SUPPORT,49.2,35.1
Competitive,Silver,dorado,Anran,DAMAGE,53.3,10.1
Competitive,Silver,dorado,Ashe,DAMAGE,51.5,13.2
Competitive,Silver,dorado,Baptiste,SUPPORT,45.3,7.4
Competitive,Silver,dorado,Bastion,DAMAGE,46.4,12.3
Competitive,Silver,dorado,Brigitte,SUPPORT,48.3,2.5
Competitive,Silver,dorado,Cassidy,DAMAGE,47.6,16.7
Competitive,Silver,dorado,D.Va,TANK,51.3,12.8
Competitive,Silver,dorado,Domina,TANK,50.2,7.6
Competitive,Silver,dorado,Doomfist,TANK,52.6,4.5
Competitive,Silver,dorado,Echo,DAMAGE,51.9,6.1
Competitive,Silver,dorado,Emre,DAMAGE,50.8,19.1
Competitive,Silver,dorado,Freja,DAMAGE,46.5,4.5
Competitive,Silver,dorado,Genji,DAMAGE,54.6,11.8
Competitive,Silver,dorado,Hanzo,DAMAGE,51.2,5.6
Competitive,Silver,dorado,Hazard,TANK,51.7,2.5
Competitive,Silver,dorado,Illari,SUPPORT,52.5,12.9
Competitive,Silver,dorado,Jetpack Cat,SUPPORT,49.2,3.9
Competitive,Silver,dorado,Junker Queen,TANK,47.8,1.8
Competitive,Silver,dorado,Junkrat,DAMAGE,49.8,8.2
Competitive,Silver,dorado,Juno,SUPPORT,49.3,14.3
Competitive,Silver,dorado,Kiriko,SUPPORT,49.0,41.3
Competitive,Silver,dorado,Lifeweaver,SUPPORT,50.1,4.4
Competitive,Silver,dorado,Lúcio,SUPPORT,45.6,5.6
Competitive,Silver,dorado,Mauga,TANK,49.1,3.6
Competitive,Silver,dorado,Mei,DAMAGE,49.6,7.1
Competitive,Silver,dorado,Mercy,SUPPORT,48.6,11.0
Competitive,Silver,dorado,Mizuki,SUPPORT,52.7,16.1
Competitive,Silver,dorado,Moira,SUPPORT,49.6,23.6
Competitive,Silver,dorado,Orisa,TANK,44.8,12.1
Competitive,Silver,dorado,Pharah,DAMAGE,53.0,6.8
Competitive,Silver,dorado,Ramattra,TANK,46.8,6.7
Competitive,Silver,dorado,Reaper,DAMAGE,51.0,17.8
Competitive,Silver,dorado,Reinhardt,TANK,51.6,6.9
Competitive,Silver,dorado,Roadhog,TANK,44.8,5.6
Competitive,Silver,dorado,Sigma,TANK,52.6,14.9
Competitive,Silver,dorado,Sojourn,DAMAGE,45.5,14.6
Competitive,Silver,dorado,Soldier: 76,DAMAGE,46.9,20.1
Competitive,Silver,dorado,Sombra,DAMAGE,48.8,2.8
Competitive,Silver,dorado,Symmetra,DAMAGE,53.0,4.0
Competitive,Silver,dorado,Torbjörn,DAMAGE,55.0,4.3
Competitive,Silver,dorado,Tracer,DAMAGE,47.6,4.9
Competitive,Silver,dorado,Vendetta,DAMAGE,54.1,3.6
Competitive,Silver,dorado,Venture,DAMAGE,54.6,3.3
Competitive,Silver,dorado,Widowmaker,DAMAGE,47.4,3.1
Competitive,Silver,dorado,Winston,TANK,53.9,11.2
Competitive,Silver,dorado,Wrecking Ball,TANK,56.5,2.6
Competitive,Silver,dorado,Wuyang,SUPPORT,53.3,11.7
Competitive,Silver,dorado,Zarya,TANK,47.2,7.0
Competitive,Silver,dorado,Zenyatta,SUPPORT,53.3,10.0
Competitive,Silver,watchpoint-gibraltar,Ana,SUPPORT,51.1,36.1
Competitive,Silver,watchpoint-gibraltar,Anran,DAMAGE,51.2,9.4
Competitive,Silver,watchpoint-gibraltar,Ashe,DAMAGE,54.0,14.8
Competitive,Silver,watchpoint-gibraltar,Baptiste,SUPPORT,46.4,6.9
Competitive,Silver,watchpoint-gibraltar,Bastion,DAMAGE,46.6,12.9
Competitive,Silver,watchpoint-gibraltar,Brigitte,SUPPORT,47.4,2.5
Competitive,Silver,watchpoint-gibraltar,Cassidy,DAMAGE,46.6,15.6
Competitive,Silver,watchpoint-gibraltar,D.Va,TANK,50.6,13.9
Competitive,Silver,watchpoint-gibraltar,Domina,TANK,54.4,7.0
Competitive,Silver,watchpoint-gibraltar,Doomfist,TANK,52.4,4.5
Competitive,Silver,watchpoint-gibraltar,Echo,DAMAGE,50.5,5.8
Competitive,Silver,watchpoint-gibraltar,Emre,DAMAGE,50.9,20.2
Competitive,Silver,watchpoint-gibraltar,Freja,DAMAGE,49.2,4.7
Competitive,Silver,watchpoint-gibraltar,Genji,DAMAGE,52.6,11.8
Competitive,Silver,watchpoint-gibraltar,Hanzo,DAMAGE,48.0,6.4
Competitive,Silver,watchpoint-gibraltar,Hazard,TANK,50.2,2.3
Competitive,Silver,watchpoint-gibraltar,Illari,SUPPORT,52.7,12.3
Competitive,Silver,watchpoint-gibraltar,Jetpack Cat,SUPPORT,48.5,3.8
Competitive,Silver,watchpoint-gibraltar,Junker Queen,TANK,48.4,1.6
Competitive,Silver,watchpoint-gibraltar,Junkrat,DAMAGE,48.1,6.3
Competitive,Silver,watchpoint-gibraltar,Juno,SUPPORT,49.9,15.4
Competitive,Silver,watchpoint-gibraltar,Kiriko,SUPPORT,50.3,41.9
Competitive,Silver,watchpoint-gibraltar,Lifeweaver,SUPPORT,42.5,4.9
Competitive,Silver,watchpoint-gibraltar,Lúcio,SUPPORT,46.4,5.3
Competitive,Silver,watchpoint-gibraltar,Mauga,TANK,49.2,3.7
Competitive,Silver,watchpoint-gibraltar,Mei,DAMAGE,50.5,6.5
Competitive,Silver,watchpoint-gibraltar,Mercy,SUPPORT,47.5,12.0
Competitive,Silver,watchpoint-gibraltar,Mizuki,SUPPORT,53.3,15.1
Competitive,Silver,watchpoint-gibraltar,Moira,SUPPORT,48.5,22.2
Competitive,Silver,watchpoint-gibraltar,Orisa,TANK,46.5,12.1
Competitive,Silver,watchpoint-gibraltar,Pharah,DAMAGE,52.3,5.8
Competitive,Silver,watchpoint-gibraltar,Ramattra,TANK,46.2,6.0
Competitive,Silver,watchpoint-gibraltar,Reaper,DAMAGE,52.5,16.0
Competitive,Silver,watchpoint-gibraltar,Reinhardt,TANK,50.3,6.7
Competitive,Silver,watchpoint-gibraltar,Roadhog,TANK,46.6,5.7
Competitive,Silver,watchpoint-gibraltar,Sigma,TANK,52.1,14.2
Competitive,Silver,watchpoint-gibraltar,Sojourn,DAMAGE,43.9,14.4
Competitive,Silver,watchpoint-gibraltar,Soldier: 76,DAMAGE,49.4,21.7
Competitive,Silver,watchpoint-gibraltar,Sombra,DAMAGE,54.1,2.9
Competitive,Silver,watchpoint-gibraltar,Symmetra,DAMAGE,54.2,3.1
Competitive,Silver,watchpoint-gibraltar,Torbjörn,DAMAGE,47.8,4.5
Competitive,Silver,watchpoint-gibraltar,Tracer,DAMAGE,50.8,5.1
Competitive,Silver,watchpoint-gibraltar,Vendetta,DAMAGE,50.9,3.5
Competitive,Silver,watchpoint-gibraltar,Venture,DAMAGE,54.2,3.1
Competitive,Silver,watchpoint-gibraltar,Widowmaker,DAMAGE,52.2,5.3
Competitive,Silver,watchpoint-gibraltar,Winston,TANK,52.0,13.1
Competitive,Silver,watchpoint-gibraltar,Wrecking Ball,TANK,53.1,2.5
Competitive,Silver,watchpoint-gibraltar,Wuyang,SUPPORT,53.2,11.2
Competitive,Silver,watchpoint-gibraltar,Zarya,TANK,47.1,6.7
Competitive,Silver,watchpoint-gibraltar,Zenyatta,SUPPORT,50.8,10.5
Competitive,Silver,circuit-royal,Ana,SUPPORT,49.6,40.5
Competitive,Silver,circuit-royal,Anran,DAMAGE,51.9,8.8
Competitive,Silver,circuit-royal,Ashe,DAMAGE,51.9,18.7
Competitive,Silver,circuit-royal,Baptiste,SUPPORT,45.5,7.3
Competitive,Silver,circuit-royal,Bastion,DAMAGE,48.9,15.0
Competitive,Silver,circuit-royal,Brigitte,SUPPORT,44.7,1.6
Competitive,Silver,circuit-royal,Cassidy,DAMAGE,49.3,13.5
Competitive,Silver,circuit-royal,D.Va,TANK,44.5,6.7
Competitive,Silver,circuit-royal,Domina,TANK,54.5,9.2
Competitive,Silver,circuit-royal,Doomfist,TANK,50.6,3.8
Competitive,Silver,circuit-royal,Echo,DAMAGE,49.5,4.0
Competitive,Silver,circuit-royal,Emre,DAMAGE,50.6,22.6
Competitive,Silver,circuit-royal,Freja,DAMAGE,50.9,4.9
Competitive,Silver,circuit-royal,Genji,DAMAGE,52.4,9.1
Competitive,Silver,circuit-royal,Hanzo,DAMAGE,49.9,7.2
Competitive,Silver,circuit-royal,Hazard,TANK,46.9,1.5
Competitive,Silver,circuit-royal,Illari,SUPPORT,53.6,15.4
Competitive,Silver,circuit-royal,Jetpack Cat,SUPPORT,48.1,3.0
Competitive,Silver,circuit-royal,Junker Queen,TANK,48.3,1.7
Competitive,Silver,circuit-royal,Junkrat,DAMAGE,48.8,7.5
Competitive,Silver,circuit-royal,Juno,SUPPORT,50.6,15.2
Competitive,Silver,circuit-royal,Kiriko,SUPPORT,47.5,37.5
Competitive,Silver,circuit-royal,Lifeweaver,SUPPORT,44.7,4.2
Competitive,Silver,circuit-royal,Lúcio,SUPPORT,46.1,4.4
Competitive,Silver,circuit-royal,Mauga,TANK,44.0,3.7
Competitive,Silver,circuit-royal,Mei,DAMAGE,53.6,7.5
Competitive,Silver,circuit-royal,Mercy,SUPPORT,46.8,9.7
Competitive,Silver,circuit-royal,Mizuki,SUPPORT,54.0,15.9
Competitive,Silver,circuit-royal,Moira,SUPPORT,49.5,20.9
Competitive,Silver,circuit-royal,Orisa,TANK,46.3,13.0
Competitive,Silver,circuit-royal,Pharah,DAMAGE,51.5,6.0
Competitive,Silver,circuit-royal,Ramattra,TANK,49.1,8.6
Competitive,Silver,circuit-royal,Reaper,DAMAGE,52.2,12.3
Competitive,Silver,circuit-royal,Reinhardt,TANK,49.6,7.2
Competitive,Silver,circuit-royal,Roadhog,TANK,43.2,4.5
Competitive,Silver,circuit-royal,Sigma,TANK,56.9,23.1
Competitive,Silver,circuit-royal,Sojourn,DAMAGE,46.4,17.9
Competitive,Silver,circuit-royal,Soldier: 76,DAMAGE,47.3,18.5
Competitive,Silver,circuit-royal,Sombra,DAMAGE,49.5,2.5
Competitive,Silver,circuit-royal,Symmetra,DAMAGE,50.2,2.8
Competitive,Silver,circuit-royal,Torbjörn,DAMAGE,50.3,4.7
Competitive,Silver,circuit-royal,Tracer,DAMAGE,44.5,3.9
Competitive,Silver,circuit-royal,Vendetta,DAMAGE,51.6,2.4
Competitive,Silver,circuit-royal,Venture,DAMAGE,47.6,2.7
Competitive,Silver,circuit-royal,Widowmaker,DAMAGE,51.8,7.5
Competitive,Silver,circuit-royal,Winston,TANK,47.4,7.5
Competitive,Silver,circuit-royal,Wrecking Ball,TANK,47.9,2.3
Competitive,Silver,circuit-royal,Wuyang,SUPPORT,51.9,11.4
Competitive,Silver,circuit-royal,Zarya,TANK,52.3,7.2
Competitive,Silver,circuit-royal,Zenyatta,SUPPORT,54.9,13.0
Competitive,Silver,rialto,Ana,SUPPORT,49.3,38.6
Competitive,Silver,rialto,Anran,DAMAGE,54.3,10.3
Competitive,Silver,rialto,Ashe,DAMAGE,50.2,15.0
Competitive,Silver,rialto,Baptiste,SUPPORT,44.8,7.0
Competitive,Silver,rialto,Bastion,DAMAGE,48.1,13.6
Competitive,Silver,rialto,Brigitte,SUPPORT,48.6,2.1
Competitive,Silver,rialto,Cassidy,DAMAGE,47.1,14.8
Competitive,Silver,rialto,D.Va,TANK,47.1,8.7
Competitive,Silver,rialto,Domina,TANK,53.4,9.0
Competitive,Silver,rialto,Doomfist,TANK,54.4,4.2
Competitive,Silver,rialto,Echo,DAMAGE,50.5,4.5
Competitive,Silver,rialto,Emre,DAMAGE,49.9,20.8
Competitive,Silver,rialto,Freja,DAMAGE,47.5,4.2
Competitive,Silver,rialto,Genji,DAMAGE,55.0,9.7
Competitive,Silver,rialto,Hanzo,DAMAGE,51.4,7.2
Competitive,Silver,rialto,Hazard,TANK,48.5,1.9
Competitive,Silver,rialto,Illari,SUPPORT,52.5,14.1
Competitive,Silver,rialto,Jetpack Cat,SUPPORT,51.3,3.7
Competitive,Silver,rialto,Junker Queen,TANK,49.3,1.9
Competitive,Silver,rialto,Junkrat,DAMAGE,49.6,8.1
Competitive,Silver,rialto,Juno,SUPPORT,50.9,14.0
Competitive,Silver,rialto,Kiriko,SUPPORT,50.3,38.9
Competitive,Silver,rialto,Lifeweaver,SUPPORT,46.9,4.2
Competitive,Silver,rialto,Lúcio,SUPPORT,47.0,5.4
Competitive,Silver,rialto,Mauga,TANK,44.8,3.8
Competitive,Silver,rialto,Mei,DAMAGE,53.8,7.9
Competitive,Silver,rialto,Mercy,SUPPORT,46.3,10.3
Competitive,Silver,rialto,Mizuki,SUPPORT,52.0,16.4
Competitive,Silver,rialto,Moira,SUPPORT,47.9,21.5
Competitive,Silver,rialto,Orisa,TANK,47.2,13.6
Competitive,Silver,rialto,Pharah,DAMAGE,51.8,6.5
Competitive,Silver,rialto,Ramattra,TANK,47.5,7.7
Competitive,Silver,rialto,Reaper,DAMAGE,52.4,13.6
Competitive,Silver,rialto,Reinhardt,TANK,50.1,8.5
Competitive,Silver,rialto,Roadhog,TANK,47.7,6.5
Competitive,Silver,rialto,Sigma,TANK,54.7,17.6
Competitive,Silver,rialto,Sojourn,DAMAGE,44.8,16.2
Competitive,Silver,rialto,Soldier: 76,DAMAGE,46.4,19.3
Competitive,Silver,rialto,Sombra,DAMAGE,48.7,2.6
Competitive,Silver,rialto,Symmetra,DAMAGE,51.6,3.5
Competitive,Silver,rialto,Torbjörn,DAMAGE,52.0,5.0
Competitive,Silver,rialto,Tracer,DAMAGE,49.1,4.9
Competitive,Silver,rialto,Vendetta,DAMAGE,56.8,3.0
Competitive,Silver,rialto,Venture,DAMAGE,47.1,3.0
Competitive,Silver,rialto,Widowmaker,DAMAGE,53.0,6.4
Competitive,Silver,rialto,Winston,TANK,49.9,7.2
Competitive,Silver,rialto,Wrecking Ball,TANK,50.4,2.1
Competitive,Silver,rialto,Wuyang,SUPPORT,53.1,12.1
Competitive,Silver,rialto,Zarya,TANK,50.2,7.4
Competitive,Silver,rialto,Zenyatta,SUPPORT,53.6,11.9
Competitive,Silver,shambali-monastery,Ana,SUPPORT,49.5,35.6
Competitive,Silver,shambali-monastery,Anran,DAMAGE,50.8,10.5
Competitive,Silver,shambali-monastery,Ashe,DAMAGE,52.5,14.1
Competitive,Silver,shambali-monastery,Baptiste,SUPPORT,46.9,6.8
Competitive,Silver,shambali-monastery,Bastion,DAMAGE,48.7,13.5
Competitive,Silver,shambali-monastery,Brigitte,SUPPORT,50.5,2.2
Competitive,Silver,shambali-monastery,Cassidy,DAMAGE,46.4,15.8
Competitive,Silver,shambali-monastery,D.Va,TANK,46.1,7.8
Competitive,Silver,shambali-monastery,Domina,TANK,54.7,9.3
Competitive,Silver,shambali-monastery,Doomfist,TANK,50.5,4.0
Competitive,Silver,shambali-monastery,Echo,DAMAGE,51.6,5.0
Competitive,Silver,shambali-monastery,Emre,DAMAGE,49.7,21.0
Competitive,Silver,shambali-monastery,Freja,DAMAGE,47.8,4.4
Competitive,Silver,shambali-monastery,Genji,DAMAGE,52.1,8.9
Competitive,Silver,shambali-monastery,Hanzo,DAMAGE,51.2,6.8
Competitive,Silver,shambali-monastery,Hazard,TANK,55.4,2.1
Competitive,Silver,shambali-monastery,Illari,SUPPORT,53.4,13.8
Competitive,Silver,shambali-monastery,Jetpack Cat,SUPPORT,50.8,3.6
Competitive,Silver,shambali-monastery,Junker Queen,TANK,49.8,2.0
Competitive,Silver,shambali-monastery,Junkrat,DAMAGE,48.0,8.2
Competitive,Silver,shambali-monastery,Juno,SUPPORT,49.8,14.9
Competitive,Silver,shambali-monastery,Kiriko,SUPPORT,46.5,39.1
Competitive,Silver,shambali-monastery,Lifeweaver,SUPPORT,48.2,3.9
Competitive,Silver,shambali-monastery,Lúcio,SUPPORT,49.0,5.3
Competitive,Silver,shambali-monastery,Mauga,TANK,43.6,4.3
Competitive,Silver,shambali-monastery,Mei,DAMAGE,54.7,8.1
Competitive,Silver,shambali-monastery,Mercy,SUPPORT,50.9,10.1
Competitive,Silver,shambali-monastery,Mizuki,SUPPORT,52.9,17.4
Competitive,Silver,shambali-monastery,Moira,SUPPORT,48.4,23.1
Competitive,Silver,shambali-monastery,Orisa,TANK,48.6,13.4
Competitive,Silver,shambali-monastery,Pharah,DAMAGE,52.2,6.3
Competitive,Silver,shambali-monastery,Ramattra,TANK,50.4,8.8
Competitive,Silver,shambali-monastery,Reaper,DAMAGE,52.9,14.4
Competitive,Silver,shambali-monastery,Reinhardt,TANK,51.0,7.6
Competitive,Silver,shambali-monastery,Roadhog,TANK,42.9,5.6
Competitive,Silver,shambali-monastery,Sigma,TANK,54.3,18.1
Competitive,Silver,shambali-monastery,Sojourn,DAMAGE,44.9,16.3
Competitive,Silver,shambali-monastery,Soldier: 76,DAMAGE,49.1,19.5
Competitive,Silver,shambali-monastery,Sombra,DAMAGE,47.9,2.5
Competitive,Silver,shambali-monastery,Symmetra,DAMAGE,57.5,3.8
Competitive,Silver,shambali-monastery,Torbjörn,DAMAGE,48.4,5.1
Competitive,Silver,shambali-monastery,Tracer,DAMAGE,48.1,5.5
Competitive,Silver,shambali-monastery,Vendetta,DAMAGE,55.1,3.3
Competitive,Silver,shambali-monastery,Venture,DAMAGE,51.7,3.1
Competitive,Silver,shambali-monastery,Widowmaker,DAMAGE,49.3,3.8
Competitive,Silver,shambali-monastery,Winston,TANK,50.2,7.1
Competitive,Silver,shambali-monastery,Wrecking Ball,TANK,52.1,2.6
Competitive,Silver,shambali-monastery,Wuyang,SUPPORT,50.5,12.3
Competitive,Silver,shambali-monastery,Zarya,TANK,47.1,7.4
Competitive,Silver,shambali-monastery,Zenyatta,SUPPORT,55.1,11.9
Competitive,Silver,aatlis,Ana,SUPPORT,48.7,26.3
Competitive,Silver,aatlis,Anran,DAMAGE,56.5,17.0
Competitive,Silver,aatlis,Ashe,DAMAGE,46.3,5.9
Competitive,Silver,aatlis,Baptiste,SUPPORT,48.7,5.5
Competitive,Silver,aatlis,Bastion,DAMAGE,44.4,8.8
Competitive,Silver,aatlis,Brigitte,SUPPORT,48.7,4.3
Competitive,Silver,aatlis,Cassidy,DAMAGE,45.6,23.9
Competitive,Silver,aatlis,D.Va,TANK,52.7,8.8
Competitive,Silver,aatlis,Domina,TANK,50.0,8.5
Competitive,Silver,aatlis,Doomfist,TANK,50.0,5.7
Competitive,Silver,aatlis,Echo,DAMAGE,48.0,4.3
Competitive,Silver,aatlis,Emre,DAMAGE,48.8,19.0
Competitive,Silver,aatlis,Freja,DAMAGE,48.7,2.4
Competitive,Silver,aatlis,Genji,DAMAGE,54.8,9.5
Competitive,Silver,aatlis,Hanzo,DAMAGE,47.9,3.9
Competitive,Silver,aatlis,Hazard,TANK,59.2,3.0
Competitive,Silver,aatlis,Illari,SUPPORT,49.2,7.1
Competitive,Silver,aatlis,Jetpack Cat,SUPPORT,54.3,3.5
Competitive,Silver,aatlis,Junker Queen,TANK,55.5,4.3
Competitive,Silver,aatlis,Junkrat,DAMAGE,49.0,6.0
Competitive,Silver,aatlis,Juno,SUPPORT,51.7,16.3
Competitive,Silver,aatlis,Kiriko,SUPPORT,46.9,43.7
Competitive,Silver,aatlis,Lifeweaver,SUPPORT,41.9,3.4
Competitive,Silver,aatlis,Lúcio,SUPPORT,52.8,7.9
Competitive,Silver,aatlis,Mauga,TANK,47.5,4.8
Competitive,Silver,aatlis,Mei,DAMAGE,52.4,7.4
Competitive,Silver,aatlis,Mercy,SUPPORT,43.8,6.6
Competitive,Silver,aatlis,Mizuki,SUPPORT,48.8,22.8
Competitive,Silver,aatlis,Moira,SUPPORT,51.6,32.2
Competitive,Silver,aatlis,Orisa,TANK,43.4,12.7
Competitive,Silver,aatlis,Pharah,DAMAGE,42.9,4.4
Competitive,Silver,aatlis,Ramattra,TANK,46.0,8.0
Competitive,Silver,aatlis,Reaper,DAMAGE,51.9,18.4
Competitive,Silver,aatlis,Reinhardt,TANK,57.7,8.2
Competitive,Silver,aatlis,Roadhog,TANK,43.2,7.6
Competitive,Silver,aatlis,Sigma,TANK,48.7,11.1
Competitive,Silver,aatlis,Sojourn,DAMAGE,44.4,17.4
Competitive,Silver,aatlis,Soldier: 76,DAMAGE,51.7,21.0
Competitive,Silver,aatlis,Sombra,DAMAGE,45.5,3.7
Competitive,Silver,aatlis,Symmetra,DAMAGE,60.7,3.4
Competitive,Silver,aatlis,Torbjörn,DAMAGE,52.3,3.1
Competitive,Silver,aatlis,Tracer,DAMAGE,51.2,10.9
Competitive,Silver,aatlis,Vendetta,DAMAGE,60.5,4.4
Competitive,Silver,aatlis,Venture,DAMAGE,54.0,4.6
Competitive,Silver,aatlis,Widowmaker,DAMAGE,49.0,0.6
Competitive,Silver,aatlis,Winston,TANK,55.5,6.8
Competitive,Silver,aatlis,Wrecking Ball,TANK,56.0,2.4
Competitive,Silver,aatlis,Wuyang,SUPPORT,59.5,12.5
Competitive,Silver,aatlis,Zarya,TANK,50.5,8.1
Competitive,Silver,aatlis,Zenyatta,SUPPORT,51.2,7.9
Competitive,Silver,new-junk-city,Ana,SUPPORT,45.7,25.8
Competitive,Silver,new-junk-city,Anran,DAMAGE,50.1,16.1
Competitive,Silver,new-junk-city,Ashe,DAMAGE,54.4,6.4
Competitive,Silver,new-junk-city,Baptiste,SUPPORT,45.0,5.1
Competitive,Silver,new-junk-city,Bastion,DAMAGE,48.4,9.2
Competitive,Silver,new-junk-city,Brigitte,SUPPORT,43.7,3.7
Competitive,Silver,new-junk-city,Cassidy,DAMAGE,47.2,22.0
Competitive,Silver,new-junk-city,D.Va,TANK,48.7,7.3
Competitive,Silver,new-junk-city,Domina,TANK,51.6,8.0
Competitive,Silver,new-junk-city,Doomfist,TANK,50.3,5.6
Competitive,Silver,new-junk-city,Echo,DAMAGE,46.8,3.6
Competitive,Silver,new-junk-city,Emre,DAMAGE,48.3,19.5
Competitive,Silver,new-junk-city,Freja,DAMAGE,44.1,3.2
Competitive,Silver,new-junk-city,Genji,DAMAGE,52.3,9.9
Competitive,Silver,new-junk-city,Hanzo,DAMAGE,50.4,4.3
Competitive,Silver,new-junk-city,Hazard,TANK,53.3,2.9
Competitive,Silver,new-junk-city,Illari,SUPPORT,52.3,6.6
Competitive,Silver,new-junk-city,Jetpack Cat,SUPPORT,51.0,3.6
Competitive,Silver,new-junk-city,Junker Queen,TANK,58.5,4.9
Competitive,Silver,new-junk-city,Junkrat,DAMAGE,50.2,7.4
Competitive,Silver,new-junk-city,Juno,SUPPORT,49.7,15.9
Competitive,Silver,new-junk-city,Kiriko,SUPPORT,48.0,46.2
Competitive,Silver,new-junk-city,Lifeweaver,SUPPORT,44.1,3.0
Competitive,Silver,new-junk-city,Lúcio,SUPPORT,46.7,8.8
Competitive,Silver,new-junk-city,Mauga,TANK,49.9,4.9
Competitive,Silver,new-junk-city,Mei,DAMAGE,49.5,7.7
Competitive,Silver,new-junk-city,Mercy,SUPPORT,51.2,6.1
Competitive,Silver,new-junk-city,Mizuki,SUPPORT,58.7,25.1
Competitive,Silver,new-junk-city,Moira,SUPPORT,49.7,29.9
Competitive,Silver,new-junk-city,Orisa,TANK,44.7,14.2
Competitive,Silver,new-junk-city,Pharah,DAMAGE,45.8,3.7
Competitive,Silver,new-junk-city,Ramattra,TANK,49.9,8.4
Competitive,Silver,new-junk-city,Reaper,DAMAGE,54.0,16.1
Competitive,Silver,new-junk-city,Reinhardt,TANK,47.0,7.9
Competitive,Silver,new-junk-city,Roadhog,TANK,47.0,7.1
Competitive,Silver,new-junk-city,Sigma,TANK,51.2,10.6
Competitive,Silver,new-junk-city,Sojourn,DAMAGE,45.2,19.2
Competitive,Silver,new-junk-city,Soldier: 76,DAMAGE,49.8,20.9
Competitive,Silver,new-junk-city,Sombra,DAMAGE,50.1,3.9
Competitive,Silver,new-junk-city,Symmetra,DAMAGE,58.8,3.6
Competitive,Silver,new-junk-city,Torbjörn,DAMAGE,57.0,3.6
Competitive,Silver,new-junk-city,Tracer,DAMAGE,53.1,11.3
Competitive,Silver,new-junk-city,Vendetta,DAMAGE,50.4,3.4
Competitive,Silver,new-junk-city,Venture,DAMAGE,56.2,3.9
Competitive,Silver,new-junk-city,Widowmaker,DAMAGE,38.0,0.8
Competitive,Silver,new-junk-city,Winston,TANK,51.4,6.3
Competitive,Silver,new-junk-city,Wrecking Ball,TANK,55.6,3.0
Competitive,Silver,new-junk-city,Wuyang,SUPPORT,52.9,11.8
Competitive,Silver,new-junk-city,Zarya,TANK,52.6,9.0
Competitive,Silver,new-junk-city,Zenyatta,SUPPORT,50.6,8.4
Competitive,Silver,suravasa,Ana,SUPPORT,45.6,26.5
Competitive,Silver,suravasa,Anran,DAMAGE,49.9,16.5
Competitive,Silver,suravasa,Ashe,DAMAGE,50.2,7.0
Competitive,Silver,suravasa,Baptiste,SUPPORT,44.3,5.3
Competitive,Silver,suravasa,Bastion,DAMAGE,48.7,9.8
Competitive,Silver,suravasa,Brigitte,SUPPORT,46.4,3.7
Competitive,Silver,suravasa,Cassidy,DAMAGE,52.5,22.0
Competitive,Silver,suravasa,D.Va,TANK,51.6,8.2
Competitive,Silver,suravasa,Domina,TANK,50.9,7.8
Competitive,Silver,suravasa,Doomfist,TANK,57.3,5.8
Competitive,Silver,suravasa,Echo,DAMAGE,46.5,3.6
Competitive,Silver,suravasa,Emre,DAMAGE,47.8,20.4
Competitive,Silver,suravasa,Freja,DAMAGE,46.1,3.0
Competitive,Silver,suravasa,Genji,DAMAGE,50.5,9.9
Competitive,Silver,suravasa,Hanzo,DAMAGE,47.8,4.1
Competitive,Silver,suravasa,Hazard,TANK,53.9,2.9
Competitive,Silver,suravasa,Illari,SUPPORT,53.2,7.9
Competitive,Silver,suravasa,Jetpack Cat,SUPPORT,54.8,3.7
Competitive,Silver,suravasa,Junker Queen,TANK,45.5,4.3
Competitive,Silver,suravasa,Junkrat,DAMAGE,49.6,6.1
Competitive,Silver,suravasa,Juno,SUPPORT,50.6,16.2
Competitive,Silver,suravasa,Kiriko,SUPPORT,49.1,45.5
Competitive,Silver,suravasa,Lifeweaver,SUPPORT,46.2,3.5
Competitive,Silver,suravasa,Lúcio,SUPPORT,49.0,8.4
Competitive,Silver,suravasa,Mauga,TANK,50.7,4.8
Competitive,Silver,suravasa,Mei,DAMAGE,55.5,7.3
Competitive,Silver,suravasa,Mercy,SUPPORT,45.0,6.6
Competitive,Silver,suravasa,Mizuki,SUPPORT,55.0,22.5
Competitive,Silver,suravasa,Moira,SUPPORT,51.7,29.5
Competitive,Silver,suravasa,Orisa,TANK,45.0,13.9
Competitive,Silver,suravasa,Pharah,DAMAGE,51.9,4.4
Competitive,Silver,suravasa,Ramattra,TANK,46.3,8.2
Competitive,Silver,suravasa,Reaper,DAMAGE,51.7,16.5
Competitive,Silver,suravasa,Reinhardt,TANK,52.8,7.9
Competitive,Silver,suravasa,Roadhog,TANK,46.4,7.2
Competitive,Silver,suravasa,Sigma,TANK,52.4,10.6
Competitive,Silver,suravasa,Sojourn,DAMAGE,43.8,18.9
Competitive,Silver,suravasa,Soldier: 76,DAMAGE,48.0,20.5
Competitive,Silver,suravasa,Sombra,DAMAGE,53.5,3.9
Competitive,Silver,suravasa,Symmetra,DAMAGE,58.0,3.4
Competitive,Silver,suravasa,Torbjörn,DAMAGE,53.1,2.8
Competitive,Silver,suravasa,Tracer,DAMAGE,53.1,11.1
Competitive,Silver,suravasa,Vendetta,DAMAGE,55.1,3.8
Competitive,Silver,suravasa,Venture,DAMAGE,51.9,3.9
Competitive,Silver,suravasa,Widowmaker,DAMAGE,37.8,0.8
Competitive,Silver,suravasa,Winston,TANK,51.6,6.9
Competitive,Silver,suravasa,Wrecking Ball,TANK,59.8,3.2
Competitive,Silver,suravasa,Wuyang,SUPPORT,49.9,12.7
Competitive,Silver,suravasa,Zarya,TANK,47.2,8.4
Competitive,Silver,suravasa,Zenyatta,SUPPORT,54.1,8.0
Competitive,Silver,midtown,Ana,SUPPORT,47.5,36.9
Competitive,Silver,midtown,Anran,DAMAGE,50.5,10.6
Competitive,Silver,midtown,Ashe,DAMAGE,51.3,15.1
Competitive,Silver,midtown,Baptiste,SUPPORT,43.2,6.4
Competitive,Silver,midtown,Bastion,DAMAGE,45.5,13.7
Competitive,Silver,midtown,Brigitte,SUPPORT,49.6,1.9
Competitive,Silver,midtown,Cassidy,DAMAGE,46.6,16.0
Competitive,Silver,midtown,D.Va,TANK,45.9,6.8
Competitive,Silver,midtown,Domina,TANK,53.0,9.8
Competitive,Silver,midtown,Doomfist,TANK,49.9,3.8
Competitive,Silver,midtown,Echo,DAMAGE,49.3,3.9
Competitive,Silver,midtown,Emre,DAMAGE,51.1,21.2
Competitive,Silver,midtown,Freja,DAMAGE,45.8,3.9
Competitive,Silver,midtown,Genji,DAMAGE,52.5,8.8
Competitive,Silver,midtown,Hanzo,DAMAGE,47.8,7.0
Competitive,Silver,midtown,Hazard,TANK,53.9,2.0
Competitive,Silver,midtown,Illari,SUPPORT,51.6,15.7
Competitive,Silver,midtown,Jetpack Cat,SUPPORT,46.9,3.0
Competitive,Silver,midtown,Junker Queen,TANK,46.4,2.2
Competitive,Silver,midtown,Junkrat,DAMAGE,46.3,7.6
Competitive,Silver,midtown,Juno,SUPPORT,49.4,14.1
Competitive,Silver,midtown,Kiriko,SUPPORT,46.9,39.6
Competitive,Silver,midtown,Lifeweaver,SUPPORT,44.0,3.8
Competitive,Silver,midtown,Lúcio,SUPPORT,46.6,4.8
Competitive,Silver,midtown,Mauga,TANK,45.0,4.1
Competitive,Silver,midtown,Mei,DAMAGE,50.8,8.3
Competitive,Silver,midtown,Mercy,SUPPORT,47.0,9.1
Competitive,Silver,midtown,Mizuki,SUPPORT,51.8,18.1
Competitive,Silver,midtown,Moira,SUPPORT,47.6,23.0
Competitive,Silver,midtown,Orisa,TANK,45.3,14.1
Competitive,Silver,midtown,Pharah,DAMAGE,47.9,5.0
Competitive,Silver,midtown,Ramattra,TANK,45.7,8.7
Competitive,Silver,midtown,Reaper,DAMAGE,51.4,13.5
Competitive,Silver,midtown,Reinhardt,TANK,51.9,7.9
Competitive,Silver,midtown,Roadhog,TANK,46.8,5.7
Competitive,Silver,midtown,Sigma,TANK,53.1,19.0
Competitive,Silver,midtown,Sojourn,DAMAGE,43.5,17.7
Competitive,Silver,midtown,Soldier: 76,DAMAGE,46.2,19.4
Competitive,Silver,midtown,Sombra,DAMAGE,51.0,2.8
Competitive,Silver,midtown,Symmetra,DAMAGE,51.1,5.6
Competitive,Silver,midtown,Torbjörn,DAMAGE,52.4,5.4
Competitive,Silver,midtown,Tracer,DAMAGE,48.3,6.1
Competitive,Silver,midtown,Vendetta,DAMAGE,52.3,2.6
Competitive,Silver,midtown,Venture,DAMAGE,45.5,2.9
Competitive,Silver,midtown,Widowmaker,DAMAGE,47.9,2.8
Competitive,Silver,midtown,Winston,TANK,45.3,5.7
Competitive,Silver,midtown,Wrecking Ball,TANK,45.2,2.2
Competitive,Silver,midtown,Wuyang,SUPPORT,53.5,11.6
Competitive,Silver,midtown,Zarya,TANK,47.5,8.0
Competitive,Silver,midtown,Zenyatta,SUPPORT,49.4,11.9
Competitive,Silver,numbani,Ana,SUPPORT,47.9,35.4
Competitive,Silver,numbani,Anran,DAMAGE,52.0,9.3
Competitive,Silver,numbani,Ashe,DAMAGE,49.3,13.6
Competitive,Silver,numbani,Baptiste,SUPPORT,43.7,7.2
Competitive,Silver,numbani,Bastion,DAMAGE,47.0,12.8
Competitive,Silver,numbani,Brigitte,SUPPORT,49.6,2.2
Competitive,Silver,numbani,Cassidy,DAMAGE,45.9,16.0
Competitive,Silver,numbani,D.Va,TANK,50.0,12.0
Competitive,Silver,numbani,Domina,TANK,51.2,7.9
Competitive,Silver,numbani,Doomfist,TANK,53.6,4.9
Competitive,Silver,numbani,Echo,DAMAGE,55.2,5.9
Competitive,Silver,numbani,Emre,DAMAGE,50.0,18.9
Competitive,Silver,numbani,Freja,DAMAGE,48.8,4.6
Competitive,Silver,numbani,Genji,DAMAGE,51.6,11.6
Competitive,Silver,numbani,Hanzo,DAMAGE,50.0,6.2
Competitive,Silver,numbani,Hazard,TANK,51.2,2.7
Competitive,Silver,numbani,Illari,SUPPORT,52.0,12.4
Competitive,Silver,numbani,Jetpack Cat,SUPPORT,50.4,3.9
Competitive,Silver,numbani,Junker Queen,TANK,40.6,1.8
Competitive,Silver,numbani,Junkrat,DAMAGE,46.3,8.3
Competitive,Silver,numbani,Juno,SUPPORT,50.3,15.8
Competitive,Silver,numbani,Kiriko,SUPPORT,48.3,39.4
Competitive,Silver,numbani,Lifeweaver,SUPPORT,44.1,4.7
Competitive,Silver,numbani,Lúcio,SUPPORT,44.5,5.8
Competitive,Silver,numbani,Mauga,TANK,49.2,4.0
Competitive,Silver,numbani,Mei,DAMAGE,50.9,7.0
Competitive,Silver,numbani,Mercy,SUPPORT,44.8,12.5
Competitive,Silver,numbani,Mizuki,SUPPORT,53.9,15.7
Competitive,Silver,numbani,Moira,SUPPORT,46.6,22.8
Competitive,Silver,numbani,Orisa,TANK,44.8,12.6
Competitive,Silver,numbani,Pharah,DAMAGE,47.8,6.4
Competitive,Silver,numbani,Ramattra,TANK,44.1,6.7
Competitive,Silver,numbani,Reaper,DAMAGE,50.8,15.3
Competitive,Silver,numbani,Reinhardt,TANK,48.3,7.6
Competitive,Silver,numbani,Roadhog,TANK,43.7,5.7
Competitive,Silver,numbani,Sigma,TANK,52.7,14.2
Competitive,Silver,numbani,Sojourn,DAMAGE,41.4,14.9
Competitive,Silver,numbani,Soldier: 76,DAMAGE,48.1,22.6
Competitive,Silver,numbani,Sombra,DAMAGE,55.1,3.0
Competitive,Silver,numbani,Symmetra,DAMAGE,50.6,3.8
Competitive,Silver,numbani,Torbjörn,DAMAGE,50.2,5.0
Competitive,Silver,numbani,Tracer,DAMAGE,48.2,5.3
Competitive,Silver,numbani,Vendetta,DAMAGE,52.8,3.4
Competitive,Silver,numbani,Venture,DAMAGE,49.4,3.2
Competitive,Silver,numbani,Widowmaker,DAMAGE,43.0,2.8
Competitive,Silver,numbani,Winston,TANK,52.0,10.0
Competitive,Silver,numbani,Wrecking Ball,TANK,46.6,2.6
Competitive,Silver,numbani,Wuyang,SUPPORT,52.3,11.6
Competitive,Silver,numbani,Zarya,TANK,46.6,7.3
Competitive,Silver,numbani,Zenyatta,SUPPORT,50.7,10.6
Competitive,Silver,kings-row,Ana,SUPPORT,49.6,39.0
Competitive,Silver,kings-row,Anran,DAMAGE,50.6,9.9
Competitive,Silver,kings-row,Ashe,DAMAGE,48.8,12.8
Competitive,Silver,kings-row,Baptiste,SUPPORT,43.7,7.0
Competitive,Silver,kings-row,Bastion,DAMAGE,48.4,15.4
Competitive,Silver,kings-row,Brigitte,SUPPORT,47.0,2.2
Competitive,Silver,kings-row,Cassidy,DAMAGE,46.8,14.4
Competitive,Silver,kings-row,D.Va,TANK,42.9,7.2
Competitive,Silver,kings-row,Domina,TANK,53.2,8.9
Competitive,Silver,kings-row,Doomfist,TANK,51.4,4.1
Competitive,Silver,kings-row,Echo,DAMAGE,48.6,3.8
Competitive,Silver,kings-row,Emre,DAMAGE,50.2,18.5
Competitive,Silver,kings-row,Freja,DAMAGE,48.0,4.0
Competitive,Silver,kings-row,Genji,DAMAGE,52.4,9.3
Competitive,Silver,kings-row,Hanzo,DAMAGE,51.2,7.3
Competitive,Silver,kings-row,Hazard,TANK,50.7,1.6
Competitive,Silver,kings-row,Illari,SUPPORT,51.9,14.6
Competitive,Silver,kings-row,Jetpack Cat,SUPPORT,50.0,3.2
Competitive,Silver,kings-row,Junker Queen,TANK,49.8,1.9
Competitive,Silver,kings-row,Junkrat,DAMAGE,46.5,9.6
Competitive,Silver,kings-row,Juno,SUPPORT,48.0,13.0
Competitive,Silver,kings-row,Kiriko,SUPPORT,48.1,37.3
Competitive,Silver,kings-row,Lifeweaver,SUPPORT,43.8,3.6
Competitive,Silver,kings-row,Lúcio,SUPPORT,42.0,5.4
Competitive,Silver,kings-row,Mauga,TANK,47.5,4.0
Competitive,Silver,kings-row,Mei,DAMAGE,50.6,9.9
Competitive,Silver,kings-row,Mercy,SUPPORT,45.8,10.2
Competitive,Silver,kings-row,Mizuki,SUPPORT,54.2,16.9
Competitive,Silver,kings-row,Moira,SUPPORT,47.6,23.4
Competitive,Silver,kings-row,Orisa,TANK,44.9,13.3
Competitive,Silver,kings-row,Pharah,DAMAGE,51.0,6.9
Competitive,Silver,kings-row,Ramattra,TANK,47.3,8.6
Competitive,Silver,kings-row,Reaper,DAMAGE,51.8,14.3
Competitive,Silver,kings-row,Reinhardt,TANK,53.3,10.0
Competitive,Silver,kings-row,Roadhog,TANK,43.3,5.2
Competitive,Silver,kings-row,Sigma,TANK,52.3,17.1
Competitive,Silver,kings-row,Sojourn,DAMAGE,43.3,15.9
Competitive,Silver,kings-row,Soldier: 76,DAMAGE,43.8,17.5
Competitive,Silver,kings-row,Sombra,DAMAGE,47.2,2.3
Competitive,Silver,kings-row,Symmetra,DAMAGE,52.7,5.2
Competitive,Silver,kings-row,Torbjörn,DAMAGE,50.1,4.9
Competitive,Silver,kings-row,Tracer,DAMAGE,47.2,4.4
Competitive,Silver,kings-row,Vendetta,DAMAGE,55.1,2.9
Competitive,Silver,kings-row,Venture,DAMAGE,51.6,3.1
Competitive,Silver,kings-row,Widowmaker,DAMAGE,55.2,8.0
Competitive,Silver,kings-row,Winston,TANK,48.1,7.1
Competitive,Silver,kings-row,Wrecking Ball,TANK,51.5,2.1
Competitive,Silver,kings-row,Wuyang,SUPPORT,49.8,11.5
Competitive,Silver,kings-row,Zarya,TANK,50.7,8.8
Competitive,Silver,kings-row,Zenyatta,SUPPORT,53.2,12.5
Competitive,Silver,hollywood,Ana,SUPPORT,48.4,37.8
Competitive,Silver,hollywood,Anran,DAMAGE,49.6,9.8
Competitive,Silver,hollywood,Ashe,DAMAGE,48.8,14.0
Competitive,Silver,hollywood,Baptiste,SUPPORT,40.9,6.7
Competitive,Silver,hollywood,Bastion,DAMAGE,45.6,13.1
Competitive,Silver,hollywood,Brigitte,SUPPORT,47.5,2.3
Competitive,Silver,hollywood,Cassidy,DAMAGE,44.9,15.5
Competitive,Silver,hollywood,D.Va,TANK,47.7,9.8
Competitive,Silver,hollywood,Domina,TANK,54.4,8.4
Competitive,Silver,hollywood,Doomfist,TANK,49.7,4.0
Competitive,Silver,hollywood,Echo,DAMAGE,47.7,4.4
Competitive,Silver,hollywood,Emre,DAMAGE,47.7,19.1
Competitive,Silver,hollywood,Freja,DAMAGE,49.5,4.3
Competitive,Silver,hollywood,Genji,DAMAGE,52.6,10.6
Competitive,Silver,hollywood,Hanzo,DAMAGE,51.1,7.1
Competitive,Silver,hollywood,Hazard,TANK,48.9,2.0
Competitive,Silver,hollywood,Illari,SUPPORT,52.6,14.9
Competitive,Silver,hollywood,Jetpack Cat,SUPPORT,49.7,3.1
Competitive,Silver,hollywood,Junker Queen,TANK,45.8,1.9
Competitive,Silver,hollywood,Junkrat,DAMAGE,46.7,9.0
Competitive,Silver,hollywood,Juno,SUPPORT,48.7,14.3
Competitive,Silver,hollywood,Kiriko,SUPPORT,46.7,37.0
Competitive,Silver,hollywood,Lifeweaver,SUPPORT,45.2,3.9
Competitive,Silver,hollywood,Lúcio,SUPPORT,44.7,5.2
Competitive,Silver,hollywood,Mauga,TANK,44.4,3.8
Competitive,Silver,hollywood,Mei,DAMAGE,49.8,8.1
Competitive,Silver,hollywood,Mercy,SUPPORT,47.8,11.2
Competitive,Silver,hollywood,Mizuki,SUPPORT,51.4,16.7
Competitive,Silver,hollywood,Moira,SUPPORT,47.6,23.4
Competitive,Silver,hollywood,Orisa,TANK,42.5,12.5
Competitive,Silver,hollywood,Pharah,DAMAGE,49.4,6.0
Competitive,Silver,hollywood,Ramattra,TANK,48.2,7.1
Competitive,Silver,hollywood,Reaper,DAMAGE,50.5,15.3
Competitive,Silver,hollywood,Reinhardt,TANK,47.5,7.8
Competitive,Silver,hollywood,Roadhog,TANK,44.4,5.7
Competitive,Silver,hollywood,Sigma,TANK,51.4,17.3
Competitive,Silver,hollywood,Sojourn,DAMAGE,44.8,15.6
Competitive,Silver,hollywood,Soldier: 76,DAMAGE,45.9,18.8
Competitive,Silver,hollywood,Sombra,DAMAGE,54.0,2.8
Competitive,Silver,hollywood,Symmetra,DAMAGE,52.5,5.2
Competitive,Silver,hollywood,Torbjörn,DAMAGE,50.9,5.5
Competitive,Silver,hollywood,Tracer,DAMAGE,49.9,5.2
Competitive,Silver,hollywood,Vendetta,DAMAGE,55.0,3.5
Competitive,Silver,hollywood,Venture,DAMAGE,51.4,3.1
Competitive,Silver,hollywood,Widowmaker,DAMAGE,47.4,3.9
Competitive,Silver,hollywood,Winston,TANK,51.5,9.1
Competitive,Silver,hollywood,Wrecking Ball,TANK,50.1,2.4
Competitive,Silver,hollywood,Wuyang,SUPPORT,51.6,12.4
Competitive,Silver,hollywood,Zarya,TANK,49.1,8.2
Competitive,Silver,hollywood,Zenyatta,SUPPORT,48.7,11.1
Competitive,Silver,paraiso,Ana,SUPPORT,49.1,34.3
Competitive,Silver,paraiso,Anran,DAMAGE,49.0,10.6
Competitive,Silver,paraiso,Ashe,DAMAGE,49.7,13.7
Competitive,Silver,paraiso,Baptiste,SUPPORT,43.2,7.2
Competitive,Silver,paraiso,Bastion,DAMAGE,45.8,13.7
Competitive,Silver,paraiso,Brigitte,SUPPORT,41.2,2.3
Competitive,Silver,paraiso,Cassidy,DAMAGE,44.8,16.2
Competitive,Silver,paraiso,D.Va,TANK,47.5,10.1
Competitive,Silver,paraiso,Domina,TANK,50.0,8.9
Competitive,Silver,paraiso,Doomfist,TANK,49.2,4.2
Competitive,Silver,paraiso,Echo,DAMAGE,46.9,4.7
Competitive,Silver,paraiso,Emre,DAMAGE,49.2,20.4
Competitive,Silver,paraiso,Freja,DAMAGE,47.0,4.4
Competitive,Silver,paraiso,Genji,DAMAGE,51.3,9.9
Competitive,Silver,paraiso,Hanzo,DAMAGE,50.1,6.1
Competitive,Silver,paraiso,Hazard,TANK,48.9,2.4
Competitive,Silver,paraiso,Illari,SUPPORT,50.7,13.7
Competitive,Silver,paraiso,Jetpack Cat,SUPPORT,48.2,3.0
Competitive,Silver,paraiso,Junker Queen,TANK,43.0,2.0
Competitive,Silver,paraiso,Junkrat,DAMAGE,46.9,7.6
Competitive,Silver,paraiso,Juno,SUPPORT,49.6,15.2
Competitive,Silver,paraiso,Kiriko,SUPPORT,48.0,41.0
Competitive,Silver,paraiso,Lifeweaver,SUPPORT,41.1,4.3
Competitive,Silver,paraiso,Lúcio,SUPPORT,45.6,5.2
Competitive,Silver,paraiso,Mauga,TANK,49.3,4.0
Competitive,Silver,paraiso,Mei,DAMAGE,50.1,7.4
Competitive,Silver,paraiso,Mercy,SUPPORT,44.7,9.6
Competitive,Silver,paraiso,Mizuki,SUPPORT,50.9,18.1
Competitive,Silver,paraiso,Moira,SUPPORT,47.6,23.9
Competitive,Silver,paraiso,Orisa,TANK,45.0,13.0
Competitive,Silver,paraiso,Pharah,DAMAGE,48.8,6.6
Competitive,Silver,paraiso,Ramattra,TANK,47.7,8.0
Competitive,Silver,paraiso,Reaper,DAMAGE,50.8,15.7
Competitive,Silver,paraiso,Reinhardt,TANK,47.5,6.8
Competitive,Silver,paraiso,Roadhog,TANK,44.7,5.3
Competitive,Silver,paraiso,Sigma,TANK,50.8,17.1
Competitive,Silver,paraiso,Sojourn,DAMAGE,42.4,16.7
Competitive,Silver,paraiso,Soldier: 76,DAMAGE,45.8,19.1
Competitive,Silver,paraiso,Sombra,DAMAGE,52.8,3.2
Competitive,Silver,paraiso,Symmetra,DAMAGE,52.5,4.6
Competitive,Silver,paraiso,Torbjörn,DAMAGE,49.9,5.7
Competitive,Silver,paraiso,Tracer,DAMAGE,49.0,5.9
Competitive,Silver,paraiso,Vendetta,DAMAGE,57.2,2.9
Competitive,Silver,paraiso,Venture,DAMAGE,51.8,2.9
Competitive,Silver,paraiso,Widowmaker,DAMAGE,48.5,2.4
Competitive,Silver,paraiso,Winston,TANK,53.2,9.0
Competitive,Silver,paraiso,Wrecking Ball,TANK,42.7,2.2
Competitive,Silver,paraiso,Wuyang,SUPPORT,48.4,11.3
Competitive,Silver,paraiso,Zarya,TANK,46.4,6.8
Competitive,Silver,paraiso,Zenyatta,SUPPORT,51.1,10.9
Competitive,Silver,eichenwalde,Ana,SUPPORT,48.9,37.3
Competitive,Silver,eichenwalde,Anran,DAMAGE,51.3,9.4
Competitive,Silver,eichenwalde,Ashe,DAMAGE,48.8,10.7
Competitive,Silver,eichenwalde,Baptiste,SUPPORT,43.2,6.8
Competitive,Silver,eichenwalde,Bastion,DAMAGE,47.0,14.4
Competitive,Silver,eichenwalde,Brigitte,SUPPORT,47.9,1.9
Competitive,Silver,eichenwalde,Cassidy,DAMAGE,45.7,15.4
Competitive,Silver,eichenwalde,D.Va,TANK,45.7,7.5
Competitive,Silver,eichenwalde,Domina,TANK,52.7,8.6
Competitive,Silver,eichenwalde,Doomfist,TANK,51.9,4.1
Competitive,Silver,eichenwalde,Echo,DAMAGE,49.4,5.1
Competitive,Silver,eichenwalde,Emre,DAMAGE,49.3,17.9
Competitive,Silver,eichenwalde,Freja,DAMAGE,47.0,3.8
Competitive,Silver,eichenwalde,Genji,DAMAGE,53.0,10.1
Competitive,Silver,eichenwalde,Hanzo,DAMAGE,48.4,7.4
Competitive,Silver,eichenwalde,Hazard,TANK,50.4,1.9
Competitive,Silver,eichenwalde,Illari,SUPPORT,52.3,14.8
Competitive,Silver,eichenwalde,Jetpack Cat,SUPPORT,54.0,4.6
Competitive,Silver,eichenwalde,Junker Queen,TANK,44.2,1.8
Competitive,Silver,eichenwalde,Junkrat,DAMAGE,49.3,11.5
Competitive,Silver,eichenwalde,Juno,SUPPORT,49.3,12.7
Competitive,Silver,eichenwalde,Kiriko,SUPPORT,46.6,36.1
Competitive,Silver,eichenwalde,Lifeweaver,SUPPORT,40.9,3.7
Competitive,Silver,eichenwalde,Lúcio,SUPPORT,45.0,6.0
Competitive,Silver,eichenwalde,Mauga,TANK,44.2,3.9
Competitive,Silver,eichenwalde,Mei,DAMAGE,50.2,8.0
Competitive,Silver,eichenwalde,Mercy,SUPPORT,46.9,11.1
Competitive,Silver,eichenwalde,Mizuki,SUPPORT,52.7,17.5
Competitive,Silver,eichenwalde,Moira,SUPPORT,47.1,23.2
Competitive,Silver,eichenwalde,Orisa,TANK,45.8,13.1
Competitive,Silver,eichenwalde,Pharah,DAMAGE,50.2,8.9
Competitive,Silver,eichenwalde,Ramattra,TANK,47.4,8.0
Competitive,Silver,eichenwalde,Reaper,DAMAGE,49.5,14.4
Competitive,Silver,eichenwalde,Reinhardt,TANK,52.5,10.1
Competitive,Silver,eichenwalde,Roadhog,TANK,47.4,5.8
Competitive,Silver,eichenwalde,Sigma,TANK,51.0,17.5
Competitive,Silver,eichenwalde,Sojourn,DAMAGE,44.5,14.8
Competitive,Silver,eichenwalde,Soldier: 76,DAMAGE,44.9,18.5
Competitive,Silver,eichenwalde,Sombra,DAMAGE,52.6,2.9
Competitive,Silver,eichenwalde,Symmetra,DAMAGE,52.4,5.4
Competitive,Silver,eichenwalde,Torbjörn,DAMAGE,55.1,8.1
Competitive,Silver,eichenwalde,Tracer,DAMAGE,48.0,4.9
Competitive,Silver,eichenwalde,Vendetta,DAMAGE,53.0,3.4
Competitive,Silver,eichenwalde,Venture,DAMAGE,53.0,3.0
Competitive,Silver,eichenwalde,Widowmaker,DAMAGE,44.2,1.9
Competitive,Silver,eichenwalde,Winston,TANK,47.7,6.5
Competitive,Silver,eichenwalde,Wrecking Ball,TANK,51.1,2.5
Competitive,Silver,eichenwalde,Wuyang,SUPPORT,50.6,11.9
Competitive,Silver,eichenwalde,Zarya,TANK,48.7,8.6
Competitive,Silver,eichenwalde,Zenyatta,SUPPORT,52.9,12.4
Competitive,Silver,blizzard-world,Ana,SUPPORT,50.4,36.4
Competitive,Silver,blizzard-world,Anran,DAMAGE,50.7,10.0
Competitive,Silver,blizzard-world,Ashe,DAMAGE,49.4,14.0
Competitive,Silver,blizzard-world,Baptiste,SUPPORT,42.1,6.5
Competitive,Silver,blizzard-world,Bastion,DAMAGE,45.2,12.9
Competitive,Silver,blizzard-world,Brigitte,SUPPORT,44.0,2.1
Competitive,Silver,blizzard-world,Cassidy,DAMAGE,46.3,15.0
Competitive,Silver,blizzard-world,D.Va,TANK,46.3,9.1
Competitive,Silver,blizzard-world,Domina,TANK,53.4,8.3
Competitive,Silver,blizzard-world,Doomfist,TANK,50.9,4.5
Competitive,Silver,blizzard-world,Echo,DAMAGE,43.9,4.4
Competitive,Silver,blizzard-world,Emre,DAMAGE,49.9,19.4
Competitive,Silver,blizzard-world,Freja,DAMAGE,46.6,4.8
Competitive,Silver,blizzard-world,Genji,DAMAGE,54.0,9.7
Competitive,Silver,blizzard-world,Hanzo,DAMAGE,48.1,7.3
Competitive,Silver,blizzard-world,Hazard,TANK,47.2,1.9
Competitive,Silver,blizzard-world,Illari,SUPPORT,52.2,13.7
Competitive,Silver,blizzard-world,Jetpack Cat,SUPPORT,51.6,4.1
Competitive,Silver,blizzard-world,Junker Queen,TANK,47.0,1.9
Competitive,Silver,blizzard-world,Junkrat,DAMAGE,47.1,9.3
Competitive,Silver,blizzard-world,Juno,SUPPORT,49.1,14.3
Competitive,Silver,blizzard-world,Kiriko,SUPPORT,49.1,39.1
Competitive,Silver,blizzard-world,Lifeweaver,SUPPORT,43.6,3.9
Competitive,Silver,blizzard-world,Lúcio,SUPPORT,44.0,5.6
Competitive,Silver,blizzard-world,Mauga,TANK,45.2,4.1
Competitive,Silver,blizzard-world,Mei,DAMAGE,48.4,7.9
Competitive,Silver,blizzard-world,Mercy,SUPPORT,44.0,11.6
Competitive,Silver,blizzard-world,Mizuki,SUPPORT,49.1,15.9
Competitive,Silver,blizzard-world,Moira,SUPPORT,45.7,22.8
Competitive,Silver,blizzard-world,Orisa,TANK,43.2,12.9
Competitive,Silver,blizzard-world,Pharah,DAMAGE,47.3,5.7
Competitive,Silver,blizzard-world,Ramattra,TANK,45.8,7.3
Competitive,Silver,blizzard-world,Reaper,DAMAGE,51.3,14.3
Competitive,Silver,blizzard-world,Reinhardt,TANK,47.0,7.6
Competitive,Silver,blizzard-world,Roadhog,TANK,43.0,5.7
Competitive,Silver,blizzard-world,Sigma,TANK,53.9,17.7
Competitive,Silver,blizzard-world,Sojourn,DAMAGE,45.1,16.1
Competitive,Silver,blizzard-world,Soldier: 76,DAMAGE,46.4,20.4
Competitive,Silver,blizzard-world,Sombra,DAMAGE,51.9,3.2
Competitive,Silver,blizzard-world,Symmetra,DAMAGE,52.7,4.1
Competitive,Silver,blizzard-world,Torbjörn,DAMAGE,48.4,5.1
Competitive,Silver,blizzard-world,Tracer,DAMAGE,48.1,5.8
Competitive,Silver,blizzard-world,Vendetta,DAMAGE,49.0,3.4
Competitive,Silver,blizzard-world,Venture,DAMAGE,51.4,3.2
Competitive,Silver,blizzard-world,Widowmaker,DAMAGE,45.1,4.2
Competitive,Silver,blizzard-world,Winston,TANK,51.7,9.1
Competitive,Silver,blizzard-world,Wrecking Ball,TANK,52.3,2.6
Competitive,Silver,blizzard-world,Wuyang,SUPPORT,49.3,12.3
Competitive,Silver,blizzard-world,Zarya,TANK,46.2,7.2
Competitive,Silver,blizzard-world,Zenyatta,SUPPORT,50.5,11.8
Competitive,Silver,esperanca,Ana,SUPPORT,46.4,33.0
Competitive,Silver,esperanca,Anran,DAMAGE,52.8,13.8
Competitive,Silver,esperanca,Ashe,DAMAGE,49.7,10.8
Competitive,Silver,esperanca,Baptiste,SUPPORT,45.7,5.2
Competitive,Silver,esperanca,Bastion,DAMAGE,47.8,10.4
Competitive,Silver,esperanca,Brigitte,SUPPORT,47.5,2.8
Competitive,Silver,esperanca,Cassidy,DAMAGE,47.6,20.1
Competitive,Silver,esperanca,D.Va,TANK,49.0,9.2
Competitive,Silver,esperanca,Domina,TANK,55.0,9.9
Competitive,Silver,esperanca,Doomfist,TANK,52.6,4.8
Competitive,Silver,esperanca,Echo,DAMAGE,50.2,4.9
Competitive,Silver,esperanca,Emre,DAMAGE,48.8,22.8
Competitive,Silver,esperanca,Freja,DAMAGE,48.0,4.1
Competitive,Silver,esperanca,Genji,DAMAGE,53.7,11.2
Competitive,Silver,esperanca,Hanzo,DAMAGE,51.4,5.0
Competitive,Silver,esperanca,Hazard,TANK,51.4,2.3
Competitive,Silver,esperanca,Illari,SUPPORT,52.5,7.5
Competitive,Silver,esperanca,Jetpack Cat,SUPPORT,48.4,3.7
Competitive,Silver,esperanca,Junker Queen,TANK,54.3,3.2
Competitive,Silver,esperanca,Junkrat,DAMAGE,50.0,4.9
Competitive,Silver,esperanca,Juno,SUPPORT,50.0,17.7
Competitive,Silver,esperanca,Kiriko,SUPPORT,50.2,45.6
Competitive,Silver,esperanca,Lifeweaver,SUPPORT,44.5,3.8
Competitive,Silver,esperanca,Lúcio,SUPPORT,44.4,5.7
Competitive,Silver,esperanca,Mauga,TANK,49.1,4.5
Competitive,Silver,esperanca,Mei,DAMAGE,54.5,6.5
Competitive,Silver,esperanca,Mercy,SUPPORT,47.1,7.7
Competitive,Silver,esperanca,Mizuki,SUPPORT,53.2,19.7
Competitive,Silver,esperanca,Moira,SUPPORT,51.7,25.8
Competitive,Silver,esperanca,Orisa,TANK,44.8,12.9
Competitive,Silver,esperanca,Pharah,DAMAGE,46.8,4.9
Competitive,Silver,esperanca,Ramattra,TANK,45.8,7.9
Competitive,Silver,esperanca,Reaper,DAMAGE,52.6,14.4
Competitive,Silver,esperanca,Reinhardt,TANK,49.1,7.9
Competitive,Silver,esperanca,Roadhog,TANK,48.5,6.4
Competitive,Silver,esperanca,Sigma,TANK,52.2,13.0
Competitive,Silver,esperanca,Sojourn,DAMAGE,43.0,19.1
Competitive,Silver,esperanca,Soldier: 76,DAMAGE,49.6,20.7
Competitive,Silver,esperanca,Sombra,DAMAGE,55.3,3.6
Competitive,Silver,esperanca,Symmetra,DAMAGE,52.7,2.1
Competitive,Silver,esperanca,Torbjörn,DAMAGE,51.6,2.9
Competitive,Silver,esperanca,Tracer,DAMAGE,55.1,9.7
Competitive,Silver,esperanca,Vendetta,DAMAGE,56.1,3.6
Competitive,Silver,esperanca,Venture,DAMAGE,49.6,2.8
Competitive,Silver,esperanca,Widowmaker,DAMAGE,48.8,1.6
Competitive,Silver,esperanca,Winston,TANK,53.0,7.5
Competitive,Silver,esperanca,Wrecking Ball,TANK,56.3,3.0
Competitive,Silver,esperanca,Wuyang,SUPPORT,52.8,12.8
Competitive,Silver,esperanca,Zarya,TANK,48.4,7.6
Competitive,Silver,esperanca,Zenyatta,SUPPORT,55.5,9.0
Competitive,Silver,new-queen-street,Ana,SUPPORT,45.5,32.1
Competitive,Silver,new-queen-street,Anran,DAMAGE,52.2,13.4
Competitive,Silver,new-queen-street,Ashe,DAMAGE,49.9,11.1
Competitive,Silver,new-queen-street,Baptiste,SUPPORT,46.3,5.5
Competitive,Silver,new-queen-street,Bastion,DAMAGE,48.3,10.4
Competitive,Silver,new-queen-street,Brigitte,SUPPORT,49.1,2.9
Competitive,Silver,new-queen-street,Cassidy,DAMAGE,48.1,20.8
Competitive,Silver,new-queen-street,D.Va,TANK,48.6,8.7
Competitive,Silver,new-queen-street,Domina,TANK,53.6,10.1
Competitive,Silver,new-queen-street,Doomfist,TANK,51.9,5.0
Competitive,Silver,new-queen-street,Echo,DAMAGE,49.5,4.5
Competitive,Silver,new-queen-street,Emre,DAMAGE,49.7,22.9
Competitive,Silver,new-queen-street,Freja,DAMAGE,41.3,3.9
Competitive,Silver,new-queen-street,Genji,DAMAGE,48.9,10.1
Competitive,Silver,new-queen-street,Hanzo,DAMAGE,51.6,4.6
Competitive,Silver,new-queen-street,Hazard,TANK,49.7,2.6
Competitive,Silver,new-queen-street,Illari,SUPPORT,54.7,7.8
Competitive,Silver,new-queen-street,Jetpack Cat,SUPPORT,50.7,3.7
Competitive,Silver,new-queen-street,Junker Queen,TANK,52.5,3.3
Competitive,Silver,new-queen-street,Junkrat,DAMAGE,45.7,4.7
Competitive,Silver,new-queen-street,Juno,SUPPORT,49.3,17.4
Competitive,Silver,new-queen-street,Kiriko,SUPPORT,49.5,45.3
Competitive,Silver,new-queen-street,Lifeweaver,SUPPORT,47.5,3.5
Competitive,Silver,new-queen-street,Lúcio,SUPPORT,50.0,5.6
Competitive,Silver,new-queen-street,Mauga,TANK,42.8,4.2
Competitive,Silver,new-queen-street,Mei,DAMAGE,54.0,6.9
Competitive,Silver,new-queen-street,Mercy,SUPPORT,46.3,7.2
Competitive,Silver,new-queen-street,Mizuki,SUPPORT,51.5,20.6
Competitive,Silver,new-queen-street,Moira,SUPPORT,51.3,26.9
Competitive,Silver,new-queen-street,Orisa,TANK,47.4,13.3
Competitive,Silver,new-queen-street,Pharah,DAMAGE,48.8,4.8
Competitive,Silver,new-queen-street,Ramattra,TANK,50.1,8.0
Competitive,Silver,new-queen-street,Reaper,DAMAGE,52.3,13.5
Competitive,Silver,new-queen-street,Reinhardt,TANK,50.2,7.7
Competitive,Silver,new-queen-street,Roadhog,TANK,47.3,6.5
Competitive,Silver,new-queen-street,Sigma,TANK,51.4,12.9
Competitive,Silver,new-queen-street,Sojourn,DAMAGE,44.3,19.1
Competitive,Silver,new-queen-street,Soldier: 76,DAMAGE,55.1,22.6
Competitive,Silver,new-queen-street,Sombra,DAMAGE,50.7,3.8
Competitive,Silver,new-queen-street,Symmetra,DAMAGE,52.8,1.7
Competitive,Silver,new-queen-street,Torbjörn,DAMAGE,54.5,2.8
Competitive,Silver,new-queen-street,Tracer,DAMAGE,52.4,10.4
Competitive,Silver,new-queen-street,Vendetta,DAMAGE,47.2,3.5
Competitive,Silver,new-queen-street,Venture,DAMAGE,53.6,3.1
Competitive,Silver,new-queen-street,Widowmaker,DAMAGE,42.0,1.4
Competitive,Silver,new-queen-street,Winston,TANK,52.4,7.1
Competitive,Silver,new-queen-street,Wrecking Ball,TANK,54.9,3.1
Competitive,Silver,new-queen-street,Wuyang,SUPPORT,56.1,12.7
Competitive,Silver,new-queen-street,Zarya,TANK,48.9,7.4
Competitive,Silver,new-queen-street,Zenyatta,SUPPORT,52.5,8.9
Competitive,Silver,runasapi,Ana,SUPPORT,47.8,31.4
Competitive,Silver,runasapi,Anran,DAMAGE,52.4,14.5
Competitive,Silver,runasapi,Ashe,DAMAGE,48.0,10.6
Competitive,Silver,runasapi,Baptiste,SUPPORT,44.2,5.2
Competitive,Silver,runasapi,Bastion,DAMAGE,46.8,10.5
Competitive,Silver,runasapi,Brigitte,SUPPORT,46.9,3.0
Competitive,Silver,runasapi,Cassidy,DAMAGE,51.4,20.7
Competitive,Silver,runasapi,D.Va,TANK,47.5,8.0
Competitive,Silver,runasapi,Domina,TANK,52.1,9.8
Competitive,Silver,runasapi,Doomfist,TANK,53.1,4.8
Competitive,Silver,runasapi,Echo,DAMAGE,46.3,4.6
Competitive,Silver,runasapi,Emre,DAMAGE,51.3,23.2
Competitive,Silver,runasapi,Freja,DAMAGE,46.6,4.0
Competitive,Silver,runasapi,Genji,DAMAGE,52.2,10.0
Competitive,Silver,runasapi,Hanzo,DAMAGE,43.2,3.8
Competitive,Silver,runasapi,Hazard,TANK,53.2,2.6
Competitive,Silver,runasapi,Illari,SUPPORT,56.8,8.0
Competitive,Silver,runasapi,Jetpack Cat,SUPPORT,43.2,3.7
Competitive,Silver,runasapi,Junker Queen,TANK,49.6,3.1
Competitive,Silver,runasapi,Junkrat,DAMAGE,45.8,4.9
Competitive,Silver,runasapi,Juno,SUPPORT,51.3,18.6
Competitive,Silver,runasapi,Kiriko,SUPPORT,47.9,45.8
Competitive,Silver,runasapi,Lifeweaver,SUPPORT,46.7,3.4
Competitive,Silver,runasapi,Lúcio,SUPPORT,50.7,5.2
Competitive,Silver,runasapi,Mauga,TANK,47.9,4.5
Competitive,Silver,runasapi,Mei,DAMAGE,51.5,6.8
Competitive,Silver,runasapi,Mercy,SUPPORT,46.4,7.4
Competitive,Silver,runasapi,Mizuki,SUPPORT,52.7,21.3
Competitive,Silver,runasapi,Moira,SUPPORT,49.6,25.5
Competitive,Silver,runasapi,Orisa,TANK,43.8,13.7
Competitive,Silver,runasapi,Pharah,DAMAGE,45.0,4.8
Competitive,Silver,runasapi,Ramattra,TANK,46.9,8.7
Competitive,Silver,runasapi,Reaper,DAMAGE,55.7,14.4
Competitive,Silver,runasapi,Reinhardt,TANK,52.3,7.5
Competitive,Silver,runasapi,Roadhog,TANK,46.4,6.2
Competitive,Silver,runasapi,Sigma,TANK,55.3,13.6
Competitive,Silver,runasapi,Sojourn,DAMAGE,42.9,19.2
Competitive,Silver,runasapi,Soldier: 76,DAMAGE,52.3,21.7
Competitive,Silver,runasapi,Sombra,DAMAGE,53.0,3.6
Competitive,Silver,runasapi,Symmetra,DAMAGE,50.0,1.8
Competitive,Silver,runasapi,Torbjörn,DAMAGE,54.0,2.7
Competitive,Silver,runasapi,Tracer,DAMAGE,54.2,10.8
Competitive,Silver,runasapi,Vendetta,DAMAGE,51.2,3.0
Competitive,Silver,runasapi,Venture,DAMAGE,49.4,3.1
Competitive,Silver,runasapi,Widowmaker,DAMAGE,32.2,1.2
Competitive,Silver,runasapi,Winston,TANK,52.7,7.0
Competitive,Silver,runasapi,Wrecking Ball,TANK,53.8,3.0
Competitive,Silver,runasapi,Wuyang,SUPPORT,53.8,12.8
Competitive,Silver,runasapi,Zarya,TANK,50.6,7.7
Competitive,Silver,runasapi,Zenyatta,SUPPORT,54.7,8.8
Competitive,Silver,colosseo,Ana,SUPPORT,46.8,36.2
Competitive,Silver,colosseo,Anran,DAMAGE,52.0,13.5
Competitive,Silver,colosseo,Ashe,DAMAGE,47.4,13.9
Competitive,Silver,colosseo,Baptiste,SUPPORT,43.3,5.3
Competitive,Silver,colosseo,Bastion,DAMAGE,46.9,11.0
Competitive,Silver,colosseo,Brigitte,SUPPORT,44.9,2.8
Competitive,Silver,colosseo,Cassidy,DAMAGE,44.8,18.4
Competitive,Silver,colosseo,D.Va,TANK,46.6,7.1
Competitive,Silver,colosseo,Domina,TANK,52.4,9.8
Competitive,Silver,colosseo,Doomfist,TANK,52.3,4.9
Competitive,Silver,colosseo,Echo,DAMAGE,50.3,4.1
Competitive,Silver,colosseo,Emre,DAMAGE,52.9,22.1
Competitive,Silver,colosseo,Freja,DAMAGE,48.3,4.4
Competitive,Silver,colosseo,Genji,DAMAGE,52.4,10.6
Competitive,Silver,colosseo,Hanzo,DAMAGE,51.5,6.6
Competitive,Silver,colosseo,Hazard,TANK,54.4,2.2
Competitive,Silver,colosseo,Illari,SUPPORT,55.0,8.1
Competitive,Silver,colosseo,Jetpack Cat,SUPPORT,50.6,3.3
Competitive,Silver,colosseo,Junker Queen,TANK,54.0,3.1
Competitive,Silver,colosseo,Junkrat,DAMAGE,46.5,5.8
Competitive,Silver,colosseo,Juno,SUPPORT,49.5,16.3
Competitive,Silver,colosseo,Kiriko,SUPPORT,48.1,43.7
Competitive,Silver,colosseo,Lifeweaver,SUPPORT,43.6,3.6
Competitive,Silver,colosseo,Lúcio,SUPPORT,51.7,5.3
Competitive,Silver,colosseo,Mauga,TANK,48.5,4.6
Competitive,Silver,colosseo,Mei,DAMAGE,52.1,7.0
Competitive,Silver,colosseo,Mercy,SUPPORT,48.9,7.7
Competitive,Silver,colosseo,Mizuki,SUPPORT,53.6,19.3
Competitive,Silver,colosseo,Moira,SUPPORT,51.0,24.9
Competitive,Silver,colosseo,Orisa,TANK,45.2,13.8
Competitive,Silver,colosseo,Pharah,DAMAGE,51.5,4.8
Competitive,Silver,colosseo,Ramattra,TANK,47.3,8.3
Competitive,Silver,colosseo,Reaper,DAMAGE,51.9,13.5
Competitive,Silver,colosseo,Reinhardt,TANK,54.0,8.3
Competitive,Silver,colosseo,Roadhog,TANK,51.6,5.5
Competitive,Silver,colosseo,Sigma,TANK,51.4,14.9
Competitive,Silver,colosseo,Sojourn,DAMAGE,45.4,18.3
Competitive,Silver,colosseo,Soldier: 76,DAMAGE,49.4,19.4
Competitive,Silver,colosseo,Sombra,DAMAGE,57.3,3.4
Competitive,Silver,colosseo,Symmetra,DAMAGE,52.8,2.0
Competitive,Silver,colosseo,Torbjörn,DAMAGE,50.9,3.3
Competitive,Silver,colosseo,Tracer,DAMAGE,55.9,9.2
Competitive,Silver,colosseo,Vendetta,DAMAGE,57.2,3.2
Competitive,Silver,colosseo,Venture,DAMAGE,54.1,3.0
Competitive,Silver,colosseo,Widowmaker,DAMAGE,42.9,2.6
Competitive,Silver,colosseo,Winston,TANK,50.4,6.9
Competitive,Silver,colosseo,Wrecking Ball,TANK,53.0,3.1
Competitive,Silver,colosseo,Wuyang,SUPPORT,54.5,12.7
Competitive,Silver,colosseo,Zarya,TANK,48.2,7.5
Competitive,Silver,colosseo,Zenyatta,SUPPORT,52.6,10.6
Competitive,Gold,all-maps,Ana,SUPPORT,49.1,45.6
Competitive,Gold,all-maps,Anran,DAMAGE,51.3,10.5
Competitive,Gold,all-maps,Ashe,DAMAGE,50.3,13.1
Competitive,Gold,all-maps,Baptiste,SUPPORT,45.4,7.1
Competitive,Gold,all-maps,Bastion,DAMAGE,46.4,8.7
Competitive,Gold,all-maps,Brigitte,SUPPORT,47.6,3.0
Competitive,Gold,all-maps,Cassidy,DAMAGE,46.8,21.3
Competitive,Gold,all-maps,D.Va,TANK,47.8,8.2
Competitive,Gold,all-maps,Domina,TANK,52.8,8.0
Competitive,Gold,all-maps,Doomfist,TANK,51.4,5.7
Competitive,Gold,all-maps,Echo,DAMAGE,51.0,5.1
Competitive,Gold,all-maps,Emre,DAMAGE,50.5,20.0
Competitive,Gold,all-maps,Freja,DAMAGE,47.1,4.5
Competitive,Gold,all-maps,Genji,DAMAGE,51.9,13.2
Competitive,Gold,all-maps,Hanzo,DAMAGE,50.2,6.8
Competitive,Gold,all-maps,Hazard,TANK,52.4,2.6
Competitive,Gold,all-maps,Illari,SUPPORT,53.0,11.4
Competitive,Gold,all-maps,Jetpack Cat,SUPPORT,51.1,4.2
Competitive,Gold,all-maps,Junker Queen,TANK,50.8,2.6
Competitive,Gold,all-maps,Junkrat,DAMAGE,48.0,6.0
Competitive,Gold,all-maps,Juno,SUPPORT,49.8,10.2
Competitive,Gold,all-maps,Kiriko,SUPPORT,48.1,39.8
Competitive,Gold,all-maps,Lifeweaver,SUPPORT,44.4,4.2
Competitive,Gold,all-maps,Lúcio,SUPPORT,48.5,5.4
Competitive,Gold,all-maps,Mauga,TANK,47.0,3.8
Competitive,Gold,all-maps,Mei,DAMAGE,51.1,7.9
Competitive,Gold,all-maps,Mercy,SUPPORT,48.1,8.7
Competitive,Gold,all-maps,Mizuki,SUPPORT,52.2,16.8
Competitive,Gold,all-maps,Moira,SUPPORT,48.5,19.7
Competitive,Gold,all-maps,Orisa,TANK,46.5,11.8
Competitive,Gold,all-maps,Pharah,DAMAGE,52.4,6.0
Competitive,Gold,all-maps,Ramattra,TANK,46.8,5.9
Competitive,Gold,all-maps,Reaper,DAMAGE,50.9,13.8
Competitive,Gold,all-maps,Reinhardt,TANK,49.5,8.1
Competitive,Gold,all-maps,Roadhog,TANK,47.5,7.4
Competitive,Gold,all-maps,Sigma,TANK,52.8,14.1
Competitive,Gold,all-maps,Sojourn,DAMAGE,44.8,14.1
Competitive,Gold,all-maps,Soldier: 76,DAMAGE,48.1,17.9
Competitive,Gold,all-maps,Sombra,DAMAGE,50.0,3.4
Competitive,Gold,all-maps,Symmetra,DAMAGE,54.2,4.4
Competitive,Gold,all-maps,Torbjörn,DAMAGE,50.9,4.1
Competitive,Gold,all-maps,Tracer,DAMAGE,49.4,7.9
Competitive,Gold,all-maps,Vendetta,DAMAGE,52.4,3.6
Competitive,Gold,all-maps,Venture,DAMAGE,52.0,3.8
Competitive,Gold,all-maps,Widowmaker,DAMAGE,50.7,4.0
Competitive,Gold,all-maps,Winston,TANK,50.9,10.1
Competitive,Gold,all-maps,Wrecking Ball,TANK,50.4,3.1
Competitive,Gold,all-maps,Wuyang,SUPPORT,52.1,12.4
Competitive,Gold,all-maps,Zarya,TANK,48.2,8.6
Competitive,Gold,all-maps,Zenyatta,SUPPORT,52.2,11.4
Competitive,Gold,ilios,Ana,SUPPORT,46.4,38.9
Competitive,Gold,ilios,Anran,DAMAGE,51.6,12.9
Competitive,Gold,ilios,Ashe,DAMAGE,46.7,8.1
Competitive,Gold,ilios,Baptiste,SUPPORT,45.5,6.0
Competitive,Gold,ilios,Bastion,DAMAGE,46.9,5.8
Competitive,Gold,ilios,Brigitte,SUPPORT,49.3,4.6
Competitive,Gold,ilios,Cassidy,DAMAGE,46.6,26.2
Competitive,Gold,ilios,D.Va,TANK,47.0,8.8
Competitive,Gold,ilios,Domina,TANK,49.9,7.0
Competitive,Gold,ilios,Doomfist,TANK,50.0,6.5
Competitive,Gold,ilios,Echo,DAMAGE,52.4,8.2
Competitive,Gold,ilios,Emre,DAMAGE,49.1,16.6
Competitive,Gold,ilios,Freja,DAMAGE,47.8,4.2
Competitive,Gold,ilios,Genji,DAMAGE,52.4,14.0
Competitive,Gold,ilios,Hanzo,DAMAGE,47.9,4.5
Competitive,Gold,ilios,Hazard,TANK,53.5,3.2
Competitive,Gold,ilios,Illari,SUPPORT,53.3,7.5
Competitive,Gold,ilios,Jetpack Cat,SUPPORT,53.6,5.7
Competitive,Gold,ilios,Junker Queen,TANK,54.8,3.1
Competitive,Gold,ilios,Junkrat,DAMAGE,51.4,5.1
Competitive,Gold,ilios,Juno,SUPPORT,51.8,10.3
Competitive,Gold,ilios,Kiriko,SUPPORT,48.4,40.0
Competitive,Gold,ilios,Lifeweaver,SUPPORT,44.8,4.8
Competitive,Gold,ilios,Lúcio,SUPPORT,54.7,12.7
Competitive,Gold,ilios,Mauga,TANK,46.0,3.9
Competitive,Gold,ilios,Mei,DAMAGE,50.5,6.4
Competitive,Gold,ilios,Mercy,SUPPORT,49.7,8.2
Competitive,Gold,ilios,Mizuki,SUPPORT,52.5,19.3
Competitive,Gold,ilios,Moira,SUPPORT,49.3,22.2
Competitive,Gold,ilios,Orisa,TANK,47.3,13.2
Competitive,Gold,ilios,Pharah,DAMAGE,56.8,10.5
Competitive,Gold,ilios,Ramattra,TANK,46.7,4.4
Competitive,Gold,ilios,Reaper,DAMAGE,54.3,16.7
Competitive,Gold,ilios,Reinhardt,TANK,49.7,6.8
Competitive,Gold,ilios,Roadhog,TANK,53.9,14.9
Competitive,Gold,ilios,Sigma,TANK,51.8,7.7
Competitive,Gold,ilios,Sojourn,DAMAGE,44.8,11.3
Competitive,Gold,ilios,Soldier: 76,DAMAGE,47.0,16.5
Competitive,Gold,ilios,Sombra,DAMAGE,46.2,3.7
Competitive,Gold,ilios,Symmetra,DAMAGE,55.5,4.4
Competitive,Gold,ilios,Torbjörn,DAMAGE,53.8,2.4
Competitive,Gold,ilios,Tracer,DAMAGE,49.6,10.4
Competitive,Gold,ilios,Vendetta,DAMAGE,54.3,4.7
Competitive,Gold,ilios,Venture,DAMAGE,51.9,4.7
Competitive,Gold,ilios,Widowmaker,DAMAGE,46.6,3.1
Competitive,Gold,ilios,Winston,TANK,52.5,9.7
Competitive,Gold,ilios,Wrecking Ball,TANK,50.5,3.3
Competitive,Gold,ilios,Wuyang,SUPPORT,51.9,11.2
Competitive,Gold,ilios,Zarya,TANK,46.9,7.6
Competitive,Gold,ilios,Zenyatta,SUPPORT,51.7,8.6
Competitive,Gold,nepal,Ana,SUPPORT,46.8,42.3
Competitive,Gold,nepal,Anran,DAMAGE,50.9,13.5
Competitive,Gold,nepal,Ashe,DAMAGE,45.5,7.6
Competitive,Gold,nepal,Baptiste,SUPPORT,45.3,5.7
Competitive,Gold,nepal,Bastion,DAMAGE,48.0,7.1
Competitive,Gold,nepal,Brigitte,SUPPORT,51.0,3.5
Competitive,Gold,nepal,Cassidy,DAMAGE,47.0,24.8
Competitive,Gold,nepal,D.Va,TANK,45.9,6.6
Competitive,Gold,nepal,Domina,TANK,53.1,7.9
Competitive,Gold,nepal,Doomfist,TANK,51.2,7.0
Competitive,Gold,nepal,Echo,DAMAGE,48.2,5.0
Competitive,Gold,nepal,Emre,DAMAGE,50.1,18.2
Competitive,Gold,nepal,Freja,DAMAGE,44.9,3.6
Competitive,Gold,nepal,Genji,DAMAGE,50.8,14.5
Competitive,Gold,nepal,Hanzo,DAMAGE,49.4,5.4
Competitive,Gold,nepal,Hazard,TANK,54.9,2.9
Competitive,Gold,nepal,Illari,SUPPORT,52.3,8.1
Competitive,Gold,nepal,Jetpack Cat,SUPPORT,53.2,4.4
Competitive,Gold,nepal,Junker Queen,TANK,52.6,3.2
Competitive,Gold,nepal,Junkrat,DAMAGE,52.3,7.3
Competitive,Gold,nepal,Juno,SUPPORT,50.8,10.1
Competitive,Gold,nepal,Kiriko,SUPPORT,48.3,40.1
Competitive,Gold,nepal,Lifeweaver,SUPPORT,44.4,3.6
Competitive,Gold,nepal,Lúcio,SUPPORT,50.6,8.0
Competitive,Gold,nepal,Mauga,TANK,49.1,4.4
Competitive,Gold,nepal,Mei,DAMAGE,52.8,7.5
Competitive,Gold,nepal,Mercy,SUPPORT,49.0,7.3
Competitive,Gold,nepal,Mizuki,SUPPORT,52.4,20.2
Competitive,Gold,nepal,Moira,SUPPORT,52.1,23.6
Competitive,Gold,nepal,Orisa,TANK,46.9,13.0
Competitive,Gold,nepal,Pharah,DAMAGE,53.2,6.2
Competitive,Gold,nepal,Ramattra,TANK,48.8,6.0
Competitive,Gold,nepal,Reaper,DAMAGE,52.2,15.2
Competitive,Gold,nepal,Reinhardt,TANK,52.7,9.5
Competitive,Gold,nepal,Roadhog,TANK,49.7,10.1
Competitive,Gold,nepal,Sigma,TANK,52.3,9.6
Competitive,Gold,nepal,Sojourn,DAMAGE,46.3,13.9
Competitive,Gold,nepal,Soldier: 76,DAMAGE,49.5,17.9
Competitive,Gold,nepal,Sombra,DAMAGE,49.5,3.3
Competitive,Gold,nepal,Symmetra,DAMAGE,62.4,7.4
Competitive,Gold,nepal,Torbjörn,DAMAGE,49.7,2.6
Competitive,Gold,nepal,Tracer,DAMAGE,49.0,9.4
Competitive,Gold,nepal,Vendetta,DAMAGE,51.6,4.3
Competitive,Gold,nepal,Venture,DAMAGE,52.1,4.4
Competitive,Gold,nepal,Widowmaker,DAMAGE,36.1,0.9
Competitive,Gold,nepal,Winston,TANK,50.9,7.3
Competitive,Gold,nepal,Wrecking Ball,TANK,44.4,3.0
Competitive,Gold,nepal,Wuyang,SUPPORT,51.4,13.0
Competitive,Gold,nepal,Zarya,TANK,49.0,9.6
Competitive,Gold,nepal,Zenyatta,SUPPORT,53.0,9.9
Competitive,Gold,lijiang-tower,Ana,SUPPORT,46.5,41.9
Competitive,Gold,lijiang-tower,Anran,DAMAGE,49.4,13.1
Competitive,Gold,lijiang-tower,Ashe,DAMAGE,44.2,6.7
Competitive,Gold,lijiang-tower,Baptiste,SUPPORT,44.1,5.5
Competitive,Gold,lijiang-tower,Bastion,DAMAGE,48.8,7.0
Competitive,Gold,lijiang-tower,Brigitte,SUPPORT,49.7,3.8
Competitive,Gold,lijiang-tower,Cassidy,DAMAGE,46.6,25.9
Competitive,Gold,lijiang-tower,D.Va,TANK,44.0,6.6
Competitive,Gold,lijiang-tower,Domina,TANK,54.3,8.1
Competitive,Gold,lijiang-tower,Doomfist,TANK,52.4,7.8
Competitive,Gold,lijiang-tower,Echo,DAMAGE,48.1,4.9
Competitive,Gold,lijiang-tower,Emre,DAMAGE,49.0,16.7
Competitive,Gold,lijiang-tower,Freja,DAMAGE,44.4,3.4
Competitive,Gold,lijiang-tower,Genji,DAMAGE,51.5,13.4
Competitive,Gold,lijiang-tower,Hanzo,DAMAGE,51.1,5.4
Competitive,Gold,lijiang-tower,Hazard,TANK,50.8,2.6
Competitive,Gold,lijiang-tower,Illari,SUPPORT,53.7,7.9
Competitive,Gold,lijiang-tower,Jetpack Cat,SUPPORT,52.7,5.0
Competitive,Gold,lijiang-tower,Junker Queen,TANK,52.0,3.1
Competitive,Gold,lijiang-tower,Junkrat,DAMAGE,50.3,8.6
Competitive,Gold,lijiang-tower,Juno,SUPPORT,50.0,9.6
Competitive,Gold,lijiang-tower,Kiriko,SUPPORT,48.6,38.7
Competitive,Gold,lijiang-tower,Lifeweaver,SUPPORT,45.0,3.5
Competitive,Gold,lijiang-tower,Lúcio,SUPPORT,54.7,11.9
Competitive,Gold,lijiang-tower,Mauga,TANK,48.8,4.2
Competitive,Gold,lijiang-tower,Mei,DAMAGE,51.6,7.2
Competitive,Gold,lijiang-tower,Mercy,SUPPORT,47.2,7.8
Competitive,Gold,lijiang-tower,Mizuki,SUPPORT,52.7,20.1
Competitive,Gold,lijiang-tower,Moira,SUPPORT,51.3,22.6
Competitive,Gold,lijiang-tower,Orisa,TANK,47.9,13.6
Competitive,Gold,lijiang-tower,Pharah,DAMAGE,57.8,11.2
Competitive,Gold,lijiang-tower,Ramattra,TANK,49.0,5.8
Competitive,Gold,lijiang-tower,Reaper,DAMAGE,52.4,14.0
Competitive,Gold,lijiang-tower,Reinhardt,TANK,52.9,10.1
Competitive,Gold,lijiang-tower,Roadhog,TANK,48.3,8.7
Competitive,Gold,lijiang-tower,Sigma,TANK,50.6,8.6
Competitive,Gold,lijiang-tower,Sojourn,DAMAGE,46.0,12.7
Competitive,Gold,lijiang-tower,Soldier: 76,DAMAGE,47.2,17.1
Competitive,Gold,lijiang-tower,Sombra,DAMAGE,48.3,3.1
Competitive,Gold,lijiang-tower,Symmetra,DAMAGE,62.6,8.3
Competitive,Gold,lijiang-tower,Torbjörn,DAMAGE,53.9,2.3
Competitive,Gold,lijiang-tower,Tracer,DAMAGE,49.1,9.4
Competitive,Gold,lijiang-tower,Vendetta,DAMAGE,52.7,4.2
Competitive,Gold,lijiang-tower,Venture,DAMAGE,53.1,4.4
Competitive,Gold,lijiang-tower,Widowmaker,DAMAGE,35.9,1.0
Competitive,Gold,lijiang-tower,Winston,TANK,51.4,7.0
Competitive,Gold,lijiang-tower,Wrecking Ball,TANK,50.8,4.2
Competitive,Gold,lijiang-tower,Wuyang,SUPPORT,50.8,12.4
Competitive,Gold,lijiang-tower,Zarya,TANK,48.8,9.8
Competitive,Gold,lijiang-tower,Zenyatta,SUPPORT,52.0,9.4
Competitive,Gold,oasis,Ana,SUPPORT,48.0,40.2
Competitive,Gold,oasis,Anran,DAMAGE,52.6,13.1
Competitive,Gold,oasis,Ashe,DAMAGE,46.6,6.7
Competitive,Gold,oasis,Baptiste,SUPPORT,47.3,6.4
Competitive,Gold,oasis,Bastion,DAMAGE,47.9,6.7
Competitive,Gold,oasis,Brigitte,SUPPORT,46.4,4.1
Competitive,Gold,oasis,Cassidy,DAMAGE,49.2,30.2
Competitive,Gold,oasis,D.Va,TANK,47.8,8.0
Competitive,Gold,oasis,Domina,TANK,51.6,7.9
Competitive,Gold,oasis,Doomfist,TANK,50.7,6.3
Competitive,Gold,oasis,Echo,DAMAGE,49.3,5.2
Competitive,Gold,oasis,Emre,DAMAGE,49.6,17.8
Competitive,Gold,oasis,Freja,DAMAGE,46.3,3.9
Competitive,Gold,oasis,Genji,DAMAGE,50.6,14.0
Competitive,Gold,oasis,Hanzo,DAMAGE,49.3,5.1
Competitive,Gold,oasis,Hazard,TANK,52.8,3.2
Competitive,Gold,oasis,Illari,SUPPORT,54.4,8.1
Competitive,Gold,oasis,Jetpack Cat,SUPPORT,50.1,4.0
Competitive,Gold,oasis,Junker Queen,TANK,52.4,3.7
Competitive,Gold,oasis,Junkrat,DAMAGE,47.4,4.9
Competitive,Gold,oasis,Juno,SUPPORT,49.9,10.2
Competitive,Gold,oasis,Kiriko,SUPPORT,49.2,41.9
Competitive,Gold,oasis,Lifeweaver,SUPPORT,42.8,3.6
Competitive,Gold,oasis,Lúcio,SUPPORT,49.6,6.3
Competitive,Gold,oasis,Mauga,TANK,47.5,4.6
Competitive,Gold,oasis,Mei,DAMAGE,51.8,7.4
Competitive,Gold,oasis,Mercy,SUPPORT,48.1,7.6
Competitive,Gold,oasis,Mizuki,SUPPORT,52.1,20.8
Competitive,Gold,oasis,Moira,SUPPORT,51.1,24.5
Competitive,Gold,oasis,Orisa,TANK,48.2,12.3
Competitive,Gold,oasis,Pharah,DAMAGE,54.5,5.7
Competitive,Gold,oasis,Ramattra,TANK,48.1,6.0
Competitive,Gold,oasis,Reaper,DAMAGE,52.8,15.9
Competitive,Gold,oasis,Reinhardt,TANK,49.9,8.2
Competitive,Gold,oasis,Roadhog,TANK,48.9,8.3
Competitive,Gold,oasis,Sigma,TANK,53.1,9.3
Competitive,Gold,oasis,Sojourn,DAMAGE,46.0,13.5
Competitive,Gold,oasis,Soldier: 76,DAMAGE,50.3,18.8
Competitive,Gold,oasis,Sombra,DAMAGE,49.2,3.7
Competitive,Gold,oasis,Symmetra,DAMAGE,54.6,3.8
Competitive,Gold,oasis,Torbjörn,DAMAGE,54.1,2.7
Competitive,Gold,oasis,Tracer,DAMAGE,49.3,11.7
Competitive,Gold,oasis,Vendetta,DAMAGE,52.4,4.1
Competitive,Gold,oasis,Venture,DAMAGE,51.4,4.3
Competitive,Gold,oasis,Widowmaker,DAMAGE,33.5,0.8
Competitive,Gold,oasis,Winston,TANK,52.2,9.0
Competitive,Gold,oasis,Wrecking Ball,TANK,45.7,3.5
Competitive,Gold,oasis,Wuyang,SUPPORT,53.2,12.7
Competitive,Gold,oasis,Zarya,TANK,50.8,9.8
Competitive,Gold,oasis,Zenyatta,SUPPORT,51.3,9.7
Competitive,Gold,samoa,Ana,SUPPORT,48.2,39.6
Competitive,Gold,samoa,Anran,DAMAGE,49.8,14.9
Competitive,Gold,samoa,Ashe,DAMAGE,49.5,8.0
Competitive,Gold,samoa,Baptiste,SUPPORT,47.9,6.6
Competitive,Gold,samoa,Bastion,DAMAGE,48.9,7.7
Competitive,Gold,samoa,Brigitte,SUPPORT,50.6,4.5
Competitive,Gold,samoa,Cassidy,DAMAGE,48.7,27.3
Competitive,Gold,samoa,D.Va,TANK,43.9,6.1
Competitive,Gold,samoa,Domina,TANK,53.9,8.7
Competitive,Gold,samoa,Doomfist,TANK,46.4,6.0
Competitive,Gold,samoa,Echo,DAMAGE,48.9,4.8
Competitive,Gold,samoa,Emre,DAMAGE,52.5,20.4
Competitive,Gold,samoa,Freja,DAMAGE,46.2,3.5
Competitive,Gold,samoa,Genji,DAMAGE,50.3,11.6
Competitive,Gold,samoa,Hanzo,DAMAGE,45.1,4.8
Competitive,Gold,samoa,Hazard,TANK,53.3,2.9
Competitive,Gold,samoa,Illari,SUPPORT,56.6,8.3
Competitive,Gold,samoa,Jetpack Cat,SUPPORT,47.9,3.8
Competitive,Gold,samoa,Junker Queen,TANK,54.3,4.3
Competitive,Gold,samoa,Junkrat,DAMAGE,49.0,4.8
Competitive,Gold,samoa,Juno,SUPPORT,50.9,11.1
Competitive,Gold,samoa,Kiriko,SUPPORT,47.1,43.6
Competitive,Gold,samoa,Lifeweaver,SUPPORT,45.1,3.5
Competitive,Gold,samoa,Lúcio,SUPPORT,48.9,5.2
Competitive,Gold,samoa,Mauga,TANK,51.2,5.5
Competitive,Gold,samoa,Mei,DAMAGE,51.7,7.3
Competitive,Gold,samoa,Mercy,SUPPORT,46.8,6.0
Competitive,Gold,samoa,Mizuki,SUPPORT,53.6,20.8
Competitive,Gold,samoa,Moira,SUPPORT,50.2,24.3
Competitive,Gold,samoa,Orisa,TANK,46.9,12.7
Competitive,Gold,samoa,Pharah,DAMAGE,49.6,4.8
Competitive,Gold,samoa,Ramattra,TANK,48.8,6.7
Competitive,Gold,samoa,Reaper,DAMAGE,52.6,15.3
Competitive,Gold,samoa,Reinhardt,TANK,51.6,8.5
Competitive,Gold,samoa,Roadhog,TANK,47.4,7.8
Competitive,Gold,samoa,Sigma,TANK,54.8,10.8
Competitive,Gold,samoa,Sojourn,DAMAGE,44.8,15.9
Competitive,Gold,samoa,Soldier: 76,DAMAGE,48.1,16.5
Competitive,Gold,samoa,Sombra,DAMAGE,50.6,3.9
Competitive,Gold,samoa,Symmetra,DAMAGE,57.0,4.3
Competitive,Gold,samoa,Torbjörn,DAMAGE,54.1,3.3
Competitive,Gold,samoa,Tracer,DAMAGE,52.6,12.3
Competitive,Gold,samoa,Vendetta,DAMAGE,52.6,3.8
Competitive,Gold,samoa,Venture,DAMAGE,53.9,4.1
Competitive,Gold,samoa,Widowmaker,DAMAGE,44.3,0.8
Competitive,Gold,samoa,Winston,TANK,49.0,7.9
Competitive,Gold,samoa,Wrecking Ball,TANK,48.5,3.0
Competitive,Gold,samoa,Wuyang,SUPPORT,52.4,13.0
Competitive,Gold,samoa,Zarya,TANK,51.2,9.0
Competitive,Gold,samoa,Zenyatta,SUPPORT,52.0,9.6
Competitive,Gold,busan,Ana,SUPPORT,47.7,42.6
Competitive,Gold,busan,Anran,DAMAGE,49.9,12.6
Competitive,Gold,busan,Ashe,DAMAGE,49.4,10.9
Competitive,Gold,busan,Baptiste,SUPPORT,47.9,5.8
Competitive,Gold,busan,Bastion,DAMAGE,48.2,6.8
Competitive,Gold,busan,Brigitte,SUPPORT,52.2,3.8
Competitive,Gold,busan,Cassidy,DAMAGE,49.1,26.1
Competitive,Gold,busan,D.Va,TANK,46.3,8.7
Competitive,Gold,busan,Domina,TANK,51.9,7.3
Competitive,Gold,busan,Doomfist,TANK,50.3,6.4
Competitive,Gold,busan,Echo,DAMAGE,47.6,4.1
Competitive,Gold,busan,Emre,DAMAGE,52.0,19.7
Competitive,Gold,busan,Freja,DAMAGE,48.2,3.6
Competitive,Gold,busan,Genji,DAMAGE,51.9,14.1
Competitive,Gold,busan,Hanzo,DAMAGE,49.1,5.3
Competitive,Gold,busan,Hazard,TANK,52.7,3.1
Competitive,Gold,busan,Illari,SUPPORT,53.7,7.7
Competitive,Gold,busan,Jetpack Cat,SUPPORT,48.6,4.3
Competitive,Gold,busan,Junker Queen,TANK,52.2,3.5
Competitive,Gold,busan,Junkrat,DAMAGE,50.2,4.8
Competitive,Gold,busan,Juno,SUPPORT,50.7,10.5
Competitive,Gold,busan,Kiriko,SUPPORT,48.1,42.9
Competitive,Gold,busan,Lifeweaver,SUPPORT,45.3,3.9
Competitive,Gold,busan,Lúcio,SUPPORT,47.7,5.2
Competitive,Gold,busan,Mauga,TANK,49.7,4.5
Competitive,Gold,busan,Mei,DAMAGE,48.9,6.9
Competitive,Gold,busan,Mercy,SUPPORT,47.7,7.3
Competitive,Gold,busan,Mizuki,SUPPORT,52.4,19.3
Competitive,Gold,busan,Moira,SUPPORT,52.2,24.1
Competitive,Gold,busan,Orisa,TANK,48.6,11.4
Competitive,Gold,busan,Pharah,DAMAGE,51.8,4.0
Competitive,Gold,busan,Ramattra,TANK,49.1,5.9
Competitive,Gold,busan,Reaper,DAMAGE,50.6,14.7
Competitive,Gold,busan,Reinhardt,TANK,50.3,8.1
Competitive,Gold,busan,Roadhog,TANK,50.5,7.8
Competitive,Gold,busan,Sigma,TANK,50.1,9.8
Competitive,Gold,busan,Sojourn,DAMAGE,45.9,13.8
Competitive,Gold,busan,Soldier: 76,DAMAGE,50.9,19.8
Competitive,Gold,busan,Sombra,DAMAGE,48.0,4.0
Competitive,Gold,busan,Symmetra,DAMAGE,54.8,3.2
Competitive,Gold,busan,Torbjörn,DAMAGE,54.4,2.8
Competitive,Gold,busan,Tracer,DAMAGE,49.7,11.7
Competitive,Gold,busan,Vendetta,DAMAGE,50.8,4.1
Competitive,Gold,busan,Venture,DAMAGE,52.6,3.8
Competitive,Gold,busan,Widowmaker,DAMAGE,49.9,3.1
Competitive,Gold,busan,Winston,TANK,52.8,11.2
Competitive,Gold,busan,Wrecking Ball,TANK,49.6,3.6
Competitive,Gold,busan,Wuyang,SUPPORT,52.5,12.7
Competitive,Gold,busan,Zarya,TANK,48.4,8.8
Competitive,Gold,busan,Zenyatta,SUPPORT,51.5,9.8
Competitive,Gold,route-66,Ana,SUPPORT,51.0,48.1
Competitive,Gold,route-66,Anran,DAMAGE,53.4,9.0
Competitive,Gold,route-66,Ashe,DAMAGE,52.0,16.9
Competitive,Gold,route-66,Baptiste,SUPPORT,45.5,7.9
Competitive,Gold,route-66,Bastion,DAMAGE,46.8,9.5
Competitive,Gold,route-66,Brigitte,SUPPORT,47.1,2.8
Competitive,Gold,route-66,Cassidy,DAMAGE,47.0,19.6
Competitive,Gold,route-66,D.Va,TANK,49.9,10.2
Competitive,Gold,route-66,Domina,TANK,51.8,7.8
Competitive,Gold,route-66,Doomfist,TANK,50.5,5.2
Competitive,Gold,route-66,Echo,DAMAGE,50.6,4.9
Competitive,Gold,route-66,Emre,DAMAGE,50.3,20.6
Competitive,Gold,route-66,Freja,DAMAGE,48.7,5.5
Competitive,Gold,route-66,Genji,DAMAGE,52.8,13.7
Competitive,Gold,route-66,Hanzo,DAMAGE,51.1,6.9
Competitive,Gold,route-66,Hazard,TANK,53.5,2.9
Competitive,Gold,route-66,Illari,SUPPORT,54.1,12.9
Competitive,Gold,route-66,Jetpack Cat,SUPPORT,50.4,4.0
Competitive,Gold,route-66,Junker Queen,TANK,47.3,2.1
Competitive,Gold,route-66,Junkrat,DAMAGE,48.5,5.2
Competitive,Gold,route-66,Juno,SUPPORT,49.7,10.7
Competitive,Gold,route-66,Kiriko,SUPPORT,48.3,38.2
Competitive,Gold,route-66,Lifeweaver,SUPPORT,45.7,4.9
Competitive,Gold,route-66,Lúcio,SUPPORT,43.4,4.1
Competitive,Gold,route-66,Mauga,TANK,47.2,3.3
Competitive,Gold,route-66,Mei,DAMAGE,48.8,7.6
Competitive,Gold,route-66,Mercy,SUPPORT,50.2,10.7
Competitive,Gold,route-66,Mizuki,SUPPORT,53.0,14.6
Competitive,Gold,route-66,Moira,SUPPORT,47.8,17.3
Competitive,Gold,route-66,Orisa,TANK,46.2,10.7
Competitive,Gold,route-66,Pharah,DAMAGE,50.4,5.0
Competitive,Gold,route-66,Ramattra,TANK,44.9,5.0
Competitive,Gold,route-66,Reaper,DAMAGE,51.1,14.4
Competitive,Gold,route-66,Reinhardt,TANK,49.3,6.7
Competitive,Gold,route-66,Roadhog,TANK,48.1,6.7
Competitive,Gold,route-66,Sigma,TANK,54.1,15.9
Competitive,Gold,route-66,Sojourn,DAMAGE,45.9,13.5
Competitive,Gold,route-66,Soldier: 76,DAMAGE,49.5,19.3
Competitive,Gold,route-66,Sombra,DAMAGE,50.9,3.3
Competitive,Gold,route-66,Symmetra,DAMAGE,48.2,3.0
Competitive,Gold,route-66,Torbjörn,DAMAGE,52.0,4.3
Competitive,Gold,route-66,Tracer,DAMAGE,49.2,5.7
Competitive,Gold,route-66,Vendetta,DAMAGE,55.2,3.6
Competitive,Gold,route-66,Venture,DAMAGE,52.0,3.5
Competitive,Gold,route-66,Widowmaker,DAMAGE,51.4,4.9
Competitive,Gold,route-66,Winston,TANK,52.6,12.8
Competitive,Gold,route-66,Wrecking Ball,TANK,54.4,3.0
Competitive,Gold,route-66,Wuyang,SUPPORT,52.8,12.0
Competitive,Gold,route-66,Zarya,TANK,45.8,7.6
Competitive,Gold,route-66,Zenyatta,SUPPORT,51.9,11.8
Competitive,Gold,havana,Ana,SUPPORT,51.2,52.4
Competitive,Gold,havana,Anran,DAMAGE,51.8,7.8
Competitive,Gold,havana,Ashe,DAMAGE,53.0,18.9
Competitive,Gold,havana,Baptiste,SUPPORT,46.4,7.6
Competitive,Gold,havana,Bastion,DAMAGE,47.9,9.0
Competitive,Gold,havana,Brigitte,SUPPORT,50.9,1.9
Competitive,Gold,havana,Cassidy,DAMAGE,46.9,16.7
Competitive,Gold,havana,D.Va,TANK,48.8,7.7
Competitive,Gold,havana,Domina,TANK,55.7,8.6
Competitive,Gold,havana,Doomfist,TANK,54.0,4.6
Competitive,Gold,havana,Echo,DAMAGE,51.3,3.4
Competitive,Gold,havana,Emre,DAMAGE,51.9,21.5
Competitive,Gold,havana,Freja,DAMAGE,49.0,5.1
Competitive,Gold,havana,Genji,DAMAGE,51.1,13.4
Competitive,Gold,havana,Hanzo,DAMAGE,52.1,9.6
Competitive,Gold,havana,Hazard,TANK,50.6,2.0
Competitive,Gold,havana,Illari,SUPPORT,54.5,14.0
Competitive,Gold,havana,Jetpack Cat,SUPPORT,50.6,3.2
Competitive,Gold,havana,Junker Queen,TANK,49.6,1.9
Competitive,Gold,havana,Junkrat,DAMAGE,46.5,4.6
Competitive,Gold,havana,Juno,SUPPORT,48.4,9.4
Competitive,Gold,havana,Kiriko,SUPPORT,48.0,38.1
Competitive,Gold,havana,Lifeweaver,SUPPORT,46.6,4.6
Competitive,Gold,havana,Lúcio,SUPPORT,44.9,3.2
Competitive,Gold,havana,Mauga,TANK,46.0,3.4
Competitive,Gold,havana,Mei,DAMAGE,50.3,7.7
Competitive,Gold,havana,Mercy,SUPPORT,47.4,9.5
Competitive,Gold,havana,Mizuki,SUPPORT,51.0,13.4
Competitive,Gold,havana,Moira,SUPPORT,46.8,16.1
Competitive,Gold,havana,Orisa,TANK,48.5,11.9
Competitive,Gold,havana,Pharah,DAMAGE,48.9,3.3
Competitive,Gold,havana,Ramattra,TANK,46.4,6.3
Competitive,Gold,havana,Reaper,DAMAGE,47.3,12.0
Competitive,Gold,havana,Reinhardt,TANK,47.8,7.4
Competitive,Gold,havana,Roadhog,TANK,46.3,6.3
Competitive,Gold,havana,Sigma,TANK,54.6,19.5
Competitive,Gold,havana,Sojourn,DAMAGE,46.4,14.6
Competitive,Gold,havana,Soldier: 76,DAMAGE,48.5,18.6
Competitive,Gold,havana,Sombra,DAMAGE,52.5,3.4
Competitive,Gold,havana,Symmetra,DAMAGE,50.8,2.9
Competitive,Gold,havana,Torbjörn,DAMAGE,52.7,4.4
Competitive,Gold,havana,Tracer,DAMAGE,46.6,5.9
Competitive,Gold,havana,Vendetta,DAMAGE,53.0,2.7
Competitive,Gold,havana,Venture,DAMAGE,51.4,3.1
Competitive,Gold,havana,Widowmaker,DAMAGE,53.9,11.5
Competitive,Gold,havana,Winston,TANK,48.4,10.0
Competitive,Gold,havana,Wrecking Ball,TANK,50.6,2.5
Competitive,Gold,havana,Wuyang,SUPPORT,53.4,11.8
Competitive,Gold,havana,Zarya,TANK,47.0,7.9
Competitive,Gold,havana,Zenyatta,SUPPORT,53.5,14.6
Competitive,Gold,junkertown,Ana,SUPPORT,52.0,49.5
Competitive,Gold,junkertown,Anran,DAMAGE,51.9,8.4
Competitive,Gold,junkertown,Ashe,DAMAGE,53.4,18.1
Competitive,Gold,junkertown,Baptiste,SUPPORT,43.5,7.7
Competitive,Gold,junkertown,Bastion,DAMAGE,46.3,9.2
Competitive,Gold,junkertown,Brigitte,SUPPORT,46.5,2.7
Competitive,Gold,junkertown,Cassidy,DAMAGE,48.7,19.4
Competitive,Gold,junkertown,D.Va,TANK,48.4,8.4
Competitive,Gold,junkertown,Domina,TANK,55.3,8.0
Competitive,Gold,junkertown,Doomfist,TANK,54.2,4.9
Competitive,Gold,junkertown,Echo,DAMAGE,52.4,4.1
Competitive,Gold,junkertown,Emre,DAMAGE,52.6,21.1
Competitive,Gold,junkertown,Freja,DAMAGE,46.3,5.0
Competitive,Gold,junkertown,Genji,DAMAGE,51.5,12.5
Competitive,Gold,junkertown,Hanzo,DAMAGE,52.5,7.2
Competitive,Gold,junkertown,Hazard,TANK,55.1,2.4
Competitive,Gold,junkertown,Illari,SUPPORT,56.2,13.2
Competitive,Gold,junkertown,Jetpack Cat,SUPPORT,51.0,3.4
Competitive,Gold,junkertown,Junker Queen,TANK,44.5,2.4
Competitive,Gold,junkertown,Junkrat,DAMAGE,44.0,4.6
Competitive,Gold,junkertown,Juno,SUPPORT,50.0,10.6
Competitive,Gold,junkertown,Kiriko,SUPPORT,47.8,38.5
Competitive,Gold,junkertown,Lifeweaver,SUPPORT,43.8,4.6
Competitive,Gold,junkertown,Lúcio,SUPPORT,42.2,3.6
Competitive,Gold,junkertown,Mauga,TANK,49.2,3.6
Competitive,Gold,junkertown,Mei,DAMAGE,50.2,7.5
Competitive,Gold,junkertown,Mercy,SUPPORT,49.2,9.2
Competitive,Gold,junkertown,Mizuki,SUPPORT,51.8,14.2
Competitive,Gold,junkertown,Moira,SUPPORT,46.2,17.5
Competitive,Gold,junkertown,Orisa,TANK,46.6,11.5
Competitive,Gold,junkertown,Pharah,DAMAGE,50.5,4.0
Competitive,Gold,junkertown,Ramattra,TANK,44.5,5.4
Competitive,Gold,junkertown,Reaper,DAMAGE,49.8,12.8
Competitive,Gold,junkertown,Reinhardt,TANK,47.6,6.6
Competitive,Gold,junkertown,Roadhog,TANK,45.9,6.8
Competitive,Gold,junkertown,Sigma,TANK,54.7,18.3
Competitive,Gold,junkertown,Sojourn,DAMAGE,45.1,14.2
Competitive,Gold,junkertown,Soldier: 76,DAMAGE,47.5,19.6
Competitive,Gold,junkertown,Sombra,DAMAGE,51.4,3.9
Competitive,Gold,junkertown,Symmetra,DAMAGE,51.2,2.6
Competitive,Gold,junkertown,Torbjörn,DAMAGE,47.4,4.3
Competitive,Gold,junkertown,Tracer,DAMAGE,48.5,6.2
Competitive,Gold,junkertown,Vendetta,DAMAGE,53.3,3.2
Competitive,Gold,junkertown,Venture,DAMAGE,52.1,3.5
Competitive,Gold,junkertown,Widowmaker,DAMAGE,55.3,8.6
Competitive,Gold,junkertown,Winston,TANK,50.3,11.5
Competitive,Gold,junkertown,Wrecking Ball,TANK,53.6,2.9
Competitive,Gold,junkertown,Wuyang,SUPPORT,52.4,12.3
Competitive,Gold,junkertown,Zarya,TANK,47.7,7.3
Competitive,Gold,junkertown,Zenyatta,SUPPORT,54.7,13.0
Competitive,Gold,dorado,Ana,SUPPORT,51.0,44.9
Competitive,Gold,dorado,Anran,DAMAGE,52.4,8.8
Competitive,Gold,dorado,Ashe,DAMAGE,51.6,14.8
Competitive,Gold,dorado,Baptiste,SUPPORT,45.9,8.1
Competitive,Gold,dorado,Bastion,DAMAGE,43.8,8.4
Competitive,Gold,dorado,Brigitte,SUPPORT,47.1,3.2
Competitive,Gold,dorado,Cassidy,DAMAGE,48.1,19.8
Competitive,Gold,dorado,D.Va,TANK,50.6,13.5
Competitive,Gold,dorado,Domina,TANK,51.3,6.9
Competitive,Gold,dorado,Doomfist,TANK,51.3,5.6
Competitive,Gold,dorado,Echo,DAMAGE,53.3,7.1
Competitive,Gold,dorado,Emre,DAMAGE,52.4,19.6
Competitive,Gold,dorado,Freja,DAMAGE,51.4,5.2
Competitive,Gold,dorado,Genji,DAMAGE,53.5,15.3
Competitive,Gold,dorado,Hanzo,DAMAGE,49.0,6.1
Competitive,Gold,dorado,Hazard,TANK,54.2,3.4
Competitive,Gold,dorado,Illari,SUPPORT,52.9,12.9
Competitive,Gold,dorado,Jetpack Cat,SUPPORT,50.2,4.6
Competitive,Gold,dorado,Junker Queen,TANK,48.5,1.7
Competitive,Gold,dorado,Junkrat,DAMAGE,49.4,5.9
Competitive,Gold,dorado,Juno,SUPPORT,50.3,10.2
Competitive,Gold,dorado,Kiriko,SUPPORT,49.3,42.3
Competitive,Gold,dorado,Lifeweaver,SUPPORT,45.8,4.8
Competitive,Gold,dorado,Lúcio,SUPPORT,46.1,3.8
Competitive,Gold,dorado,Mauga,TANK,45.9,3.1
Competitive,Gold,dorado,Mei,DAMAGE,49.9,7.2
Competitive,Gold,dorado,Mercy,SUPPORT,50.3,10.5
Competitive,Gold,dorado,Mizuki,SUPPORT,51.7,14.4
Competitive,Gold,dorado,Moira,SUPPORT,48.2,18.1
Competitive,Gold,dorado,Orisa,TANK,46.0,9.9
Competitive,Gold,dorado,Pharah,DAMAGE,54.0,5.9
Competitive,Gold,dorado,Ramattra,TANK,47.8,4.3
Competitive,Gold,dorado,Reaper,DAMAGE,50.4,17.1
Competitive,Gold,dorado,Reinhardt,TANK,46.1,6.3
Competitive,Gold,dorado,Roadhog,TANK,47.3,6.5
Competitive,Gold,dorado,Sigma,TANK,51.3,13.4
Competitive,Gold,dorado,Sojourn,DAMAGE,44.1,12.0
Competitive,Gold,dorado,Soldier: 76,DAMAGE,47.7,19.0
Competitive,Gold,dorado,Sombra,DAMAGE,47.0,3.3
Competitive,Gold,dorado,Symmetra,DAMAGE,53.8,4.3
Competitive,Gold,dorado,Torbjörn,DAMAGE,49.9,4.2
Competitive,Gold,dorado,Tracer,DAMAGE,48.3,5.8
Competitive,Gold,dorado,Vendetta,DAMAGE,50.7,3.4
Competitive,Gold,dorado,Venture,DAMAGE,51.3,3.8
Competitive,Gold,dorado,Widowmaker,DAMAGE,49.2,3.0
Competitive,Gold,dorado,Winston,TANK,54.5,15.5
Competitive,Gold,dorado,Wrecking Ball,TANK,51.7,2.9
Competitive,Gold,dorado,Wuyang,SUPPORT,52.3,12.1
Competitive,Gold,dorado,Zarya,TANK,46.9,7.1
Competitive,Gold,dorado,Zenyatta,SUPPORT,50.8,10.2
Competitive,Gold,watchpoint-gibraltar,Ana,SUPPORT,49.8,47.0
Competitive,Gold,watchpoint-gibraltar,Anran,DAMAGE,51.2,8.7
Competitive,Gold,watchpoint-gibraltar,Ashe,DAMAGE,52.5,16.4
Competitive,Gold,watchpoint-gibraltar,Baptiste,SUPPORT,46.8,7.9
Competitive,Gold,watchpoint-gibraltar,Bastion,DAMAGE,45.3,8.6
Competitive,Gold,watchpoint-gibraltar,Brigitte,SUPPORT,47.9,3.2
Competitive,Gold,watchpoint-gibraltar,Cassidy,DAMAGE,48.8,19.3
Competitive,Gold,watchpoint-gibraltar,D.Va,TANK,51.2,14.8
Competitive,Gold,watchpoint-gibraltar,Domina,TANK,52.2,6.2
Competitive,Gold,watchpoint-gibraltar,Doomfist,TANK,52.7,5.5
Competitive,Gold,watchpoint-gibraltar,Echo,DAMAGE,52.6,6.4
Competitive,Gold,watchpoint-gibraltar,Emre,DAMAGE,49.9,20.1
Competitive,Gold,watchpoint-gibraltar,Freja,DAMAGE,48.4,5.2
Competitive,Gold,watchpoint-gibraltar,Genji,DAMAGE,55.9,15.8
Competitive,Gold,watchpoint-gibraltar,Hanzo,DAMAGE,46.3,6.2
Competitive,Gold,watchpoint-gibraltar,Hazard,TANK,53.7,3.3
Competitive,Gold,watchpoint-gibraltar,Illari,SUPPORT,54.2,11.5
Competitive,Gold,watchpoint-gibraltar,Jetpack Cat,SUPPORT,52.0,5.1
Competitive,Gold,watchpoint-gibraltar,Junker Queen,TANK,51.9,1.7
Competitive,Gold,watchpoint-gibraltar,Junkrat,DAMAGE,46.9,4.8
Competitive,Gold,watchpoint-gibraltar,Juno,SUPPORT,50.4,11.1
Competitive,Gold,watchpoint-gibraltar,Kiriko,SUPPORT,49.3,42.0
Competitive,Gold,watchpoint-gibraltar,Lifeweaver,SUPPORT,47.7,5.2
Competitive,Gold,watchpoint-gibraltar,Lúcio,SUPPORT,46.3,3.9
Competitive,Gold,watchpoint-gibraltar,Mauga,TANK,48.1,3.1
Competitive,Gold,watchpoint-gibraltar,Mei,DAMAGE,49.6,6.4
Competitive,Gold,watchpoint-gibraltar,Mercy,SUPPORT,46.6,11.0
Competitive,Gold,watchpoint-gibraltar,Mizuki,SUPPORT,51.8,13.6
Competitive,Gold,watchpoint-gibraltar,Moira,SUPPORT,48.3,17.4
Competitive,Gold,watchpoint-gibraltar,Orisa,TANK,46.4,9.6
Competitive,Gold,watchpoint-gibraltar,Pharah,DAMAGE,53.5,4.7
Competitive,Gold,watchpoint-gibraltar,Ramattra,TANK,46.9,3.8
Competitive,Gold,watchpoint-gibraltar,Reaper,DAMAGE,50.0,15.8
Competitive,Gold,watchpoint-gibraltar,Reinhardt,TANK,44.4,5.8
Competitive,Gold,watchpoint-gibraltar,Roadhog,TANK,44.5,6.2
Competitive,Gold,watchpoint-gibraltar,Sigma,TANK,51.1,12.4
Competitive,Gold,watchpoint-gibraltar,Sojourn,DAMAGE,44.6,11.8
Competitive,Gold,watchpoint-gibraltar,Soldier: 76,DAMAGE,48.7,20.3
Competitive,Gold,watchpoint-gibraltar,Sombra,DAMAGE,48.3,3.4
Competitive,Gold,watchpoint-gibraltar,Symmetra,DAMAGE,51.3,3.1
Competitive,Gold,watchpoint-gibraltar,Torbjörn,DAMAGE,50.4,3.8
Competitive,Gold,watchpoint-gibraltar,Tracer,DAMAGE,47.6,6.1
Competitive,Gold,watchpoint-gibraltar,Vendetta,DAMAGE,56.1,3.9
Competitive,Gold,watchpoint-gibraltar,Venture,DAMAGE,53.1,3.5
Competitive,Gold,watchpoint-gibraltar,Widowmaker,DAMAGE,52.0,5.5
Competitive,Gold,watchpoint-gibraltar,Winston,TANK,53.6,17.4
Competitive,Gold,watchpoint-gibraltar,Wrecking Ball,TANK,53.9,3.3
Competitive,Gold,watchpoint-gibraltar,Wuyang,SUPPORT,55.9,11.3
Competitive,Gold,watchpoint-gibraltar,Zarya,TANK,46.5,6.9
Competitive,Gold,watchpoint-gibraltar,Zenyatta,SUPPORT,49.6,9.8
Competitive,Gold,circuit-royal,Ana,SUPPORT,49.5,51.7
Competitive,Gold,circuit-royal,Anran,DAMAGE,50.3,7.7
Competitive,Gold,circuit-royal,Ashe,DAMAGE,52.2,21.4
Competitive,Gold,circuit-royal,Baptiste,SUPPORT,47.3,8.3
Competitive,Gold,circuit-royal,Bastion,DAMAGE,49.1,10.5
Competitive,Gold,circuit-royal,Brigitte,SUPPORT,43.7,1.5
Competitive,Gold,circuit-royal,Cassidy,DAMAGE,45.0,14.3
Competitive,Gold,circuit-royal,D.Va,TANK,44.4,5.9
Competitive,Gold,circuit-royal,Domina,TANK,54.7,8.5
Competitive,Gold,circuit-royal,Doomfist,TANK,52.7,4.3
Competitive,Gold,circuit-royal,Echo,DAMAGE,51.2,4.3
Competitive,Gold,circuit-royal,Emre,DAMAGE,52.3,23.1
Competitive,Gold,circuit-royal,Freja,DAMAGE,48.9,5.7
Competitive,Gold,circuit-royal,Genji,DAMAGE,51.0,11.4
Competitive,Gold,circuit-royal,Hanzo,DAMAGE,52.0,9.3
Competitive,Gold,circuit-royal,Hazard,TANK,47.7,1.6
Competitive,Gold,circuit-royal,Illari,SUPPORT,53.4,15.8
Competitive,Gold,circuit-royal,Jetpack Cat,SUPPORT,52.4,3.8
Competitive,Gold,circuit-royal,Junker Queen,TANK,47.5,1.7
Competitive,Gold,circuit-royal,Junkrat,DAMAGE,47.9,5.6
Competitive,Gold,circuit-royal,Juno,SUPPORT,51.9,10.4
Competitive,Gold,circuit-royal,Kiriko,SUPPORT,47.7,36.0
Competitive,Gold,circuit-royal,Lifeweaver,SUPPORT,43.5,4.6
Competitive,Gold,circuit-royal,Lúcio,SUPPORT,42.3,3.1
Competitive,Gold,circuit-royal,Mauga,TANK,46.5,3.2
Competitive,Gold,circuit-royal,Mei,DAMAGE,51.9,8.2
Competitive,Gold,circuit-royal,Mercy,SUPPORT,49.4,9.3
Competitive,Gold,circuit-royal,Mizuki,SUPPORT,52.3,13.0
Competitive,Gold,circuit-royal,Moira,SUPPORT,47.4,15.5
Competitive,Gold,circuit-royal,Orisa,TANK,45.1,11.3
Competitive,Gold,circuit-royal,Pharah,DAMAGE,51.3,5.6
Competitive,Gold,circuit-royal,Ramattra,TANK,46.8,7.1
Competitive,Gold,circuit-royal,Reaper,DAMAGE,49.4,10.4
Competitive,Gold,circuit-royal,Reinhardt,TANK,48.8,7.7
Competitive,Gold,circuit-royal,Roadhog,TANK,41.3,5.0
Competitive,Gold,circuit-royal,Sigma,TANK,59.7,24.2
Competitive,Gold,circuit-royal,Sojourn,DAMAGE,45.9,16.2
Competitive,Gold,circuit-royal,Soldier: 76,DAMAGE,47.7,16.7
Competitive,Gold,circuit-royal,Sombra,DAMAGE,52.8,2.9
Competitive,Gold,circuit-royal,Symmetra,DAMAGE,49.8,3.0
Competitive,Gold,circuit-royal,Torbjörn,DAMAGE,52.8,4.3
Competitive,Gold,circuit-royal,Tracer,DAMAGE,45.6,4.2
Competitive,Gold,circuit-royal,Vendetta,DAMAGE,50.1,2.7
Competitive,Gold,circuit-royal,Venture,DAMAGE,50.4,3.1
Competitive,Gold,circuit-royal,Widowmaker,DAMAGE,55.8,9.4
Competitive,Gold,circuit-royal,Winston,TANK,46.9,9.2
Competitive,Gold,circuit-royal,Wrecking Ball,TANK,53.4,2.5
Competitive,Gold,circuit-royal,Wuyang,SUPPORT,51.9,12.3
Competitive,Gold,circuit-royal,Zarya,TANK,47.3,7.8
Competitive,Gold,circuit-royal,Zenyatta,SUPPORT,55.2,14.7
Competitive,Gold,rialto,Ana,SUPPORT,52.0,49.7
Competitive,Gold,rialto,Anran,DAMAGE,50.6,8.6
Competitive,Gold,rialto,Ashe,DAMAGE,50.2,17.3
Competitive,Gold,rialto,Baptiste,SUPPORT,44.5,7.9
Competitive,Gold,rialto,Bastion,DAMAGE,47.0,10.0
Competitive,Gold,rialto,Brigitte,SUPPORT,48.6,2.3
Competitive,Gold,rialto,Cassidy,DAMAGE,46.7,16.9
Competitive,Gold,rialto,D.Va,TANK,49.1,8.1
Competitive,Gold,rialto,Domina,TANK,54.1,8.1
Competitive,Gold,rialto,Doomfist,TANK,53.6,5.3
Competitive,Gold,rialto,Echo,DAMAGE,52.7,5.1
Competitive,Gold,rialto,Emre,DAMAGE,51.7,21.2
Competitive,Gold,rialto,Freja,DAMAGE,48.4,5.1
Competitive,Gold,rialto,Genji,DAMAGE,52.0,12.4
Competitive,Gold,rialto,Hanzo,DAMAGE,52.3,8.2
Competitive,Gold,rialto,Hazard,TANK,53.0,2.2
Competitive,Gold,rialto,Illari,SUPPORT,53.1,13.7
Competitive,Gold,rialto,Jetpack Cat,SUPPORT,52.1,4.3
Competitive,Gold,rialto,Junker Queen,TANK,48.6,2.0
Competitive,Gold,rialto,Junkrat,DAMAGE,50.0,6.3
Competitive,Gold,rialto,Juno,SUPPORT,49.6,9.8
Competitive,Gold,rialto,Kiriko,SUPPORT,47.2,37.7
Competitive,Gold,rialto,Lifeweaver,SUPPORT,46.2,4.4
Competitive,Gold,rialto,Lúcio,SUPPORT,44.9,3.7
Competitive,Gold,rialto,Mauga,TANK,44.4,3.3
Competitive,Gold,rialto,Mei,DAMAGE,53.3,8.6
Competitive,Gold,rialto,Mercy,SUPPORT,49.3,9.4
Competitive,Gold,rialto,Mizuki,SUPPORT,54.4,14.8
Competitive,Gold,rialto,Moira,SUPPORT,45.9,16.6
Competitive,Gold,rialto,Orisa,TANK,46.7,12.3
Competitive,Gold,rialto,Pharah,DAMAGE,53.8,5.6
Competitive,Gold,rialto,Ramattra,TANK,47.6,6.0
Competitive,Gold,rialto,Reaper,DAMAGE,49.6,12.2
Competitive,Gold,rialto,Reinhardt,TANK,49.7,8.1
Competitive,Gold,rialto,Roadhog,TANK,47.2,6.9
Competitive,Gold,rialto,Sigma,TANK,53.6,16.8
Competitive,Gold,rialto,Sojourn,DAMAGE,44.6,14.4
Competitive,Gold,rialto,Soldier: 76,DAMAGE,47.9,17.7
Competitive,Gold,rialto,Sombra,DAMAGE,52.1,3.0
Competitive,Gold,rialto,Symmetra,DAMAGE,48.5,3.6
Competitive,Gold,rialto,Torbjörn,DAMAGE,52.1,4.6
Competitive,Gold,rialto,Tracer,DAMAGE,49.3,5.9
Competitive,Gold,rialto,Vendetta,DAMAGE,53.0,3.3
Competitive,Gold,rialto,Venture,DAMAGE,54.2,3.3
Competitive,Gold,rialto,Widowmaker,DAMAGE,53.6,6.6
Competitive,Gold,rialto,Winston,TANK,50.5,9.7
Competitive,Gold,rialto,Wrecking Ball,TANK,46.6,2.6
Competitive,Gold,rialto,Wuyang,SUPPORT,52.3,12.5
Competitive,Gold,rialto,Zarya,TANK,49.9,8.5
Competitive,Gold,rialto,Zenyatta,SUPPORT,52.9,13.0
Competitive,Gold,shambali-monastery,Ana,SUPPORT,50.2,47.3
Competitive,Gold,shambali-monastery,Anran,DAMAGE,52.0,10.0
Competitive,Gold,shambali-monastery,Ashe,DAMAGE,50.0,14.7
Competitive,Gold,shambali-monastery,Baptiste,SUPPORT,45.1,7.6
Competitive,Gold,shambali-monastery,Bastion,DAMAGE,47.1,9.6
Competitive,Gold,shambali-monastery,Brigitte,SUPPORT,46.3,2.5
Competitive,Gold,shambali-monastery,Cassidy,DAMAGE,46.8,18.4
Competitive,Gold,shambali-monastery,D.Va,TANK,47.0,6.6
Competitive,Gold,shambali-monastery,Domina,TANK,52.7,8.5
Competitive,Gold,shambali-monastery,Doomfist,TANK,51.1,5.0
Competitive,Gold,shambali-monastery,Echo,DAMAGE,53.2,5.7
Competitive,Gold,shambali-monastery,Emre,DAMAGE,51.6,22.0
Competitive,Gold,shambali-monastery,Freja,DAMAGE,43.4,5.3
Competitive,Gold,shambali-monastery,Genji,DAMAGE,53.2,11.4
Competitive,Gold,shambali-monastery,Hanzo,DAMAGE,51.4,7.9
Competitive,Gold,shambali-monastery,Hazard,TANK,52.8,2.4
Competitive,Gold,shambali-monastery,Illari,SUPPORT,52.5,13.4
Competitive,Gold,shambali-monastery,Jetpack Cat,SUPPORT,52.6,3.7
Competitive,Gold,shambali-monastery,Junker Queen,TANK,51.3,2.4
Competitive,Gold,shambali-monastery,Junkrat,DAMAGE,47.2,6.7
Competitive,Gold,shambali-monastery,Juno,SUPPORT,49.4,9.3
Competitive,Gold,shambali-monastery,Kiriko,SUPPORT,49.5,38.9
Competitive,Gold,shambali-monastery,Lifeweaver,SUPPORT,45.0,4.5
Competitive,Gold,shambali-monastery,Lúcio,SUPPORT,42.8,3.6
Competitive,Gold,shambali-monastery,Mauga,TANK,45.9,3.7
Competitive,Gold,shambali-monastery,Mei,DAMAGE,53.8,8.8
Competitive,Gold,shambali-monastery,Mercy,SUPPORT,50.1,8.8
Competitive,Gold,shambali-monastery,Mizuki,SUPPORT,52.8,15.9
Competitive,Gold,shambali-monastery,Moira,SUPPORT,47.5,18.8
Competitive,Gold,shambali-monastery,Orisa,TANK,47.4,12.0
Competitive,Gold,shambali-monastery,Pharah,DAMAGE,52.3,6.2
Competitive,Gold,shambali-monastery,Ramattra,TANK,46.7,7.3
Competitive,Gold,shambali-monastery,Reaper,DAMAGE,52.6,12.6
Competitive,Gold,shambali-monastery,Reinhardt,TANK,51.6,8.1
Competitive,Gold,shambali-monastery,Roadhog,TANK,46.3,6.5
Competitive,Gold,shambali-monastery,Sigma,TANK,54.7,17.9
Competitive,Gold,shambali-monastery,Sojourn,DAMAGE,47.6,15.0
Competitive,Gold,shambali-monastery,Soldier: 76,DAMAGE,47.6,17.7
Competitive,Gold,shambali-monastery,Sombra,DAMAGE,48.2,3.1
Competitive,Gold,shambali-monastery,Symmetra,DAMAGE,53.9,3.6
Competitive,Gold,shambali-monastery,Torbjörn,DAMAGE,49.5,4.5
Competitive,Gold,shambali-monastery,Tracer,DAMAGE,49.7,6.0
Competitive,Gold,shambali-monastery,Vendetta,DAMAGE,50.7,3.1
Competitive,Gold,shambali-monastery,Venture,DAMAGE,50.4,4.0
Competitive,Gold,shambali-monastery,Widowmaker,DAMAGE,51.1,3.7
Competitive,Gold,shambali-monastery,Winston,TANK,49.3,8.6
Competitive,Gold,shambali-monastery,Wrecking Ball,TANK,54.3,2.7
Competitive,Gold,shambali-monastery,Wuyang,SUPPORT,53.9,13.0
Competitive,Gold,shambali-monastery,Zarya,TANK,48.3,8.6
Competitive,Gold,shambali-monastery,Zenyatta,SUPPORT,51.7,12.5
Competitive,Gold,aatlis,Ana,SUPPORT,46.5,31.5
Competitive,Gold,aatlis,Anran,DAMAGE,54.3,16.4
Competitive,Gold,aatlis,Ashe,DAMAGE,49.1,4.7
Competitive,Gold,aatlis,Baptiste,SUPPORT,42.6,5.6
Competitive,Gold,aatlis,Bastion,DAMAGE,46.3,6.0
Competitive,Gold,aatlis,Brigitte,SUPPORT,47.8,5.1
Competitive,Gold,aatlis,Cassidy,DAMAGE,47.5,30.3
Competitive,Gold,aatlis,D.Va,TANK,51.2,7.7
Competitive,Gold,aatlis,Domina,TANK,51.6,7.9
Competitive,Gold,aatlis,Doomfist,TANK,54.7,6.7
Competitive,Gold,aatlis,Echo,DAMAGE,49.0,4.2
Competitive,Gold,aatlis,Emre,DAMAGE,51.7,18.6
Competitive,Gold,aatlis,Freja,DAMAGE,42.5,2.6
Competitive,Gold,aatlis,Genji,DAMAGE,52.2,11.9
Competitive,Gold,aatlis,Hanzo,DAMAGE,50.9,3.6
Competitive,Gold,aatlis,Hazard,TANK,48.6,4.1
Competitive,Gold,aatlis,Illari,SUPPORT,49.7,6.0
Competitive,Gold,aatlis,Jetpack Cat,SUPPORT,47.7,3.6
Competitive,Gold,aatlis,Junker Queen,TANK,60.3,4.7
Competitive,Gold,aatlis,Junkrat,DAMAGE,47.9,5.0
Competitive,Gold,aatlis,Juno,SUPPORT,51.8,11.3
Competitive,Gold,aatlis,Kiriko,SUPPORT,49.0,46.4
Competitive,Gold,aatlis,Lifeweaver,SUPPORT,43.2,3.1
Competitive,Gold,aatlis,Lúcio,SUPPORT,51.8,6.7
Competitive,Gold,aatlis,Mauga,TANK,45.5,4.6
Competitive,Gold,aatlis,Mei,DAMAGE,49.1,7.7
Competitive,Gold,aatlis,Mercy,SUPPORT,44.0,5.6
Competitive,Gold,aatlis,Mizuki,SUPPORT,54.8,24.4
Competitive,Gold,aatlis,Moira,SUPPORT,52.0,29.0
Competitive,Gold,aatlis,Orisa,TANK,45.5,11.6
Competitive,Gold,aatlis,Pharah,DAMAGE,47.1,3.5
Competitive,Gold,aatlis,Ramattra,TANK,48.7,6.5
Competitive,Gold,aatlis,Reaper,DAMAGE,54.5,17.5
Competitive,Gold,aatlis,Reinhardt,TANK,50.0,8.1
Competitive,Gold,aatlis,Roadhog,TANK,50.7,8.7
Competitive,Gold,aatlis,Sigma,TANK,49.3,9.1
Competitive,Gold,aatlis,Sojourn,DAMAGE,45.8,16.3
Competitive,Gold,aatlis,Soldier: 76,DAMAGE,49.6,17.3
Competitive,Gold,aatlis,Sombra,DAMAGE,52.3,4.0
Competitive,Gold,aatlis,Symmetra,DAMAGE,49.5,3.2
Competitive,Gold,aatlis,Torbjörn,DAMAGE,48.9,2.8
Competitive,Gold,aatlis,Tracer,DAMAGE,50.9,14.2
Competitive,Gold,aatlis,Vendetta,DAMAGE,54.4,4.4
Competitive,Gold,aatlis,Venture,DAMAGE,48.4,5.3
Competitive,Gold,aatlis,Widowmaker,DAMAGE,32.9,0.5
Competitive,Gold,aatlis,Winston,TANK,51.6,8.4
Competitive,Gold,aatlis,Wrecking Ball,TANK,48.4,2.8
Competitive,Gold,aatlis,Wuyang,SUPPORT,54.6,14.0
Competitive,Gold,aatlis,Zarya,TANK,47.4,9.1
Competitive,Gold,aatlis,Zenyatta,SUPPORT,49.0,7.6
Competitive,Gold,new-junk-city,Ana,SUPPORT,44.3,32.3
Competitive,Gold,new-junk-city,Anran,DAMAGE,54.9,16.6
Competitive,Gold,new-junk-city,Ashe,DAMAGE,47.7,5.2
Competitive,Gold,new-junk-city,Baptiste,SUPPORT,42.8,5.8
Competitive,Gold,new-junk-city,Bastion,DAMAGE,43.5,6.2
Competitive,Gold,new-junk-city,Brigitte,SUPPORT,45.2,4.7
Competitive,Gold,new-junk-city,Cassidy,DAMAGE,46.0,28.9
Competitive,Gold,new-junk-city,D.Va,TANK,46.1,6.1
Competitive,Gold,new-junk-city,Domina,TANK,51.0,8.2
Competitive,Gold,new-junk-city,Doomfist,TANK,54.8,6.8
Competitive,Gold,new-junk-city,Echo,DAMAGE,50.6,3.8
Competitive,Gold,new-junk-city,Emre,DAMAGE,49.8,19.1
Competitive,Gold,new-junk-city,Freja,DAMAGE,43.3,2.4
Competitive,Gold,new-junk-city,Genji,DAMAGE,51.4,12.5
Competitive,Gold,new-junk-city,Hanzo,DAMAGE,45.7,4.4
Competitive,Gold,new-junk-city,Hazard,TANK,52.5,3.5
Competitive,Gold,new-junk-city,Illari,SUPPORT,56.3,5.3
Competitive,Gold,new-junk-city,Jetpack Cat,SUPPORT,48.1,3.4
Competitive,Gold,new-junk-city,Junker Queen,TANK,56.6,7.0
Competitive,Gold,new-junk-city,Junkrat,DAMAGE,50.6,5.9
Competitive,Gold,new-junk-city,Juno,SUPPORT,46.9,11.2
Competitive,Gold,new-junk-city,Kiriko,SUPPORT,49.1,47.6
Competitive,Gold,new-junk-city,Lifeweaver,SUPPORT,44.4,3.2
Competitive,Gold,new-junk-city,Lúcio,SUPPORT,52.2,6.9
Competitive,Gold,new-junk-city,Mauga,TANK,50.3,4.4
Competitive,Gold,new-junk-city,Mei,DAMAGE,52.7,8.0
Competitive,Gold,new-junk-city,Mercy,SUPPORT,45.0,4.7
Competitive,Gold,new-junk-city,Mizuki,SUPPORT,55.5,24.6
Competitive,Gold,new-junk-city,Moira,SUPPORT,52.7,29.0
Competitive,Gold,new-junk-city,Orisa,TANK,44.6,13.5
Competitive,Gold,new-junk-city,Pharah,DAMAGE,49.7,3.6
Competitive,Gold,new-junk-city,Ramattra,TANK,48.7,7.9
Competitive,Gold,new-junk-city,Reaper,DAMAGE,50.8,14.9
Competitive,Gold,new-junk-city,Reinhardt,TANK,48.1,8.6
Competitive,Gold,new-junk-city,Roadhog,TANK,50.3,7.8
Competitive,Gold,new-junk-city,Sigma,TANK,52.7,8.5
Competitive,Gold,new-junk-city,Sojourn,DAMAGE,44.7,18.5
Competitive,Gold,new-junk-city,Soldier: 76,DAMAGE,50.1,16.8
Competitive,Gold,new-junk-city,Sombra,DAMAGE,53.7,3.9
Competitive,Gold,new-junk-city,Symmetra,DAMAGE,56.0,3.1
Competitive,Gold,new-junk-city,Torbjörn,DAMAGE,58.0,3.2
Competitive,Gold,new-junk-city,Tracer,DAMAGE,53.8,13.8
Competitive,Gold,new-junk-city,Vendetta,DAMAGE,53.1,3.6
Competitive,Gold,new-junk-city,Venture,DAMAGE,55.4,5.1
Competitive,Gold,new-junk-city,Widowmaker,DAMAGE,24.6,0.5
Competitive,Gold,new-junk-city,Winston,TANK,50.9,6.2
Competitive,Gold,new-junk-city,Wrecking Ball,TANK,45.2,2.8
Competitive,Gold,new-junk-city,Wuyang,SUPPORT,54.5,13.4
Competitive,Gold,new-junk-city,Zarya,TANK,50.9,8.9
Competitive,Gold,new-junk-city,Zenyatta,SUPPORT,52.0,8.0
Competitive,Gold,suravasa,Ana,SUPPORT,46.3,34.1
Competitive,Gold,suravasa,Anran,DAMAGE,53.8,15.1
Competitive,Gold,suravasa,Ashe,DAMAGE,50.7,5.8
Competitive,Gold,suravasa,Baptiste,SUPPORT,45.1,5.2
Competitive,Gold,suravasa,Bastion,DAMAGE,46.3,6.3
Competitive,Gold,suravasa,Brigitte,SUPPORT,50.2,4.3
Competitive,Gold,suravasa,Cassidy,DAMAGE,45.1,29.6
Competitive,Gold,suravasa,D.Va,TANK,45.8,6.5
Competitive,Gold,suravasa,Domina,TANK,52.4,7.9
Competitive,Gold,suravasa,Doomfist,TANK,50.9,6.4
Competitive,Gold,suravasa,Echo,DAMAGE,46.9,4.3
Competitive,Gold,suravasa,Emre,DAMAGE,50.3,19.6
Competitive,Gold,suravasa,Freja,DAMAGE,44.0,3.1
Competitive,Gold,suravasa,Genji,DAMAGE,53.5,12.6
Competitive,Gold,suravasa,Hanzo,DAMAGE,48.2,3.9
Competitive,Gold,suravasa,Hazard,TANK,53.2,3.6
Competitive,Gold,suravasa,Illari,SUPPORT,54.4,6.4
Competitive,Gold,suravasa,Jetpack Cat,SUPPORT,49.2,3.6
Competitive,Gold,suravasa,Junker Queen,TANK,50.6,5.1
Competitive,Gold,suravasa,Junkrat,DAMAGE,48.8,4.2
Competitive,Gold,suravasa,Juno,SUPPORT,50.8,11.5
Competitive,Gold,suravasa,Kiriko,SUPPORT,49.8,46.7
Competitive,Gold,suravasa,Lifeweaver,SUPPORT,42.8,3.4
Competitive,Gold,suravasa,Lúcio,SUPPORT,55.5,6.7
Competitive,Gold,suravasa,Mauga,TANK,50.5,4.4
Competitive,Gold,suravasa,Mei,DAMAGE,56.2,7.7
Competitive,Gold,suravasa,Mercy,SUPPORT,43.7,5.4
Competitive,Gold,suravasa,Mizuki,SUPPORT,52.9,23.4
Competitive,Gold,suravasa,Moira,SUPPORT,50.0,26.7
Competitive,Gold,suravasa,Orisa,TANK,46.9,13.2
Competitive,Gold,suravasa,Pharah,DAMAGE,51.6,3.6
Competitive,Gold,suravasa,Ramattra,TANK,49.4,6.6
Competitive,Gold,suravasa,Reaper,DAMAGE,52.6,15.2
Competitive,Gold,suravasa,Reinhardt,TANK,51.9,8.5
Competitive,Gold,suravasa,Roadhog,TANK,47.3,8.0
Competitive,Gold,suravasa,Sigma,TANK,54.2,9.0
Competitive,Gold,suravasa,Sojourn,DAMAGE,46.6,17.1
Competitive,Gold,suravasa,Soldier: 76,DAMAGE,47.9,18.0
Competitive,Gold,suravasa,Sombra,DAMAGE,54.9,4.5
Competitive,Gold,suravasa,Symmetra,DAMAGE,50.2,3.0
Competitive,Gold,suravasa,Torbjörn,DAMAGE,53.4,3.2
Competitive,Gold,suravasa,Tracer,DAMAGE,51.2,14.2
Competitive,Gold,suravasa,Vendetta,DAMAGE,53.5,4.1
Competitive,Gold,suravasa,Venture,DAMAGE,53.4,4.5
Competitive,Gold,suravasa,Widowmaker,DAMAGE,36.0,0.5
Competitive,Gold,suravasa,Winston,TANK,48.1,8.3
Competitive,Gold,suravasa,Wrecking Ball,TANK,53.2,3.8
Competitive,Gold,suravasa,Wuyang,SUPPORT,52.6,13.9
Competitive,Gold,suravasa,Zarya,TANK,50.6,8.7
Competitive,Gold,suravasa,Zenyatta,SUPPORT,51.3,8.4
Competitive,Gold,midtown,Ana,SUPPORT,48.5,48.2
Competitive,Gold,midtown,Anran,DAMAGE,50.9,9.1
Competitive,Gold,midtown,Ashe,DAMAGE,51.3,17.0
Competitive,Gold,midtown,Baptiste,SUPPORT,44.3,8.1
Competitive,Gold,midtown,Bastion,DAMAGE,45.4,10.4
Competitive,Gold,midtown,Brigitte,SUPPORT,44.0,2.2
Competitive,Gold,midtown,Cassidy,DAMAGE,45.9,18.6
Competitive,Gold,midtown,D.Va,TANK,45.2,5.5
Competitive,Gold,midtown,Domina,TANK,52.4,9.8
Competitive,Gold,midtown,Doomfist,TANK,53.7,4.5
Competitive,Gold,midtown,Echo,DAMAGE,47.2,3.9
Competitive,Gold,midtown,Emre,DAMAGE,50.9,22.9
Competitive,Gold,midtown,Freja,DAMAGE,45.6,4.8
Competitive,Gold,midtown,Genji,DAMAGE,50.6,10.6
Competitive,Gold,midtown,Hanzo,DAMAGE,52.3,8.7
Competitive,Gold,midtown,Hazard,TANK,52.9,1.8
Competitive,Gold,midtown,Illari,SUPPORT,52.1,15.7
Competitive,Gold,midtown,Jetpack Cat,SUPPORT,47.2,3.0
Competitive,Gold,midtown,Junker Queen,TANK,47.7,2.3
Competitive,Gold,midtown,Junkrat,DAMAGE,45.0,5.6
Competitive,Gold,midtown,Juno,SUPPORT,46.9,9.5
Competitive,Gold,midtown,Kiriko,SUPPORT,48.5,37.7
Competitive,Gold,midtown,Lifeweaver,SUPPORT,42.5,4.1
Competitive,Gold,midtown,Lúcio,SUPPORT,43.4,3.6
Competitive,Gold,midtown,Mauga,TANK,46.7,3.6
Competitive,Gold,midtown,Mei,DAMAGE,50.3,9.2
Competitive,Gold,midtown,Mercy,SUPPORT,45.2,8.5
Competitive,Gold,midtown,Mizuki,SUPPORT,51.2,15.6
Competitive,Gold,midtown,Moira,SUPPORT,45.4,17.5
Competitive,Gold,midtown,Orisa,TANK,45.3,12.5
Competitive,Gold,midtown,Pharah,DAMAGE,47.8,4.6
Competitive,Gold,midtown,Ramattra,TANK,45.5,7.5
Competitive,Gold,midtown,Reaper,DAMAGE,48.5,10.7
Competitive,Gold,midtown,Reinhardt,TANK,47.8,8.0
Competitive,Gold,midtown,Roadhog,TANK,44.4,6.1
Competitive,Gold,midtown,Sigma,TANK,52.6,19.9
Competitive,Gold,midtown,Sojourn,DAMAGE,43.5,16.4
Competitive,Gold,midtown,Soldier: 76,DAMAGE,46.7,17.1
Competitive,Gold,midtown,Sombra,DAMAGE,49.2,3.1
Competitive,Gold,midtown,Symmetra,DAMAGE,51.8,6.2
Competitive,Gold,midtown,Torbjörn,DAMAGE,48.1,5.5
Competitive,Gold,midtown,Tracer,DAMAGE,49.8,7.0
Competitive,Gold,midtown,Vendetta,DAMAGE,48.8,2.4
Competitive,Gold,midtown,Venture,DAMAGE,53.3,3.4
Competitive,Gold,midtown,Widowmaker,DAMAGE,44.7,3.0
Competitive,Gold,midtown,Winston,TANK,46.0,6.5
Competitive,Gold,midtown,Wrecking Ball,TANK,48.2,2.3
Competitive,Gold,midtown,Wuyang,SUPPORT,52.3,12.8
Competitive,Gold,midtown,Zarya,TANK,48.7,9.8
Competitive,Gold,midtown,Zenyatta,SUPPORT,52.5,13.6
Competitive,Gold,numbani,Ana,SUPPORT,48.8,47.6
Competitive,Gold,numbani,Anran,DAMAGE,50.3,8.6
Competitive,Gold,numbani,Ashe,DAMAGE,51.9,15.1
Competitive,Gold,numbani,Baptiste,SUPPORT,46.9,8.3
Competitive,Gold,numbani,Bastion,DAMAGE,45.1,9.4
Competitive,Gold,numbani,Brigitte,SUPPORT,45.2,2.3
Competitive,Gold,numbani,Cassidy,DAMAGE,45.0,19.5
Competitive,Gold,numbani,D.Va,TANK,49.5,13.3
Competitive,Gold,numbani,Domina,TANK,50.5,6.5
Competitive,Gold,numbani,Doomfist,TANK,50.2,5.5
Competitive,Gold,numbani,Echo,DAMAGE,51.2,6.4
Competitive,Gold,numbani,Emre,DAMAGE,50.4,19.8
Competitive,Gold,numbani,Freja,DAMAGE,48.0,5.4
Competitive,Gold,numbani,Genji,DAMAGE,52.1,15.5
Competitive,Gold,numbani,Hanzo,DAMAGE,47.8,6.9
Competitive,Gold,numbani,Hazard,TANK,51.5,3.0
Competitive,Gold,numbani,Illari,SUPPORT,50.7,11.5
Competitive,Gold,numbani,Jetpack Cat,SUPPORT,53.1,5.0
Competitive,Gold,numbani,Junker Queen,TANK,48.1,1.8
Competitive,Gold,numbani,Junkrat,DAMAGE,45.2,5.9
Competitive,Gold,numbani,Juno,SUPPORT,50.3,11.3
Competitive,Gold,numbani,Kiriko,SUPPORT,48.3,40.2
Competitive,Gold,numbani,Lifeweaver,SUPPORT,44.4,4.9
Competitive,Gold,numbani,Lúcio,SUPPORT,44.9,4.8
Competitive,Gold,numbani,Mauga,TANK,46.1,3.6
Competitive,Gold,numbani,Mei,DAMAGE,48.6,7.3
Competitive,Gold,numbani,Mercy,SUPPORT,46.7,11.7
Competitive,Gold,numbani,Mizuki,SUPPORT,51.6,13.9
Competitive,Gold,numbani,Moira,SUPPORT,44.6,16.7
Competitive,Gold,numbani,Orisa,TANK,44.0,10.7
Competitive,Gold,numbani,Pharah,DAMAGE,52.1,5.1
Competitive,Gold,numbani,Ramattra,TANK,41.6,4.1
Competitive,Gold,numbani,Reaper,DAMAGE,47.1,13.5
Competitive,Gold,numbani,Reinhardt,TANK,46.2,6.6
Competitive,Gold,numbani,Roadhog,TANK,42.0,6.1
Competitive,Gold,numbani,Sigma,TANK,50.4,12.9
Competitive,Gold,numbani,Sojourn,DAMAGE,42.7,11.8
Competitive,Gold,numbani,Soldier: 76,DAMAGE,46.4,21.5
Competitive,Gold,numbani,Sombra,DAMAGE,50.4,3.3
Competitive,Gold,numbani,Symmetra,DAMAGE,51.6,3.9
Competitive,Gold,numbani,Torbjörn,DAMAGE,47.9,5.1
Competitive,Gold,numbani,Tracer,DAMAGE,50.1,5.9
Competitive,Gold,numbani,Vendetta,DAMAGE,51.9,3.9
Competitive,Gold,numbani,Venture,DAMAGE,50.6,3.7
Competitive,Gold,numbani,Widowmaker,DAMAGE,42.0,2.5
Competitive,Gold,numbani,Winston,TANK,53.4,14.5
Competitive,Gold,numbani,Wrecking Ball,TANK,50.6,3.2
Competitive,Gold,numbani,Wuyang,SUPPORT,48.3,11.7
Competitive,Gold,numbani,Zarya,TANK,46.6,8.3
Competitive,Gold,numbani,Zenyatta,SUPPORT,49.0,10.2
Competitive,Gold,kings-row,Ana,SUPPORT,50.8,50.5
Competitive,Gold,kings-row,Anran,DAMAGE,50.8,9.1
Competitive,Gold,kings-row,Ashe,DAMAGE,49.1,13.7
Competitive,Gold,kings-row,Baptiste,SUPPORT,45.4,8.2
Competitive,Gold,kings-row,Bastion,DAMAGE,46.3,11.9
Competitive,Gold,kings-row,Brigitte,SUPPORT,46.1,2.3
Competitive,Gold,kings-row,Cassidy,DAMAGE,45.3,17.2
Competitive,Gold,kings-row,D.Va,TANK,45.0,6.3
Competitive,Gold,kings-row,Domina,TANK,53.5,8.3
Competitive,Gold,kings-row,Doomfist,TANK,51.9,4.9
Competitive,Gold,kings-row,Echo,DAMAGE,49.0,4.1
Competitive,Gold,kings-row,Emre,DAMAGE,49.2,19.3
Competitive,Gold,kings-row,Freja,DAMAGE,48.3,4.3
Competitive,Gold,kings-row,Genji,DAMAGE,51.8,12.3
Competitive,Gold,kings-row,Hanzo,DAMAGE,50.6,8.2
Competitive,Gold,kings-row,Hazard,TANK,49.9,1.8
Competitive,Gold,kings-row,Illari,SUPPORT,51.4,13.9
Competitive,Gold,kings-row,Jetpack Cat,SUPPORT,48.8,3.1
Competitive,Gold,kings-row,Junker Queen,TANK,46.6,2.2
Competitive,Gold,kings-row,Junkrat,DAMAGE,46.9,7.5
Competitive,Gold,kings-row,Juno,SUPPORT,47.4,8.9
Competitive,Gold,kings-row,Kiriko,SUPPORT,47.0,36.9
Competitive,Gold,kings-row,Lifeweaver,SUPPORT,42.2,3.7
Competitive,Gold,kings-row,Lúcio,SUPPORT,44.4,3.7
Competitive,Gold,kings-row,Mauga,TANK,44.2,3.4
Competitive,Gold,kings-row,Mei,DAMAGE,50.6,11.1
Competitive,Gold,kings-row,Mercy,SUPPORT,45.7,8.3
Competitive,Gold,kings-row,Mizuki,SUPPORT,51.3,16.0
Competitive,Gold,kings-row,Moira,SUPPORT,46.6,18.3
Competitive,Gold,kings-row,Orisa,TANK,47.1,12.1
Competitive,Gold,kings-row,Pharah,DAMAGE,50.3,6.2
Competitive,Gold,kings-row,Ramattra,TANK,47.0,7.6
Competitive,Gold,kings-row,Reaper,DAMAGE,51.4,13.0
Competitive,Gold,kings-row,Reinhardt,TANK,50.6,10.5
Competitive,Gold,kings-row,Roadhog,TANK,42.4,5.8
Competitive,Gold,kings-row,Sigma,TANK,51.5,15.9
Competitive,Gold,kings-row,Sojourn,DAMAGE,43.2,14.6
Competitive,Gold,kings-row,Soldier: 76,DAMAGE,45.2,14.9
Competitive,Gold,kings-row,Sombra,DAMAGE,51.0,2.7
Competitive,Gold,kings-row,Symmetra,DAMAGE,52.0,5.3
Competitive,Gold,kings-row,Torbjörn,DAMAGE,48.7,4.5
Competitive,Gold,kings-row,Tracer,DAMAGE,46.3,5.5
Competitive,Gold,kings-row,Vendetta,DAMAGE,52.6,3.0
Competitive,Gold,kings-row,Venture,DAMAGE,52.5,3.7
Competitive,Gold,kings-row,Widowmaker,DAMAGE,54.8,7.9
Competitive,Gold,kings-row,Winston,TANK,47.7,8.5
Competitive,Gold,kings-row,Wrecking Ball,TANK,49.7,2.4
Competitive,Gold,kings-row,Wuyang,SUPPORT,50.8,12.0
Competitive,Gold,kings-row,Zarya,TANK,50.4,10.4
Competitive,Gold,kings-row,Zenyatta,SUPPORT,52.2,14.1
Competitive,Gold,hollywood,Ana,SUPPORT,49.7,49.6
Competitive,Gold,hollywood,Anran,DAMAGE,51.1,9.2
Competitive,Gold,hollywood,Ashe,DAMAGE,49.8,15.2
Competitive,Gold,hollywood,Baptiste,SUPPORT,43.5,7.5
Competitive,Gold,hollywood,Bastion,DAMAGE,44.5,9.4
Competitive,Gold,hollywood,Brigitte,SUPPORT,44.6,2.5
Competitive,Gold,hollywood,Cassidy,DAMAGE,45.5,18.6
Competitive,Gold,hollywood,D.Va,TANK,48.7,9.3
Competitive,Gold,hollywood,Domina,TANK,53.6,7.8
Competitive,Gold,hollywood,Doomfist,TANK,49.4,5.0
Competitive,Gold,hollywood,Echo,DAMAGE,51.1,4.7
Competitive,Gold,hollywood,Emre,DAMAGE,48.9,19.9
Competitive,Gold,hollywood,Freja,DAMAGE,48.2,4.8
Competitive,Gold,hollywood,Genji,DAMAGE,51.8,13.5
Competitive,Gold,hollywood,Hanzo,DAMAGE,48.6,7.8
Competitive,Gold,hollywood,Hazard,TANK,52.4,2.5
Competitive,Gold,hollywood,Illari,SUPPORT,52.5,14.3
Competitive,Gold,hollywood,Jetpack Cat,SUPPORT,48.2,3.6
Competitive,Gold,hollywood,Junker Queen,TANK,47.7,2.0
Competitive,Gold,hollywood,Junkrat,DAMAGE,45.8,7.1
Competitive,Gold,hollywood,Juno,SUPPORT,48.0,9.6
Competitive,Gold,hollywood,Kiriko,SUPPORT,46.5,38.1
Competitive,Gold,hollywood,Lifeweaver,SUPPORT,43.6,4.2
Competitive,Gold,hollywood,Lúcio,SUPPORT,41.8,4.0
Competitive,Gold,hollywood,Mauga,TANK,44.8,3.3
Competitive,Gold,hollywood,Mei,DAMAGE,50.9,8.6
Competitive,Gold,hollywood,Mercy,SUPPORT,47.8,9.7
Competitive,Gold,hollywood,Mizuki,SUPPORT,50.0,14.6
Competitive,Gold,hollywood,Moira,SUPPORT,45.8,17.4
Competitive,Gold,hollywood,Orisa,TANK,44.2,10.7
Competitive,Gold,hollywood,Pharah,DAMAGE,50.0,5.3
Competitive,Gold,hollywood,Ramattra,TANK,43.3,5.7
Competitive,Gold,hollywood,Reaper,DAMAGE,49.6,14.4
Competitive,Gold,hollywood,Reinhardt,TANK,44.5,7.7
Competitive,Gold,hollywood,Roadhog,TANK,46.7,6.4
Competitive,Gold,hollywood,Sigma,TANK,51.0,15.6
Competitive,Gold,hollywood,Sojourn,DAMAGE,42.7,13.5
Competitive,Gold,hollywood,Soldier: 76,DAMAGE,45.8,16.9
Competitive,Gold,hollywood,Sombra,DAMAGE,50.7,3.0
Competitive,Gold,hollywood,Symmetra,DAMAGE,53.6,5.4
Competitive,Gold,hollywood,Torbjörn,DAMAGE,49.2,5.2
Competitive,Gold,hollywood,Tracer,DAMAGE,48.3,6.1
Competitive,Gold,hollywood,Vendetta,DAMAGE,50.5,3.3
Competitive,Gold,hollywood,Venture,DAMAGE,51.8,3.6
Competitive,Gold,hollywood,Widowmaker,DAMAGE,47.6,4.5
Competitive,Gold,hollywood,Winston,TANK,51.3,12.4
Competitive,Gold,hollywood,Wrecking Ball,TANK,48.7,2.8
Competitive,Gold,hollywood,Wuyang,SUPPORT,51.6,12.5
Competitive,Gold,hollywood,Zarya,TANK,48.5,8.9
Competitive,Gold,hollywood,Zenyatta,SUPPORT,52.6,12.3
Competitive,Gold,paraiso,Ana,SUPPORT,49.3,44.2
Competitive,Gold,paraiso,Anran,DAMAGE,49.0,9.4
Competitive,Gold,paraiso,Ashe,DAMAGE,52.1,15.8
Competitive,Gold,paraiso,Baptiste,SUPPORT,44.5,8.2
Competitive,Gold,paraiso,Bastion,DAMAGE,44.5,9.0
Competitive,Gold,paraiso,Brigitte,SUPPORT,44.9,2.8
Competitive,Gold,paraiso,Cassidy,DAMAGE,45.2,19.3
Competitive,Gold,paraiso,D.Va,TANK,50.7,10.4
Competitive,Gold,paraiso,Domina,TANK,52.1,7.5
Competitive,Gold,paraiso,Doomfist,TANK,50.8,5.3
Competitive,Gold,paraiso,Echo,DAMAGE,53.0,5.7
Competitive,Gold,paraiso,Emre,DAMAGE,50.1,21.2
Competitive,Gold,paraiso,Freja,DAMAGE,44.2,5.0
Competitive,Gold,paraiso,Genji,DAMAGE,52.7,13.1
Competitive,Gold,paraiso,Hanzo,DAMAGE,47.7,6.2
Competitive,Gold,paraiso,Hazard,TANK,53.8,3.1
Competitive,Gold,paraiso,Illari,SUPPORT,51.6,13.3
Competitive,Gold,paraiso,Jetpack Cat,SUPPORT,53.8,3.9
Competitive,Gold,paraiso,Junker Queen,TANK,45.2,2.1
Competitive,Gold,paraiso,Junkrat,DAMAGE,43.5,5.6
Competitive,Gold,paraiso,Juno,SUPPORT,53.7,10.5
Competitive,Gold,paraiso,Kiriko,SUPPORT,46.5,41.2
Competitive,Gold,paraiso,Lifeweaver,SUPPORT,42.2,4.5
Competitive,Gold,paraiso,Lúcio,SUPPORT,41.4,4.2
Competitive,Gold,paraiso,Mauga,TANK,43.1,3.4
Competitive,Gold,paraiso,Mei,DAMAGE,50.2,7.4
Competitive,Gold,paraiso,Mercy,SUPPORT,46.2,9.2
Competitive,Gold,paraiso,Mizuki,SUPPORT,50.9,15.6
Competitive,Gold,paraiso,Moira,SUPPORT,45.2,19.4
Competitive,Gold,paraiso,Orisa,TANK,46.6,11.4
Competitive,Gold,paraiso,Pharah,DAMAGE,48.0,5.3
Competitive,Gold,paraiso,Ramattra,TANK,44.3,5.8
Competitive,Gold,paraiso,Reaper,DAMAGE,50.0,14.2
Competitive,Gold,paraiso,Reinhardt,TANK,45.9,6.5
Competitive,Gold,paraiso,Roadhog,TANK,47.6,6.8
Competitive,Gold,paraiso,Sigma,TANK,50.3,16.1
Competitive,Gold,paraiso,Sojourn,DAMAGE,42.7,14.3
Competitive,Gold,paraiso,Soldier: 76,DAMAGE,47.5,18.6
Competitive,Gold,paraiso,Sombra,DAMAGE,50.6,3.7
Competitive,Gold,paraiso,Symmetra,DAMAGE,52.5,4.6
Competitive,Gold,paraiso,Torbjörn,DAMAGE,47.8,5.7
Competitive,Gold,paraiso,Tracer,DAMAGE,50.8,6.6
Competitive,Gold,paraiso,Vendetta,DAMAGE,53.1,3.4
Competitive,Gold,paraiso,Venture,DAMAGE,49.0,3.4
Competitive,Gold,paraiso,Widowmaker,DAMAGE,44.0,2.3
Competitive,Gold,paraiso,Winston,TANK,51.1,11.7
Competitive,Gold,paraiso,Wrecking Ball,TANK,42.9,2.7
Competitive,Gold,paraiso,Wuyang,SUPPORT,52.3,11.9
Competitive,Gold,paraiso,Zarya,TANK,45.5,7.2
Competitive,Gold,paraiso,Zenyatta,SUPPORT,49.3,11.0
Competitive,Gold,eichenwalde,Ana,SUPPORT,50.3,48.4
Competitive,Gold,eichenwalde,Anran,DAMAGE,50.8,8.8
Competitive,Gold,eichenwalde,Ashe,DAMAGE,48.6,11.7
Competitive,Gold,eichenwalde,Baptiste,SUPPORT,44.3,7.4
Competitive,Gold,eichenwalde,Bastion,DAMAGE,45.7,10.2
Competitive,Gold,eichenwalde,Brigitte,SUPPORT,47.4,2.3
Competitive,Gold,eichenwalde,Cassidy,DAMAGE,45.7,18.6
Competitive,Gold,eichenwalde,D.Va,TANK,46.8,6.6
Competitive,Gold,eichenwalde,Domina,TANK,53.1,8.4
Competitive,Gold,eichenwalde,Doomfist,TANK,51.1,5.1
Competitive,Gold,eichenwalde,Echo,DAMAGE,53.0,6.0
Competitive,Gold,eichenwalde,Emre,DAMAGE,48.5,18.3
Competitive,Gold,eichenwalde,Freja,DAMAGE,45.7,4.5
Competitive,Gold,eichenwalde,Genji,DAMAGE,51.8,12.3
Competitive,Gold,eichenwalde,Hanzo,DAMAGE,50.4,8.4
Competitive,Gold,eichenwalde,Hazard,TANK,49.4,2.0
Competitive,Gold,eichenwalde,Illari,SUPPORT,51.2,13.9
Competitive,Gold,eichenwalde,Jetpack Cat,SUPPORT,55.0,5.0
Competitive,Gold,eichenwalde,Junker Queen,TANK,48.2,2.2
Competitive,Gold,eichenwalde,Junkrat,DAMAGE,46.6,9.7
Competitive,Gold,eichenwalde,Juno,SUPPORT,48.0,9.2
Competitive,Gold,eichenwalde,Kiriko,SUPPORT,45.8,35.6
Competitive,Gold,eichenwalde,Lifeweaver,SUPPORT,41.1,4.1
Competitive,Gold,eichenwalde,Lúcio,SUPPORT,45.4,4.3
Competitive,Gold,eichenwalde,Mauga,TANK,45.1,3.6
Competitive,Gold,eichenwalde,Mei,DAMAGE,51.2,8.7
Competitive,Gold,eichenwalde,Mercy,SUPPORT,48.0,10.0
Competitive,Gold,eichenwalde,Mizuki,SUPPORT,51.6,15.9
Competitive,Gold,eichenwalde,Moira,SUPPORT,45.5,17.4
Competitive,Gold,eichenwalde,Orisa,TANK,44.1,11.5
Competitive,Gold,eichenwalde,Pharah,DAMAGE,50.6,8.5
Competitive,Gold,eichenwalde,Ramattra,TANK,46.7,6.4
Competitive,Gold,eichenwalde,Reaper,DAMAGE,49.0,12.1
Competitive,Gold,eichenwalde,Reinhardt,TANK,49.5,10.6
Competitive,Gold,eichenwalde,Roadhog,TANK,45.5,6.5
Competitive,Gold,eichenwalde,Sigma,TANK,51.8,16.7
Competitive,Gold,eichenwalde,Sojourn,DAMAGE,43.2,13.1
Competitive,Gold,eichenwalde,Soldier: 76,DAMAGE,46.0,16.5
Competitive,Gold,eichenwalde,Sombra,DAMAGE,47.7,3.1
Competitive,Gold,eichenwalde,Symmetra,DAMAGE,52.2,5.9
Competitive,Gold,eichenwalde,Torbjörn,DAMAGE,52.3,7.9
Competitive,Gold,eichenwalde,Tracer,DAMAGE,49.7,6.1
Competitive,Gold,eichenwalde,Vendetta,DAMAGE,52.8,3.7
Competitive,Gold,eichenwalde,Venture,DAMAGE,49.9,3.6
Competitive,Gold,eichenwalde,Widowmaker,DAMAGE,45.3,2.1
Competitive,Gold,eichenwalde,Winston,TANK,47.8,8.0
Competitive,Gold,eichenwalde,Wrecking Ball,TANK,52.8,3.0
Competitive,Gold,eichenwalde,Wuyang,SUPPORT,49.8,12.3
Competitive,Gold,eichenwalde,Zarya,TANK,48.6,9.6
Competitive,Gold,eichenwalde,Zenyatta,SUPPORT,51.6,14.0
Competitive,Gold,blizzard-world,Ana,SUPPORT,48.7,47.2
Competitive,Gold,blizzard-world,Anran,DAMAGE,50.4,9.1
Competitive,Gold,blizzard-world,Ashe,DAMAGE,51.3,15.1
Competitive,Gold,blizzard-world,Baptiste,SUPPORT,44.2,7.1
Competitive,Gold,blizzard-world,Bastion,DAMAGE,45.3,8.5
Competitive,Gold,blizzard-world,Brigitte,SUPPORT,38.5,2.4
Competitive,Gold,blizzard-world,Cassidy,DAMAGE,44.2,18.3
Competitive,Gold,blizzard-world,D.Va,TANK,48.4,9.1
Competitive,Gold,blizzard-world,Domina,TANK,53.3,7.4
Competitive,Gold,blizzard-world,Doomfist,TANK,49.6,5.5
Competitive,Gold,blizzard-world,Echo,DAMAGE,52.0,5.0
Competitive,Gold,blizzard-world,Emre,DAMAGE,49.9,20.9
Competitive,Gold,blizzard-world,Freja,DAMAGE,43.9,5.1
Competitive,Gold,blizzard-world,Genji,DAMAGE,50.3,13.8
Competitive,Gold,blizzard-world,Hanzo,DAMAGE,50.0,8.2
Competitive,Gold,blizzard-world,Hazard,TANK,52.2,2.6
Competitive,Gold,blizzard-world,Illari,SUPPORT,49.8,12.9
Competitive,Gold,blizzard-world,Jetpack Cat,SUPPORT,50.8,4.4
Competitive,Gold,blizzard-world,Junker Queen,TANK,49.3,1.8
Competitive,Gold,blizzard-world,Junkrat,DAMAGE,46.3,5.6
Competitive,Gold,blizzard-world,Juno,SUPPORT,47.8,10.5
Competitive,Gold,blizzard-world,Kiriko,SUPPORT,48.3,40.4
Competitive,Gold,blizzard-world,Lifeweaver,SUPPORT,45.0,4.5
Competitive,Gold,blizzard-world,Lúcio,SUPPORT,43.6,4.3
Competitive,Gold,blizzard-world,Mauga,TANK,43.1,3.4
Competitive,Gold,blizzard-world,Mei,DAMAGE,48.1,7.7
Competitive,Gold,blizzard-world,Mercy,SUPPORT,48.4,10.4
Competitive,Gold,blizzard-world,Mizuki,SUPPORT,49.4,14.1
Competitive,Gold,blizzard-world,Moira,SUPPORT,46.7,17.3
Competitive,Gold,blizzard-world,Orisa,TANK,45.4,11.0
Competitive,Gold,blizzard-world,Pharah,DAMAGE,49.6,5.0
Competitive,Gold,blizzard-world,Ramattra,TANK,45.0,5.4
Competitive,Gold,blizzard-world,Reaper,DAMAGE,50.1,13.3
Competitive,Gold,blizzard-world,Reinhardt,TANK,45.3,6.9
Competitive,Gold,blizzard-world,Roadhog,TANK,44.8,6.4
Competitive,Gold,blizzard-world,Sigma,TANK,51.2,16.0
Competitive,Gold,blizzard-world,Sojourn,DAMAGE,44.7,14.2
Competitive,Gold,blizzard-world,Soldier: 76,DAMAGE,47.4,18.6
Competitive,Gold,blizzard-world,Sombra,DAMAGE,50.1,3.7
Competitive,Gold,blizzard-world,Symmetra,DAMAGE,49.6,3.9
Competitive,Gold,blizzard-world,Torbjörn,DAMAGE,49.2,4.8
Competitive,Gold,blizzard-world,Tracer,DAMAGE,48.2,7.5
Competitive,Gold,blizzard-world,Vendetta,DAMAGE,50.2,3.4
Competitive,Gold,blizzard-world,Venture,DAMAGE,51.4,3.6
Competitive,Gold,blizzard-world,Widowmaker,DAMAGE,45.6,4.8
Competitive,Gold,blizzard-world,Winston,TANK,51.1,12.8
Competitive,Gold,blizzard-world,Wrecking Ball,TANK,47.6,3.4
Competitive,Gold,blizzard-world,Wuyang,SUPPORT,50.9,12.8
Competitive,Gold,blizzard-world,Zarya,TANK,47.1,8.0
Competitive,Gold,blizzard-world,Zenyatta,SUPPORT,52.1,11.6
Competitive,Gold,esperanca,Ana,SUPPORT,46.1,39.3
Competitive,Gold,esperanca,Anran,DAMAGE,52.5,13.1
Competitive,Gold,esperanca,Ashe,DAMAGE,52.0,10.1
Competitive,Gold,esperanca,Baptiste,SUPPORT,47.3,5.8
Competitive,Gold,esperanca,Bastion,DAMAGE,42.4,6.9
Competitive,Gold,esperanca,Brigitte,SUPPORT,47.8,3.6
Competitive,Gold,esperanca,Cassidy,DAMAGE,47.4,25.7
Competitive,Gold,esperanca,D.Va,TANK,50.9,8.3
Competitive,Gold,esperanca,Domina,TANK,53.1,8.5
Competitive,Gold,esperanca,Doomfist,TANK,51.4,6.5
Competitive,Gold,esperanca,Echo,DAMAGE,56.8,5.3
Competitive,Gold,esperanca,Emre,DAMAGE,50.5,22.7
Competitive,Gold,esperanca,Freja,DAMAGE,45.2,3.9
Competitive,Gold,esperanca,Genji,DAMAGE,51.3,14.1
Competitive,Gold,esperanca,Hanzo,DAMAGE,49.8,4.5
Competitive,Gold,esperanca,Hazard,TANK,51.3,2.8
Competitive,Gold,esperanca,Illari,SUPPORT,54.2,7.0
Competitive,Gold,esperanca,Jetpack Cat,SUPPORT,47.7,4.0
Competitive,Gold,esperanca,Junker Queen,TANK,51.4,3.8
Competitive,Gold,esperanca,Junkrat,DAMAGE,48.0,3.2
Competitive,Gold,esperanca,Juno,SUPPORT,49.2,12.8
Competitive,Gold,esperanca,Kiriko,SUPPORT,50.3,46.6
Competitive,Gold,esperanca,Lifeweaver,SUPPORT,47.3,3.9
Competitive,Gold,esperanca,Lúcio,SUPPORT,50.9,5.1
Competitive,Gold,esperanca,Mauga,TANK,50.2,4.5
Competitive,Gold,esperanca,Mei,DAMAGE,54.1,6.2
Competitive,Gold,esperanca,Mercy,SUPPORT,51.2,7.0
Competitive,Gold,esperanca,Mizuki,SUPPORT,51.7,19.7
Competitive,Gold,esperanca,Moira,SUPPORT,50.9,22.8
Competitive,Gold,esperanca,Orisa,TANK,44.4,11.9
Competitive,Gold,esperanca,Pharah,DAMAGE,47.9,4.1
Competitive,Gold,esperanca,Ramattra,TANK,47.0,6.0
Competitive,Gold,esperanca,Reaper,DAMAGE,50.4,12.2
Competitive,Gold,esperanca,Reinhardt,TANK,51.6,7.8
Competitive,Gold,esperanca,Roadhog,TANK,49.1,7.2
Competitive,Gold,esperanca,Sigma,TANK,52.3,10.9
Competitive,Gold,esperanca,Sojourn,DAMAGE,44.7,16.5
Competitive,Gold,esperanca,Soldier: 76,DAMAGE,52.5,20.3
Competitive,Gold,esperanca,Sombra,DAMAGE,49.0,4.5
Competitive,Gold,esperanca,Symmetra,DAMAGE,50.2,1.9
Competitive,Gold,esperanca,Torbjörn,DAMAGE,49.2,2.6
Competitive,Gold,esperanca,Tracer,DAMAGE,51.7,13.5
Competitive,Gold,esperanca,Vendetta,DAMAGE,51.4,3.9
Competitive,Gold,esperanca,Venture,DAMAGE,55.6,3.6
Competitive,Gold,esperanca,Widowmaker,DAMAGE,40.3,1.1
Competitive,Gold,esperanca,Winston,TANK,52.9,10.4
Competitive,Gold,esperanca,Wrecking Ball,TANK,53.6,4.0
Competitive,Gold,esperanca,Wuyang,SUPPORT,52.3,13.6
Competitive,Gold,esperanca,Zarya,TANK,44.4,7.5
Competitive,Gold,esperanca,Zenyatta,SUPPORT,52.1,8.7
Competitive,Gold,new-queen-street,Ana,SUPPORT,47.2,40.6
Competitive,Gold,new-queen-street,Anran,DAMAGE,54.1,12.4
Competitive,Gold,new-queen-street,Ashe,DAMAGE,51.2,10.4
Competitive,Gold,new-queen-street,Baptiste,SUPPORT,46.1,5.4
Competitive,Gold,new-queen-street,Bastion,DAMAGE,44.4,6.7
Competitive,Gold,new-queen-street,Brigitte,SUPPORT,46.9,3.5
Competitive,Gold,new-queen-street,Cassidy,DAMAGE,48.3,25.5
Competitive,Gold,new-queen-street,D.Va,TANK,49.3,7.7
Competitive,Gold,new-queen-street,Domina,TANK,51.2,9.0
Competitive,Gold,new-queen-street,Doomfist,TANK,48.9,6.2
Competitive,Gold,new-queen-street,Echo,DAMAGE,48.5,4.1
Competitive,Gold,new-queen-street,Emre,DAMAGE,52.6,23.9
Competitive,Gold,new-queen-street,Freja,DAMAGE,44.5,3.7
Competitive,Gold,new-queen-street,Genji,DAMAGE,49.8,13.0
Competitive,Gold,new-queen-street,Hanzo,DAMAGE,47.5,4.7
Competitive,Gold,new-queen-street,Hazard,TANK,48.6,2.8
Competitive,Gold,new-queen-street,Illari,SUPPORT,55.3,6.9
Competitive,Gold,new-queen-street,Jetpack Cat,SUPPORT,48.0,4.5
Competitive,Gold,new-queen-street,Junker Queen,TANK,52.1,4.4
Competitive,Gold,new-queen-street,Junkrat,DAMAGE,46.5,3.0
Competitive,Gold,new-queen-street,Juno,SUPPORT,50.6,13.0
Competitive,Gold,new-queen-street,Kiriko,SUPPORT,48.7,46.2
Competitive,Gold,new-queen-street,Lifeweaver,SUPPORT,44.8,4.0
Competitive,Gold,new-queen-street,Lúcio,SUPPORT,48.2,4.7
Competitive,Gold,new-queen-street,Mauga,TANK,49.2,4.4
Competitive,Gold,new-queen-street,Mei,DAMAGE,53.8,6.3
Competitive,Gold,new-queen-street,Mercy,SUPPORT,48.5,6.1
Competitive,Gold,new-queen-street,Mizuki,SUPPORT,54.0,19.2
Competitive,Gold,new-queen-street,Moira,SUPPORT,50.5,23.5
Competitive,Gold,new-queen-street,Orisa,TANK,49.8,11.9
Competitive,Gold,new-queen-street,Pharah,DAMAGE,47.1,3.8
Competitive,Gold,new-queen-street,Ramattra,TANK,49.2,6.3
Competitive,Gold,new-queen-street,Reaper,DAMAGE,51.0,11.9
Competitive,Gold,new-queen-street,Reinhardt,TANK,50.8,7.5
Competitive,Gold,new-queen-street,Roadhog,TANK,49.9,7.7
Competitive,Gold,new-queen-street,Sigma,TANK,50.8,11.3
Competitive,Gold,new-queen-street,Sojourn,DAMAGE,44.2,16.8
Competitive,Gold,new-queen-street,Soldier: 76,DAMAGE,53.3,22.7
Competitive,Gold,new-queen-street,Sombra,DAMAGE,52.2,4.4
Competitive,Gold,new-queen-street,Symmetra,DAMAGE,44.8,1.7
Competitive,Gold,new-queen-street,Torbjörn,DAMAGE,51.2,3.0
Competitive,Gold,new-queen-street,Tracer,DAMAGE,51.9,13.7
Competitive,Gold,new-queen-street,Vendetta,DAMAGE,48.1,3.6
Competitive,Gold,new-queen-street,Venture,DAMAGE,50.1,3.3
Competitive,Gold,new-queen-street,Widowmaker,DAMAGE,47.2,1.4
Competitive,Gold,new-queen-street,Winston,TANK,51.3,9.2
Competitive,Gold,new-queen-street,Wrecking Ball,TANK,53.2,3.8
Competitive,Gold,new-queen-street,Wuyang,SUPPORT,52.8,13.3
Competitive,Gold,new-queen-street,Zarya,TANK,45.9,7.8
Competitive,Gold,new-queen-street,Zenyatta,SUPPORT,53.0,9.1
Competitive,Gold,runasapi,Ana,SUPPORT,47.0,38.6
Competitive,Gold,runasapi,Anran,DAMAGE,52.8,13.4
Competitive,Gold,runasapi,Ashe,DAMAGE,51.4,10.0
Competitive,Gold,runasapi,Baptiste,SUPPORT,44.3,6.0
Competitive,Gold,runasapi,Bastion,DAMAGE,47.5,7.4
Competitive,Gold,runasapi,Brigitte,SUPPORT,44.0,3.6
Competitive,Gold,runasapi,Cassidy,DAMAGE,48.5,26.4
Competitive,Gold,runasapi,D.Va,TANK,50.7,7.0
Competitive,Gold,runasapi,Domina,TANK,50.1,9.2
Competitive,Gold,runasapi,Doomfist,TANK,48.1,5.8
Competitive,Gold,runasapi,Echo,DAMAGE,50.5,4.6
Competitive,Gold,runasapi,Emre,DAMAGE,50.6,23.4
Competitive,Gold,runasapi,Freja,DAMAGE,45.8,3.9
Competitive,Gold,runasapi,Genji,DAMAGE,51.7,12.3
Competitive,Gold,runasapi,Hanzo,DAMAGE,47.4,4.0
Competitive,Gold,runasapi,Hazard,TANK,53.3,3.0
Competitive,Gold,runasapi,Illari,SUPPORT,56.0,7.5
Competitive,Gold,runasapi,Jetpack Cat,SUPPORT,45.0,3.7
Competitive,Gold,runasapi,Junker Queen,TANK,56.5,4.0
Competitive,Gold,runasapi,Junkrat,DAMAGE,45.3,3.4
Competitive,Gold,runasapi,Juno,SUPPORT,50.4,13.6
Competitive,Gold,runasapi,Kiriko,SUPPORT,48.8,45.9
Competitive,Gold,runasapi,Lifeweaver,SUPPORT,48.1,3.7
Competitive,Gold,runasapi,Lúcio,SUPPORT,51.3,4.9
Competitive,Gold,runasapi,Mauga,TANK,46.6,4.5
Competitive,Gold,runasapi,Mei,DAMAGE,54.6,6.7
Competitive,Gold,runasapi,Mercy,SUPPORT,47.0,6.1
Competitive,Gold,runasapi,Mizuki,SUPPORT,53.3,20.8
Competitive,Gold,runasapi,Moira,SUPPORT,50.2,23.0
Competitive,Gold,runasapi,Orisa,TANK,46.2,11.8
Competitive,Gold,runasapi,Pharah,DAMAGE,51.5,4.0
Competitive,Gold,runasapi,Ramattra,TANK,44.2,6.6
Competitive,Gold,runasapi,Reaper,DAMAGE,51.2,12.2
Competitive,Gold,runasapi,Reinhardt,TANK,54.3,7.7
Competitive,Gold,runasapi,Roadhog,TANK,48.1,7.6
Competitive,Gold,runasapi,Sigma,TANK,55.6,11.9
Competitive,Gold,runasapi,Sojourn,DAMAGE,44.4,17.2
Competitive,Gold,runasapi,Soldier: 76,DAMAGE,51.1,20.4
Competitive,Gold,runasapi,Sombra,DAMAGE,51.5,4.6
Competitive,Gold,runasapi,Symmetra,DAMAGE,45.0,2.0
Competitive,Gold,runasapi,Torbjörn,DAMAGE,47.8,2.9
Competitive,Gold,runasapi,Tracer,DAMAGE,51.8,13.2
Competitive,Gold,runasapi,Vendetta,DAMAGE,55.3,3.3
Competitive,Gold,runasapi,Venture,DAMAGE,52.9,3.6
Competitive,Gold,runasapi,Widowmaker,DAMAGE,42.3,1.2
Competitive,Gold,runasapi,Winston,TANK,49.8,9.0
Competitive,Gold,runasapi,Wrecking Ball,TANK,55.0,4.1
Competitive,Gold,runasapi,Wuyang,SUPPORT,53.5,13.8
Competitive,Gold,runasapi,Zarya,TANK,44.9,7.8
Competitive,Gold,runasapi,Zenyatta,SUPPORT,53.8,8.8
Competitive,Gold,colosseo,Ana,SUPPORT,45.9,45.6
Competitive,Gold,colosseo,Anran,DAMAGE,52.9,12.1
Competitive,Gold,colosseo,Ashe,DAMAGE,51.5,14.0
Competitive,Gold,colosseo,Baptiste,SUPPORT,46.5,6.0
Competitive,Gold,colosseo,Bastion,DAMAGE,42.8,7.6
Competitive,Gold,colosseo,Brigitte,SUPPORT,48.1,3.0
Competitive,Gold,colosseo,Cassidy,DAMAGE,44.2,23.0
Competitive,Gold,colosseo,D.Va,TANK,45.6,6.6
Competitive,Gold,colosseo,Domina,TANK,50.4,9.2
Competitive,Gold,colosseo,Doomfist,TANK,53.7,6.1
Competitive,Gold,colosseo,Echo,DAMAGE,52.5,4.5
Competitive,Gold,colosseo,Emre,DAMAGE,50.8,23.3
Competitive,Gold,colosseo,Freja,DAMAGE,49.9,4.2
Competitive,Gold,colosseo,Genji,DAMAGE,51.9,12.8
Competitive,Gold,colosseo,Hanzo,DAMAGE,53.3,6.7
Competitive,Gold,colosseo,Hazard,TANK,53.7,2.5
Competitive,Gold,colosseo,Illari,SUPPORT,53.8,8.1
Competitive,Gold,colosseo,Jetpack Cat,SUPPORT,48.4,4.0
Competitive,Gold,colosseo,Junker Queen,TANK,55.1,3.7
Competitive,Gold,colosseo,Junkrat,DAMAGE,49.0,4.1
Competitive,Gold,colosseo,Juno,SUPPORT,50.1,11.4
Competitive,Gold,colosseo,Kiriko,SUPPORT,48.5,42.5
Competitive,Gold,colosseo,Lifeweaver,SUPPORT,43.8,3.9
Competitive,Gold,colosseo,Lúcio,SUPPORT,51.7,4.6
Competitive,Gold,colosseo,Mauga,TANK,52.0,4.1
Competitive,Gold,colosseo,Mei,DAMAGE,53.0,7.2
Competitive,Gold,colosseo,Mercy,SUPPORT,47.3,6.7
Competitive,Gold,colosseo,Mizuki,SUPPORT,54.0,18.7
Competitive,Gold,colosseo,Moira,SUPPORT,51.1,20.5
Competitive,Gold,colosseo,Orisa,TANK,45.4,12.2
Competitive,Gold,colosseo,Pharah,DAMAGE,48.5,4.2
Competitive,Gold,colosseo,Ramattra,TANK,46.8,6.6
Competitive,Gold,colosseo,Reaper,DAMAGE,51.2,12.1
Competitive,Gold,colosseo,Reinhardt,TANK,53.0,8.5
Competitive,Gold,colosseo,Roadhog,TANK,47.8,7.0
Competitive,Gold,colosseo,Sigma,TANK,52.0,12.9
Competitive,Gold,colosseo,Sojourn,DAMAGE,45.1,16.3
Competitive,Gold,colosseo,Soldier: 76,DAMAGE,51.1,17.6
Competitive,Gold,colosseo,Sombra,DAMAGE,53.4,4.3
Competitive,Gold,colosseo,Symmetra,DAMAGE,49.8,1.9
Competitive,Gold,colosseo,Torbjörn,DAMAGE,54.9,2.9
Competitive,Gold,colosseo,Tracer,DAMAGE,52.7,11.8
Competitive,Gold,colosseo,Vendetta,DAMAGE,54.9,3.6
Competitive,Gold,colosseo,Venture,DAMAGE,51.9,3.4
Competitive,Gold,colosseo,Widowmaker,DAMAGE,46.5,2.5
Competitive,Gold,colosseo,Winston,TANK,53.0,8.7
Competitive,Gold,colosseo,Wrecking Ball,TANK,56.2,3.6
Competitive,Gold,colosseo,Wuyang,SUPPORT,53.9,14.1
Competitive,Gold,colosseo,Zarya,TANK,45.0,8.3
Competitive,Gold,colosseo,Zenyatta,SUPPORT,53.8,10.8
Competitive,Platinum,all-maps,Ana,SUPPORT,49.5,53.8
Competitive,Platinum,all-maps,Anran,DAMAGE,51.5,9.2
Competitive,Platinum,all-maps,Ashe,DAMAGE,51.0,12.7
Competitive,Platinum,all-maps,Baptiste,SUPPORT,44.8,7.5
Competitive,Platinum,all-maps,Bastion,DAMAGE,46.4,5.9
Competitive,Platinum,all-maps,Brigitte,SUPPORT,46.2,3.7
Competitive,Platinum,all-maps,Cassidy,DAMAGE,46.1,25.9
Competitive,Platinum,all-maps,D.Va,TANK,48.6,8.3
Competitive,Platinum,all-maps,Domina,TANK,53.4,7.5
Competitive,Platinum,all-maps,Doomfist,TANK,50.8,7.2
Competitive,Platinum,all-maps,Echo,DAMAGE,52.3,6.1
Competitive,Platinum,all-maps,Emre,DAMAGE,51.4,20.8
Competitive,Platinum,all-maps,Freja,DAMAGE,47.6,4.6
Competitive,Platinum,all-maps,Genji,DAMAGE,51.5,15.9
Competitive,Platinum,all-maps,Hanzo,DAMAGE,49.4,7.3
Competitive,Platinum,all-maps,Hazard,TANK,52.5,3.0
Competitive,Platinum,all-maps,Illari,SUPPORT,53.7,11.6
Competitive,Platinum,all-maps,Jetpack Cat,SUPPORT,49.8,4.2
Competitive,Platinum,all-maps,Junker Queen,TANK,50.3,2.7
Competitive,Platinum,all-maps,Junkrat,DAMAGE,48.7,4.4
Competitive,Platinum,all-maps,Juno,SUPPORT,50.1,7.0
Competitive,Platinum,all-maps,Kiriko,SUPPORT,47.8,39.8
Competitive,Platinum,all-maps,Lifeweaver,SUPPORT,43.1,3.8
Competitive,Platinum,all-maps,Lúcio,SUPPORT,48.3,4.3
Competitive,Platinum,all-maps,Mauga,TANK,46.7,3.3
Competitive,Platinum,all-maps,Mei,DAMAGE,50.4,7.2
Competitive,Platinum,all-maps,Mercy,SUPPORT,49.4,7.0
Competitive,Platinum,all-maps,Mizuki,SUPPORT,51.9,15.9
Competitive,Platinum,all-maps,Moira,SUPPORT,47.8,14.3
Competitive,Platinum,all-maps,Orisa,TANK,46.0,9.7
Competitive,Platinum,all-maps,Pharah,DAMAGE,52.7,5.4
Competitive,Platinum,all-maps,Ramattra,TANK,45.7,4.7
Competitive,Platinum,all-maps,Reaper,DAMAGE,50.5,11.4
Competitive,Platinum,all-maps,Reinhardt,TANK,48.4,7.4
Competitive,Platinum,all-maps,Roadhog,TANK,47.2,7.9
Competitive,Platinum,all-maps,Sigma,TANK,53.1,13.2
Competitive,Platinum,all-maps,Sojourn,DAMAGE,45.4,14.1
Competitive,Platinum,all-maps,Soldier: 76,DAMAGE,48.1,14.4
Competitive,Platinum,all-maps,Sombra,DAMAGE,48.5,3.9
Competitive,Platinum,all-maps,Symmetra,DAMAGE,53.4,4.2
Competitive,Platinum,all-maps,Torbjörn,DAMAGE,48.8,3.6
Competitive,Platinum,all-maps,Tracer,DAMAGE,50.1,11.2
Competitive,Platinum,all-maps,Vendetta,DAMAGE,51.7,3.4
Competitive,Platinum,all-maps,Venture,DAMAGE,51.3,4.0
Competitive,Platinum,all-maps,Widowmaker,DAMAGE,50.7,4.4
Competitive,Platinum,all-maps,Winston,TANK,51.8,12.8
Competitive,Platinum,all-maps,Wrecking Ball,TANK,49.1,3.7
Competitive,Platinum,all-maps,Wuyang,SUPPORT,53.0,14.7
Competitive,Platinum,all-maps,Zarya,TANK,47.9,8.6
Competitive,Platinum,all-maps,Zenyatta,SUPPORT,51.7,12.3
Competitive,Platinum,ilios,Ana,SUPPORT,46.3,45.1
Competitive,Platinum,ilios,Anran,DAMAGE,52.7,11.0
Competitive,Platinum,ilios,Ashe,DAMAGE,48.7,6.6
Competitive,Platinum,ilios,Baptiste,SUPPORT,44.6,5.9
Competitive,Platinum,ilios,Bastion,DAMAGE,45.5,3.8
Competitive,Platinum,ilios,Brigitte,SUPPORT,49.2,5.7
Competitive,Platinum,ilios,Cassidy,DAMAGE,46.1,32.5
Competitive,Platinum,ilios,D.Va,TANK,46.1,9.8
Competitive,Platinum,ilios,Domina,TANK,51.8,6.3
Competitive,Platinum,ilios,Doomfist,TANK,51.0,8.1
Competitive,Platinum,ilios,Echo,DAMAGE,53.8,9.9
Competitive,Platinum,ilios,Emre,DAMAGE,51.1,17.2
Competitive,Platinum,ilios,Freja,DAMAGE,46.8,4.4
Competitive,Platinum,ilios,Genji,DAMAGE,53.1,16.6
Competitive,Platinum,ilios,Hanzo,DAMAGE,49.7,4.3
Competitive,Platinum,ilios,Hazard,TANK,53.9,3.7
Competitive,Platinum,ilios,Illari,SUPPORT,53.9,7.7
Competitive,Platinum,ilios,Jetpack Cat,SUPPORT,50.5,6.1
Competitive,Platinum,ilios,Junker Queen,TANK,52.2,3.3
Competitive,Platinum,ilios,Junkrat,DAMAGE,49.8,3.4
Competitive,Platinum,ilios,Juno,SUPPORT,49.7,7.4
Competitive,Platinum,ilios,Kiriko,SUPPORT,48.5,43.2
Competitive,Platinum,ilios,Lifeweaver,SUPPORT,45.7,3.9
Competitive,Platinum,ilios,Lúcio,SUPPORT,55.1,10.2
Competitive,Platinum,ilios,Mauga,TANK,47.4,3.4
Competitive,Platinum,ilios,Mei,DAMAGE,47.4,5.6
Competitive,Platinum,ilios,Mercy,SUPPORT,50.2,6.6
Competitive,Platinum,ilios,Mizuki,SUPPORT,53.9,19.5
Competitive,Platinum,ilios,Moira,SUPPORT,48.8,17.0
Competitive,Platinum,ilios,Orisa,TANK,46.9,10.7
Competitive,Platinum,ilios,Pharah,DAMAGE,55.5,9.1
Competitive,Platinum,ilios,Ramattra,TANK,44.8,3.1
Competitive,Platinum,ilios,Reaper,DAMAGE,52.8,14.1
Competitive,Platinum,ilios,Reinhardt,TANK,47.5,5.8
Competitive,Platinum,ilios,Roadhog,TANK,54.5,14.4
Competitive,Platinum,ilios,Sigma,TANK,50.4,6.3
Competitive,Platinum,ilios,Sojourn,DAMAGE,44.4,10.5
Competitive,Platinum,ilios,Soldier: 76,DAMAGE,46.7,12.6
Competitive,Platinum,ilios,Sombra,DAMAGE,52.4,4.5
Competitive,Platinum,ilios,Symmetra,DAMAGE,54.0,4.5
Competitive,Platinum,ilios,Torbjörn,DAMAGE,48.7,2.3
Competitive,Platinum,ilios,Tracer,DAMAGE,50.0,15.1
Competitive,Platinum,ilios,Vendetta,DAMAGE,50.6,4.4
Competitive,Platinum,ilios,Venture,DAMAGE,52.4,4.6
Competitive,Platinum,ilios,Widowmaker,DAMAGE,48.1,3.3
Competitive,Platinum,ilios,Winston,TANK,54.8,13.9
Competitive,Platinum,ilios,Wrecking Ball,TANK,45.8,4.2
Competitive,Platinum,ilios,Wuyang,SUPPORT,53.0,13.3
Competitive,Platinum,ilios,Zarya,TANK,45.1,6.9
Competitive,Platinum,ilios,Zenyatta,SUPPORT,50.8,8.3
Competitive,Platinum,nepal,Ana,SUPPORT,47.2,50.8
Competitive,Platinum,nepal,Anran,DAMAGE,51.0,11.9
Competitive,Platinum,nepal,Ashe,DAMAGE,50.0,6.4
Competitive,Platinum,nepal,Baptiste,SUPPORT,46.4,6.1
Competitive,Platinum,nepal,Bastion,DAMAGE,47.1,4.6
Competitive,Platinum,nepal,Brigitte,SUPPORT,48.0,4.0
Competitive,Platinum,nepal,Cassidy,DAMAGE,45.8,30.8
Competitive,Platinum,nepal,D.Va,TANK,46.5,6.0
Competitive,Platinum,nepal,Domina,TANK,53.2,7.6
Competitive,Platinum,nepal,Doomfist,TANK,49.9,8.8
Competitive,Platinum,nepal,Echo,DAMAGE,52.0,5.7
Competitive,Platinum,nepal,Emre,DAMAGE,50.9,19.4
Competitive,Platinum,nepal,Freja,DAMAGE,43.7,3.2
Competitive,Platinum,nepal,Genji,DAMAGE,50.4,17.1
Competitive,Platinum,nepal,Hanzo,DAMAGE,50.0,5.6
Competitive,Platinum,nepal,Hazard,TANK,53.8,3.3
Competitive,Platinum,nepal,Illari,SUPPORT,54.8,7.8
Competitive,Platinum,nepal,Jetpack Cat,SUPPORT,52.9,4.3
Competitive,Platinum,nepal,Junker Queen,TANK,52.1,3.4
Competitive,Platinum,nepal,Junkrat,DAMAGE,51.6,5.6
Competitive,Platinum,nepal,Juno,SUPPORT,51.2,7.1
Competitive,Platinum,nepal,Kiriko,SUPPORT,47.6,40.8
Competitive,Platinum,nepal,Lifeweaver,SUPPORT,42.8,3.1
Competitive,Platinum,nepal,Lúcio,SUPPORT,50.5,6.4
Competitive,Platinum,nepal,Mauga,TANK,49.2,3.8
Competitive,Platinum,nepal,Mei,DAMAGE,52.4,6.7
Competitive,Platinum,nepal,Mercy,SUPPORT,47.9,6.0
Competitive,Platinum,nepal,Mizuki,SUPPORT,53.3,19.7
Competitive,Platinum,nepal,Moira,SUPPORT,49.5,17.2
Competitive,Platinum,nepal,Orisa,TANK,48.7,11.2
Competitive,Platinum,nepal,Pharah,DAMAGE,52.8,6.1
Competitive,Platinum,nepal,Ramattra,TANK,48.4,5.0
Competitive,Platinum,nepal,Reaper,DAMAGE,54.6,12.3
Competitive,Platinum,nepal,Reinhardt,TANK,50.7,9.3
Competitive,Platinum,nepal,Roadhog,TANK,50.0,9.7
Competitive,Platinum,nepal,Sigma,TANK,52.8,9.2
Competitive,Platinum,nepal,Sojourn,DAMAGE,47.3,14.7
Competitive,Platinum,nepal,Soldier: 76,DAMAGE,48.8,14.0
Competitive,Platinum,nepal,Sombra,DAMAGE,47.4,3.6
Competitive,Platinum,nepal,Symmetra,DAMAGE,59.3,7.5
Competitive,Platinum,nepal,Torbjörn,DAMAGE,51.3,2.2
Competitive,Platinum,nepal,Tracer,DAMAGE,49.6,13.1
Competitive,Platinum,nepal,Vendetta,DAMAGE,49.6,4.1
Competitive,Platinum,nepal,Venture,DAMAGE,50.4,4.5
Competitive,Platinum,nepal,Widowmaker,DAMAGE,35.1,0.8
Competitive,Platinum,nepal,Winston,TANK,50.4,9.0
Competitive,Platinum,nepal,Wrecking Ball,TANK,46.4,3.6
Competitive,Platinum,nepal,Wuyang,SUPPORT,53.6,16.0
Competitive,Platinum,nepal,Zarya,TANK,48.1,10.0
Competitive,Platinum,nepal,Zenyatta,SUPPORT,52.6,10.6
Competitive,Platinum,lijiang-tower,Ana,SUPPORT,46.4,50.0
Competitive,Platinum,lijiang-tower,Anran,DAMAGE,50.4,11.1
Competitive,Platinum,lijiang-tower,Ashe,DAMAGE,45.1,5.2
Competitive,Platinum,lijiang-tower,Baptiste,SUPPORT,44.8,5.9
Competitive,Platinum,lijiang-tower,Bastion,DAMAGE,47.2,5.1
Competitive,Platinum,lijiang-tower,Brigitte,SUPPORT,46.5,4.4
Competitive,Platinum,lijiang-tower,Cassidy,DAMAGE,45.5,31.9
Competitive,Platinum,lijiang-tower,D.Va,TANK,46.8,6.1
Competitive,Platinum,lijiang-tower,Domina,TANK,55.2,7.4
Competitive,Platinum,lijiang-tower,Doomfist,TANK,50.4,9.1
Competitive,Platinum,lijiang-tower,Echo,DAMAGE,49.7,6.1
Competitive,Platinum,lijiang-tower,Emre,DAMAGE,50.1,17.3
Competitive,Platinum,lijiang-tower,Freja,DAMAGE,47.5,3.3
Competitive,Platinum,lijiang-tower,Genji,DAMAGE,51.4,15.0
Competitive,Platinum,lijiang-tower,Hanzo,DAMAGE,47.4,5.5
Competitive,Platinum,lijiang-tower,Hazard,TANK,53.9,2.8
Competitive,Platinum,lijiang-tower,Illari,SUPPORT,54.3,7.4
Competitive,Platinum,lijiang-tower,Jetpack Cat,SUPPORT,51.1,5.0
Competitive,Platinum,lijiang-tower,Junker Queen,TANK,51.2,3.6
Competitive,Platinum,lijiang-tower,Junkrat,DAMAGE,51.5,6.8
Competitive,Platinum,lijiang-tower,Juno,SUPPORT,51.3,6.6
Competitive,Platinum,lijiang-tower,Kiriko,SUPPORT,49.2,39.5
Competitive,Platinum,lijiang-tower,Lifeweaver,SUPPORT,39.0,2.9
Competitive,Platinum,lijiang-tower,Lúcio,SUPPORT,53.5,9.6
Competitive,Platinum,lijiang-tower,Mauga,TANK,46.0,3.7
Competitive,Platinum,lijiang-tower,Mei,DAMAGE,51.3,6.5
Competitive,Platinum,lijiang-tower,Mercy,SUPPORT,47.9,5.9
Competitive,Platinum,lijiang-tower,Mizuki,SUPPORT,54.0,20.3
Competitive,Platinum,lijiang-tower,Moira,SUPPORT,51.3,17.4
Competitive,Platinum,lijiang-tower,Orisa,TANK,48.2,11.9
Competitive,Platinum,lijiang-tower,Pharah,DAMAGE,57.6,11.1
Competitive,Platinum,lijiang-tower,Ramattra,TANK,48.0,5.0
Competitive,Platinum,lijiang-tower,Reaper,DAMAGE,52.7,11.5
Competitive,Platinum,lijiang-tower,Reinhardt,TANK,52.4,10.2
Competitive,Platinum,lijiang-tower,Roadhog,TANK,49.1,8.7
Competitive,Platinum,lijiang-tower,Sigma,TANK,50.1,7.5
Competitive,Platinum,lijiang-tower,Sojourn,DAMAGE,45.5,13.0
Competitive,Platinum,lijiang-tower,Soldier: 76,DAMAGE,47.4,13.0
Competitive,Platinum,lijiang-tower,Sombra,DAMAGE,47.2,3.5
Competitive,Platinum,lijiang-tower,Symmetra,DAMAGE,61.9,8.9
Competitive,Platinum,lijiang-tower,Torbjörn,DAMAGE,51.5,2.1
Competitive,Platinum,lijiang-tower,Tracer,DAMAGE,50.3,13.9
Competitive,Platinum,lijiang-tower,Vendetta,DAMAGE,52.2,4.1
Competitive,Platinum,lijiang-tower,Venture,DAMAGE,52.3,4.4
Competitive,Platinum,lijiang-tower,Widowmaker,DAMAGE,34.4,0.9
Competitive,Platinum,lijiang-tower,Winston,TANK,50.5,8.8
Competitive,Platinum,lijiang-tower,Wrecking Ball,TANK,51.0,4.9
Competitive,Platinum,lijiang-tower,Wuyang,SUPPORT,51.2,15.0
Competitive,Platinum,lijiang-tower,Zarya,TANK,48.6,10.5
Competitive,Platinum,lijiang-tower,Zenyatta,SUPPORT,51.0,10.0
Competitive,Platinum,oasis,Ana,SUPPORT,47.3,47.2
Competitive,Platinum,oasis,Anran,DAMAGE,50.9,11.8
Competitive,Platinum,oasis,Ashe,DAMAGE,47.8,5.2
Competitive,Platinum,oasis,Baptiste,SUPPORT,46.1,6.3
Competitive,Platinum,oasis,Bastion,DAMAGE,46.9,4.6
Competitive,Platinum,oasis,Brigitte,SUPPORT,47.5,5.0
Competitive,Platinum,oasis,Cassidy,DAMAGE,48.9,36.9
Competitive,Platinum,oasis,D.Va,TANK,47.3,8.0
Competitive,Platinum,oasis,Domina,TANK,51.0,7.0
Competitive,Platinum,oasis,Doomfist,TANK,48.6,8.3
Competitive,Platinum,oasis,Echo,DAMAGE,52.7,5.7
Competitive,Platinum,oasis,Emre,DAMAGE,51.5,17.5
Competitive,Platinum,oasis,Freja,DAMAGE,46.2,3.2
Competitive,Platinum,oasis,Genji,DAMAGE,50.2,15.9
Competitive,Platinum,oasis,Hanzo,DAMAGE,46.8,4.8
Competitive,Platinum,oasis,Hazard,TANK,56.6,3.6
Competitive,Platinum,oasis,Illari,SUPPORT,55.5,8.1
Competitive,Platinum,oasis,Jetpack Cat,SUPPORT,52.2,4.5
Competitive,Platinum,oasis,Junker Queen,TANK,53.3,3.9
Competitive,Platinum,oasis,Junkrat,DAMAGE,46.6,3.3
Competitive,Platinum,oasis,Juno,SUPPORT,50.4,6.8
Competitive,Platinum,oasis,Kiriko,SUPPORT,48.9,43.1
Competitive,Platinum,oasis,Lifeweaver,SUPPORT,41.2,3.2
Competitive,Platinum,oasis,Lúcio,SUPPORT,47.9,6.0
Competitive,Platinum,oasis,Mauga,TANK,45.4,4.0
Competitive,Platinum,oasis,Mei,DAMAGE,50.9,6.5
Competitive,Platinum,oasis,Mercy,SUPPORT,48.3,6.0
Competitive,Platinum,oasis,Mizuki,SUPPORT,51.8,21.0
Competitive,Platinum,oasis,Moira,SUPPORT,51.4,18.4
Competitive,Platinum,oasis,Orisa,TANK,48.4,10.2
Competitive,Platinum,oasis,Pharah,DAMAGE,55.3,5.5
Competitive,Platinum,oasis,Ramattra,TANK,47.8,4.4
Competitive,Platinum,oasis,Reaper,DAMAGE,51.8,13.6
Competitive,Platinum,oasis,Reinhardt,TANK,48.3,7.2
Competitive,Platinum,oasis,Roadhog,TANK,51.0,9.3
Competitive,Platinum,oasis,Sigma,TANK,50.2,8.1
Competitive,Platinum,oasis,Sojourn,DAMAGE,43.8,13.3
Competitive,Platinum,oasis,Soldier: 76,DAMAGE,50.7,14.4
Competitive,Platinum,oasis,Sombra,DAMAGE,50.4,4.4
Competitive,Platinum,oasis,Symmetra,DAMAGE,54.8,4.0
Competitive,Platinum,oasis,Torbjörn,DAMAGE,53.0,2.7
Competitive,Platinum,oasis,Tracer,DAMAGE,50.4,17.2
Competitive,Platinum,oasis,Vendetta,DAMAGE,53.0,4.2
Competitive,Platinum,oasis,Venture,DAMAGE,52.7,4.6
Competitive,Platinum,oasis,Widowmaker,DAMAGE,39.1,0.7
Competitive,Platinum,oasis,Winston,TANK,53.8,12.4
Competitive,Platinum,oasis,Wrecking Ball,TANK,49.4,4.3
Competitive,Platinum,oasis,Wuyang,SUPPORT,53.9,14.6
Competitive,Platinum,oasis,Zarya,TANK,49.0,9.3
Competitive,Platinum,oasis,Zenyatta,SUPPORT,51.7,9.7
Competitive,Platinum,samoa,Ana,SUPPORT,47.5,46.4
Competitive,Platinum,samoa,Anran,DAMAGE,50.5,12.7
Competitive,Platinum,samoa,Ashe,DAMAGE,47.9,6.9
Competitive,Platinum,samoa,Baptiste,SUPPORT,46.9,6.5
Competitive,Platinum,samoa,Bastion,DAMAGE,47.7,5.3
Competitive,Platinum,samoa,Brigitte,SUPPORT,49.3,5.0
Competitive,Platinum,samoa,Cassidy,DAMAGE,47.8,33.3
Competitive,Platinum,samoa,D.Va,TANK,44.7,6.2
Competitive,Platinum,samoa,Domina,TANK,55.0,8.3
Competitive,Platinum,samoa,Doomfist,TANK,48.8,7.3
Competitive,Platinum,samoa,Echo,DAMAGE,53.3,4.7
Competitive,Platinum,samoa,Emre,DAMAGE,53.5,20.2
Competitive,Platinum,samoa,Freja,DAMAGE,45.7,3.1
Competitive,Platinum,samoa,Genji,DAMAGE,50.5,13.9
Competitive,Platinum,samoa,Hanzo,DAMAGE,46.3,4.8
Competitive,Platinum,samoa,Hazard,TANK,51.6,3.3
Competitive,Platinum,samoa,Illari,SUPPORT,53.5,8.3
Competitive,Platinum,samoa,Jetpack Cat,SUPPORT,49.7,3.6
Competitive,Platinum,samoa,Junker Queen,TANK,53.9,4.0
Competitive,Platinum,samoa,Junkrat,DAMAGE,51.5,3.5
Competitive,Platinum,samoa,Juno,SUPPORT,52.2,7.4
Competitive,Platinum,samoa,Kiriko,SUPPORT,48.3,43.0
Competitive,Platinum,samoa,Lifeweaver,SUPPORT,41.4,3.1
Competitive,Platinum,samoa,Lúcio,SUPPORT,50.4,5.1
Competitive,Platinum,samoa,Mauga,TANK,48.2,4.9
Competitive,Platinum,samoa,Mei,DAMAGE,51.2,6.7
Competitive,Platinum,samoa,Mercy,SUPPORT,48.9,4.6
Competitive,Platinum,samoa,Mizuki,SUPPORT,52.8,20.6
Competitive,Platinum,samoa,Moira,SUPPORT,50.8,20.0
Competitive,Platinum,samoa,Orisa,TANK,47.7,10.9
Competitive,Platinum,samoa,Pharah,DAMAGE,47.6,4.1
Competitive,Platinum,samoa,Ramattra,TANK,50.8,5.8
Competitive,Platinum,samoa,Reaper,DAMAGE,52.8,13.4
Competitive,Platinum,samoa,Reinhardt,TANK,51.0,7.6
Competitive,Platinum,samoa,Roadhog,TANK,49.5,8.2
Competitive,Platinum,samoa,Sigma,TANK,52.7,10.0
Competitive,Platinum,samoa,Sojourn,DAMAGE,46.7,16.3
Competitive,Platinum,samoa,Soldier: 76,DAMAGE,50.2,12.8
Competitive,Platinum,samoa,Sombra,DAMAGE,46.4,4.1
Competitive,Platinum,samoa,Symmetra,DAMAGE,55.8,4.8
Competitive,Platinum,samoa,Torbjörn,DAMAGE,53.3,3.2
Competitive,Platinum,samoa,Tracer,DAMAGE,50.7,17.7
Competitive,Platinum,samoa,Vendetta,DAMAGE,50.0,3.6
Competitive,Platinum,samoa,Venture,DAMAGE,51.9,4.4
Competitive,Platinum,samoa,Widowmaker,DAMAGE,30.1,0.6
Competitive,Platinum,samoa,Winston,TANK,51.6,10.2
Competitive,Platinum,samoa,Wrecking Ball,TANK,46.2,3.9
Competitive,Platinum,samoa,Wuyang,SUPPORT,52.1,16.1
Competitive,Platinum,samoa,Zarya,TANK,47.9,9.4
Competitive,Platinum,samoa,Zenyatta,SUPPORT,51.8,10.2
Competitive,Platinum,busan,Ana,SUPPORT,47.6,50.9
Competitive,Platinum,busan,Anran,DAMAGE,49.9,11.1
Competitive,Platinum,busan,Ashe,DAMAGE,51.9,9.7
Competitive,Platinum,busan,Baptiste,SUPPORT,47.4,6.2
Competitive,Platinum,busan,Bastion,DAMAGE,45.3,4.7
Competitive,Platinum,busan,Brigitte,SUPPORT,48.0,4.7
Competitive,Platinum,busan,Cassidy,DAMAGE,47.6,30.9
Competitive,Platinum,busan,D.Va,TANK,49.3,8.5
Competitive,Platinum,busan,Domina,TANK,52.8,6.9
Competitive,Platinum,busan,Doomfist,TANK,49.4,7.4
Competitive,Platinum,busan,Echo,DAMAGE,50.6,4.3
Competitive,Platinum,busan,Emre,DAMAGE,54.4,20.4
Competitive,Platinum,busan,Freja,DAMAGE,48.0,3.6
Competitive,Platinum,busan,Genji,DAMAGE,50.7,16.3
Competitive,Platinum,busan,Hanzo,DAMAGE,46.5,5.0
Competitive,Platinum,busan,Hazard,TANK,53.4,3.6
Competitive,Platinum,busan,Illari,SUPPORT,55.3,7.8
Competitive,Platinum,busan,Jetpack Cat,SUPPORT,51.6,4.2
Competitive,Platinum,busan,Junker Queen,TANK,49.1,3.5
Competitive,Platinum,busan,Junkrat,DAMAGE,47.0,3.5
Competitive,Platinum,busan,Juno,SUPPORT,51.1,7.2
Competitive,Platinum,busan,Kiriko,SUPPORT,48.6,42.9
Competitive,Platinum,busan,Lifeweaver,SUPPORT,44.8,3.0
Competitive,Platinum,busan,Lúcio,SUPPORT,45.9,4.8
Competitive,Platinum,busan,Mauga,TANK,48.3,3.9
Competitive,Platinum,busan,Mei,DAMAGE,50.3,6.4
Competitive,Platinum,busan,Mercy,SUPPORT,47.6,5.7
Competitive,Platinum,busan,Mizuki,SUPPORT,52.2,19.1
Competitive,Platinum,busan,Moira,SUPPORT,50.7,18.1
Competitive,Platinum,busan,Orisa,TANK,48.1,9.9
Competitive,Platinum,busan,Pharah,DAMAGE,46.8,3.1
Competitive,Platinum,busan,Ramattra,TANK,47.5,4.5
Competitive,Platinum,busan,Reaper,DAMAGE,50.2,12.3
Competitive,Platinum,busan,Reinhardt,TANK,49.3,7.6
Competitive,Platinum,busan,Roadhog,TANK,47.3,7.8
Competitive,Platinum,busan,Sigma,TANK,51.6,8.9
Competitive,Platinum,busan,Sojourn,DAMAGE,46.6,13.5
Competitive,Platinum,busan,Soldier: 76,DAMAGE,51.0,16.7
Competitive,Platinum,busan,Sombra,DAMAGE,50.1,4.6
Competitive,Platinum,busan,Symmetra,DAMAGE,54.4,3.5
Competitive,Platinum,busan,Torbjörn,DAMAGE,54.7,2.9
Competitive,Platinum,busan,Tracer,DAMAGE,50.7,16.1
Competitive,Platinum,busan,Vendetta,DAMAGE,49.2,3.6
Competitive,Platinum,busan,Venture,DAMAGE,52.0,4.1
Competitive,Platinum,busan,Widowmaker,DAMAGE,49.1,3.6
Competitive,Platinum,busan,Winston,TANK,53.5,14.1
Competitive,Platinum,busan,Wrecking Ball,TANK,49.4,4.5
Competitive,Platinum,busan,Wuyang,SUPPORT,54.0,15.2
Competitive,Platinum,busan,Zarya,TANK,48.6,8.8
Competitive,Platinum,busan,Zenyatta,SUPPORT,50.8,10.2
Competitive,Platinum,route-66,Ana,SUPPORT,51.2,57.3
Competitive,Platinum,route-66,Anran,DAMAGE,54.0,7.6
Competitive,Platinum,route-66,Ashe,DAMAGE,51.6,18.1
Competitive,Platinum,route-66,Baptiste,SUPPORT,46.5,8.2
Competitive,Platinum,route-66,Bastion,DAMAGE,45.6,6.5
Competitive,Platinum,route-66,Brigitte,SUPPORT,45.8,3.7
Competitive,Platinum,route-66,Cassidy,DAMAGE,45.8,23.1
Competitive,Platinum,route-66,D.Va,TANK,48.6,11.3
Competitive,Platinum,route-66,Domina,TANK,54.0,6.7
Competitive,Platinum,route-66,Doomfist,TANK,53.3,6.0
Competitive,Platinum,route-66,Echo,DAMAGE,53.5,6.1
Competitive,Platinum,route-66,Emre,DAMAGE,53.1,21.8
Competitive,Platinum,route-66,Freja,DAMAGE,50.7,6.2
Competitive,Platinum,route-66,Genji,DAMAGE,53.3,17.4
Competitive,Platinum,route-66,Hanzo,DAMAGE,49.4,7.8
Competitive,Platinum,route-66,Hazard,TANK,55.6,3.4
Competitive,Platinum,route-66,Illari,SUPPORT,53.9,14.5
Competitive,Platinum,route-66,Jetpack Cat,SUPPORT,50.0,4.3
Competitive,Platinum,route-66,Junker Queen,TANK,45.0,1.8
Competitive,Platinum,route-66,Junkrat,DAMAGE,47.7,3.4
Competitive,Platinum,route-66,Juno,SUPPORT,49.1,7.2
Competitive,Platinum,route-66,Kiriko,SUPPORT,49.1,38.3
Competitive,Platinum,route-66,Lifeweaver,SUPPORT,45.2,4.4
Competitive,Platinum,route-66,Lúcio,SUPPORT,42.7,2.6
Competitive,Platinum,route-66,Mauga,TANK,46.1,2.8
Competitive,Platinum,route-66,Mei,DAMAGE,48.9,6.5
Competitive,Platinum,route-66,Mercy,SUPPORT,50.9,9.0
Competitive,Platinum,route-66,Mizuki,SUPPORT,50.6,12.8
Competitive,Platinum,route-66,Moira,SUPPORT,44.2,11.2
Competitive,Platinum,route-66,Orisa,TANK,43.6,7.9
Competitive,Platinum,route-66,Pharah,DAMAGE,50.5,3.9
Competitive,Platinum,route-66,Ramattra,TANK,45.7,3.6
Competitive,Platinum,route-66,Reaper,DAMAGE,47.9,12.3
Competitive,Platinum,route-66,Reinhardt,TANK,43.9,5.4
Competitive,Platinum,route-66,Roadhog,TANK,46.4,7.7
Competitive,Platinum,route-66,Sigma,TANK,52.4,15.1
Competitive,Platinum,route-66,Sojourn,DAMAGE,45.8,13.2
Competitive,Platinum,route-66,Soldier: 76,DAMAGE,49.0,15.4
Competitive,Platinum,route-66,Sombra,DAMAGE,48.6,3.8
Competitive,Platinum,route-66,Symmetra,DAMAGE,50.7,2.5
Competitive,Platinum,route-66,Torbjörn,DAMAGE,49.0,3.8
Competitive,Platinum,route-66,Tracer,DAMAGE,51.1,7.6
Competitive,Platinum,route-66,Vendetta,DAMAGE,50.6,3.0
Competitive,Platinum,route-66,Venture,DAMAGE,53.7,4.2
Competitive,Platinum,route-66,Widowmaker,DAMAGE,51.6,5.7
Competitive,Platinum,route-66,Winston,TANK,54.6,17.6
Competitive,Platinum,route-66,Wrecking Ball,TANK,51.4,3.8
Competitive,Platinum,route-66,Wuyang,SUPPORT,54.7,14.1
Competitive,Platinum,route-66,Zarya,TANK,47.7,6.9
Competitive,Platinum,route-66,Zenyatta,SUPPORT,51.5,12.4
Competitive,Platinum,havana,Ana,SUPPORT,53.3,62.0
Competitive,Platinum,havana,Anran,DAMAGE,51.4,6.2
Competitive,Platinum,havana,Ashe,DAMAGE,52.7,19.9
Competitive,Platinum,havana,Baptiste,SUPPORT,45.3,7.8
Competitive,Platinum,havana,Bastion,DAMAGE,44.7,6.5
Competitive,Platinum,havana,Brigitte,SUPPORT,43.1,2.1
Competitive,Platinum,havana,Cassidy,DAMAGE,46.6,18.0
Competitive,Platinum,havana,D.Va,TANK,47.5,7.3
Competitive,Platinum,havana,Domina,TANK,57.0,8.8
Competitive,Platinum,havana,Doomfist,TANK,51.9,5.9
Competitive,Platinum,havana,Echo,DAMAGE,46.6,3.4
Competitive,Platinum,havana,Emre,DAMAGE,54.3,22.7
Competitive,Platinum,havana,Freja,DAMAGE,46.6,5.7
Competitive,Platinum,havana,Genji,DAMAGE,51.8,15.8
Competitive,Platinum,havana,Hanzo,DAMAGE,52.1,11.5
Competitive,Platinum,havana,Hazard,TANK,42.4,1.8
Competitive,Platinum,havana,Illari,SUPPORT,53.9,15.2
Competitive,Platinum,havana,Jetpack Cat,SUPPORT,51.4,3.5
Competitive,Platinum,havana,Junker Queen,TANK,44.0,1.9
Competitive,Platinum,havana,Junkrat,DAMAGE,47.2,3.2
Competitive,Platinum,havana,Juno,SUPPORT,47.4,5.9
Competitive,Platinum,havana,Kiriko,SUPPORT,46.5,36.7
Competitive,Platinum,havana,Lifeweaver,SUPPORT,45.0,4.3
Competitive,Platinum,havana,Lúcio,SUPPORT,41.7,2.1
Competitive,Platinum,havana,Mauga,TANK,47.4,2.8
Competitive,Platinum,havana,Mei,DAMAGE,48.9,7.6
Competitive,Platinum,havana,Mercy,SUPPORT,49.8,8.0
Competitive,Platinum,havana,Mizuki,SUPPORT,48.3,11.0
Competitive,Platinum,havana,Moira,SUPPORT,44.8,9.9
Competitive,Platinum,havana,Orisa,TANK,45.8,9.1
Competitive,Platinum,havana,Pharah,DAMAGE,49.7,2.5
Competitive,Platinum,havana,Ramattra,TANK,46.3,4.8
Competitive,Platinum,havana,Reaper,DAMAGE,47.1,8.9
Competitive,Platinum,havana,Reinhardt,TANK,45.1,6.7
Competitive,Platinum,havana,Roadhog,TANK,45.0,6.5
Competitive,Platinum,havana,Sigma,TANK,57.8,21.5
Competitive,Platinum,havana,Sojourn,DAMAGE,46.7,15.1
Competitive,Platinum,havana,Soldier: 76,DAMAGE,48.1,14.6
Competitive,Platinum,havana,Sombra,DAMAGE,49.8,4.0
Competitive,Platinum,havana,Symmetra,DAMAGE,46.4,2.6
Competitive,Platinum,havana,Torbjörn,DAMAGE,49.9,4.1
Competitive,Platinum,havana,Tracer,DAMAGE,48.5,7.3
Competitive,Platinum,havana,Vendetta,DAMAGE,54.7,2.7
Competitive,Platinum,havana,Venture,DAMAGE,49.4,3.2
Competitive,Platinum,havana,Widowmaker,DAMAGE,55.6,14.4
Competitive,Platinum,havana,Winston,TANK,49.7,12.6
Competitive,Platinum,havana,Wrecking Ball,TANK,47.5,2.8
Competitive,Platinum,havana,Wuyang,SUPPORT,54.1,14.0
Competitive,Platinum,havana,Zarya,TANK,47.7,7.3
Competitive,Platinum,havana,Zenyatta,SUPPORT,55.2,17.5
Competitive,Platinum,junkertown,Ana,SUPPORT,52.0,59.9
Competitive,Platinum,junkertown,Anran,DAMAGE,55.7,6.8
Competitive,Platinum,junkertown,Ashe,DAMAGE,54.2,19.3
Competitive,Platinum,junkertown,Baptiste,SUPPORT,44.9,7.9
Competitive,Platinum,junkertown,Bastion,DAMAGE,47.8,6.5
Competitive,Platinum,junkertown,Brigitte,SUPPORT,45.4,3.0
Competitive,Platinum,junkertown,Cassidy,DAMAGE,47.8,21.8
Competitive,Platinum,junkertown,D.Va,TANK,50.9,8.8
Competitive,Platinum,junkertown,Domina,TANK,53.4,6.9
Competitive,Platinum,junkertown,Doomfist,TANK,52.4,6.3
Competitive,Platinum,junkertown,Echo,DAMAGE,48.7,4.0
Competitive,Platinum,junkertown,Emre,DAMAGE,50.4,22.6
Competitive,Platinum,junkertown,Freja,DAMAGE,49.4,5.7
Competitive,Platinum,junkertown,Genji,DAMAGE,51.0,16.2
Competitive,Platinum,junkertown,Hanzo,DAMAGE,47.7,8.7
Competitive,Platinum,junkertown,Hazard,TANK,50.8,2.8
Competitive,Platinum,junkertown,Illari,SUPPORT,55.9,14.2
Competitive,Platinum,junkertown,Jetpack Cat,SUPPORT,51.1,3.9
Competitive,Platinum,junkertown,Junker Queen,TANK,42.2,1.9
Competitive,Platinum,junkertown,Junkrat,DAMAGE,45.5,2.9
Competitive,Platinum,junkertown,Juno,SUPPORT,51.7,6.7
Competitive,Platinum,junkertown,Kiriko,SUPPORT,47.3,38.0
Competitive,Platinum,junkertown,Lifeweaver,SUPPORT,47.1,4.7
Competitive,Platinum,junkertown,Lúcio,SUPPORT,37.8,2.2
Competitive,Platinum,junkertown,Mauga,TANK,43.1,3.1
Competitive,Platinum,junkertown,Mei,DAMAGE,48.7,6.4
Competitive,Platinum,junkertown,Mercy,SUPPORT,49.5,8.1
Competitive,Platinum,junkertown,Mizuki,SUPPORT,50.6,11.9
Competitive,Platinum,junkertown,Moira,SUPPORT,43.4,11.0
Competitive,Platinum,junkertown,Orisa,TANK,44.9,8.5
Competitive,Platinum,junkertown,Pharah,DAMAGE,52.1,2.9
Competitive,Platinum,junkertown,Ramattra,TANK,41.1,3.6
Competitive,Platinum,junkertown,Reaper,DAMAGE,49.0,10.6
Competitive,Platinum,junkertown,Reinhardt,TANK,45.9,6.1
Competitive,Platinum,junkertown,Roadhog,TANK,48.6,7.8
Competitive,Platinum,junkertown,Sigma,TANK,56.7,18.4
Competitive,Platinum,junkertown,Sojourn,DAMAGE,44.5,13.6
Competitive,Platinum,junkertown,Soldier: 76,DAMAGE,49.5,16.7
Competitive,Platinum,junkertown,Sombra,DAMAGE,51.5,4.4
Competitive,Platinum,junkertown,Symmetra,DAMAGE,47.9,2.3
Competitive,Platinum,junkertown,Torbjörn,DAMAGE,46.4,3.9
Competitive,Platinum,junkertown,Tracer,DAMAGE,49.4,8.1
Competitive,Platinum,junkertown,Vendetta,DAMAGE,51.1,2.6
Competitive,Platinum,junkertown,Venture,DAMAGE,53.3,3.4
Competitive,Platinum,junkertown,Widowmaker,DAMAGE,56.1,10.6
Competitive,Platinum,junkertown,Winston,TANK,51.6,15.0
Competitive,Platinum,junkertown,Wrecking Ball,TANK,52.1,4.2
Competitive,Platinum,junkertown,Wuyang,SUPPORT,53.3,14.3
Competitive,Platinum,junkertown,Zarya,TANK,44.9,6.6
Competitive,Platinum,junkertown,Zenyatta,SUPPORT,53.8,14.2
Competitive,Platinum,dorado,Ana,SUPPORT,51.6,54.9
Competitive,Platinum,dorado,Anran,DAMAGE,53.5,7.7
Competitive,Platinum,dorado,Ashe,DAMAGE,54.2,15.4
Competitive,Platinum,dorado,Baptiste,SUPPORT,42.7,8.1
Competitive,Platinum,dorado,Bastion,DAMAGE,46.9,5.4
Competitive,Platinum,dorado,Brigitte,SUPPORT,43.8,4.7
Competitive,Platinum,dorado,Cassidy,DAMAGE,45.2,24.3
Competitive,Platinum,dorado,D.Va,TANK,51.2,14.4
Competitive,Platinum,dorado,Domina,TANK,49.4,5.9
Competitive,Platinum,dorado,Doomfist,TANK,53.3,7.5
Competitive,Platinum,dorado,Echo,DAMAGE,55.5,9.4
Competitive,Platinum,dorado,Emre,DAMAGE,51.9,21.1
Competitive,Platinum,dorado,Freja,DAMAGE,46.3,5.6
Competitive,Platinum,dorado,Genji,DAMAGE,53.1,19.6
Competitive,Platinum,dorado,Hanzo,DAMAGE,49.8,6.4
Competitive,Platinum,dorado,Hazard,TANK,54.5,4.0
Competitive,Platinum,dorado,Illari,SUPPORT,53.2,13.3
Competitive,Platinum,dorado,Jetpack Cat,SUPPORT,51.0,4.9
Competitive,Platinum,dorado,Junker Queen,TANK,50.0,1.6
Competitive,Platinum,dorado,Junkrat,DAMAGE,44.0,4.1
Competitive,Platinum,dorado,Juno,SUPPORT,50.3,6.9
Competitive,Platinum,dorado,Kiriko,SUPPORT,49.3,43.4
Competitive,Platinum,dorado,Lifeweaver,SUPPORT,46.4,4.8
Competitive,Platinum,dorado,Lúcio,SUPPORT,44.3,2.7
Competitive,Platinum,dorado,Mauga,TANK,48.1,2.6
Competitive,Platinum,dorado,Mei,DAMAGE,49.0,6.2
Competitive,Platinum,dorado,Mercy,SUPPORT,52.1,8.6
Competitive,Platinum,dorado,Mizuki,SUPPORT,50.6,12.2
Competitive,Platinum,dorado,Moira,SUPPORT,45.8,12.1
Competitive,Platinum,dorado,Orisa,TANK,43.3,7.0
Competitive,Platinum,dorado,Pharah,DAMAGE,53.0,5.3
Competitive,Platinum,dorado,Ramattra,TANK,43.3,2.8
Competitive,Platinum,dorado,Reaper,DAMAGE,50.0,14.6
Competitive,Platinum,dorado,Reinhardt,TANK,45.0,5.0
Competitive,Platinum,dorado,Roadhog,TANK,44.4,7.1
Competitive,Platinum,dorado,Sigma,TANK,49.2,11.4
Competitive,Platinum,dorado,Sojourn,DAMAGE,43.6,10.5
Competitive,Platinum,dorado,Soldier: 76,DAMAGE,49.8,15.7
Competitive,Platinum,dorado,Sombra,DAMAGE,47.2,3.9
Competitive,Platinum,dorado,Symmetra,DAMAGE,48.7,3.7
Competitive,Platinum,dorado,Torbjörn,DAMAGE,48.9,3.4
Competitive,Platinum,dorado,Tracer,DAMAGE,49.7,7.5
Competitive,Platinum,dorado,Vendetta,DAMAGE,53.7,3.6
Competitive,Platinum,dorado,Venture,DAMAGE,53.3,3.7
Competitive,Platinum,dorado,Widowmaker,DAMAGE,47.7,3.0
Competitive,Platinum,dorado,Winston,TANK,55.3,20.7
Competitive,Platinum,dorado,Wrecking Ball,TANK,55.2,3.7
Competitive,Platinum,dorado,Wuyang,SUPPORT,55.6,13.6
Competitive,Platinum,dorado,Zarya,TANK,46.5,6.0
Competitive,Platinum,dorado,Zenyatta,SUPPORT,50.7,10.1
Competitive,Platinum,watchpoint-gibraltar,Ana,SUPPORT,52.2,55.4
Competitive,Platinum,watchpoint-gibraltar,Anran,DAMAGE,52.8,7.2
Competitive,Platinum,watchpoint-gibraltar,Ashe,DAMAGE,52.6,17.9
Competitive,Platinum,watchpoint-gibraltar,Baptiste,SUPPORT,47.9,8.3
Competitive,Platinum,watchpoint-gibraltar,Bastion,DAMAGE,48.0,5.4
Competitive,Platinum,watchpoint-gibraltar,Brigitte,SUPPORT,47.9,4.7
Competitive,Platinum,watchpoint-gibraltar,Cassidy,DAMAGE,47.1,22.7
Competitive,Platinum,watchpoint-gibraltar,D.Va,TANK,52.5,16.3
Competitive,Platinum,watchpoint-gibraltar,Domina,TANK,51.0,5.4
Competitive,Platinum,watchpoint-gibraltar,Doomfist,TANK,50.4,7.3
Competitive,Platinum,watchpoint-gibraltar,Echo,DAMAGE,54.3,7.9
Competitive,Platinum,watchpoint-gibraltar,Emre,DAMAGE,50.4,21.2
Competitive,Platinum,watchpoint-gibraltar,Freja,DAMAGE,47.2,6.0
Competitive,Platinum,watchpoint-gibraltar,Genji,DAMAGE,53.6,20.4
Competitive,Platinum,watchpoint-gibraltar,Hanzo,DAMAGE,49.8,7.2
Competitive,Platinum,watchpoint-gibraltar,Hazard,TANK,54.0,4.2
Competitive,Platinum,watchpoint-gibraltar,Illari,SUPPORT,52.7,11.8
Competitive,Platinum,watchpoint-gibraltar,Jetpack Cat,SUPPORT,52.9,5.1
Competitive,Platinum,watchpoint-gibraltar,Junker Queen,TANK,44.5,1.3
Competitive,Platinum,watchpoint-gibraltar,Junkrat,DAMAGE,49.9,3.2
Competitive,Platinum,watchpoint-gibraltar,Juno,SUPPORT,48.9,7.3
Competitive,Platinum,watchpoint-gibraltar,Kiriko,SUPPORT,49.3,45.2
Competitive,Platinum,watchpoint-gibraltar,Lifeweaver,SUPPORT,42.8,5.5
Competitive,Platinum,watchpoint-gibraltar,Lúcio,SUPPORT,42.6,2.5
Competitive,Platinum,watchpoint-gibraltar,Mauga,TANK,50.0,2.4
Competitive,Platinum,watchpoint-gibraltar,Mei,DAMAGE,48.0,5.4
Competitive,Platinum,watchpoint-gibraltar,Mercy,SUPPORT,50.4,9.6
Competitive,Platinum,watchpoint-gibraltar,Mizuki,SUPPORT,51.9,11.9
Competitive,Platinum,watchpoint-gibraltar,Moira,SUPPORT,44.6,11.0
Competitive,Platinum,watchpoint-gibraltar,Orisa,TANK,45.2,6.6
Competitive,Platinum,watchpoint-gibraltar,Pharah,DAMAGE,54.6,3.7
Competitive,Platinum,watchpoint-gibraltar,Ramattra,TANK,43.7,2.2
Competitive,Platinum,watchpoint-gibraltar,Reaper,DAMAGE,52.4,14.0
Competitive,Platinum,watchpoint-gibraltar,Reinhardt,TANK,44.4,4.0
Competitive,Platinum,watchpoint-gibraltar,Roadhog,TANK,44.8,7.4
Competitive,Platinum,watchpoint-gibraltar,Sigma,TANK,49.8,10.1
Competitive,Platinum,watchpoint-gibraltar,Sojourn,DAMAGE,45.4,10.1
Competitive,Platinum,watchpoint-gibraltar,Soldier: 76,DAMAGE,46.1,16.2
Competitive,Platinum,watchpoint-gibraltar,Sombra,DAMAGE,46.5,4.3
Competitive,Platinum,watchpoint-gibraltar,Symmetra,DAMAGE,48.0,2.8
Competitive,Platinum,watchpoint-gibraltar,Torbjörn,DAMAGE,46.5,3.3
Competitive,Platinum,watchpoint-gibraltar,Tracer,DAMAGE,50.1,8.5
Competitive,Platinum,watchpoint-gibraltar,Vendetta,DAMAGE,52.5,3.4
Competitive,Platinum,watchpoint-gibraltar,Venture,DAMAGE,52.3,3.7
Competitive,Platinum,watchpoint-gibraltar,Widowmaker,DAMAGE,49.3,5.5
Competitive,Platinum,watchpoint-gibraltar,Winston,TANK,55.9,23.9
Competitive,Platinum,watchpoint-gibraltar,Wrecking Ball,TANK,47.8,3.8
Competitive,Platinum,watchpoint-gibraltar,Wuyang,SUPPORT,54.4,12.5
Competitive,Platinum,watchpoint-gibraltar,Zarya,TANK,41.7,5.3
Competitive,Platinum,watchpoint-gibraltar,Zenyatta,SUPPORT,49.6,9.3
Competitive,Platinum,circuit-royal,Ana,SUPPORT,52.1,61.5
Competitive,Platinum,circuit-royal,Anran,DAMAGE,51.9,5.4
Competitive,Platinum,circuit-royal,Ashe,DAMAGE,52.5,22.3
Competitive,Platinum,circuit-royal,Baptiste,SUPPORT,47.8,10.2
Competitive,Platinum,circuit-royal,Bastion,DAMAGE,48.4,7.4
Competitive,Platinum,circuit-royal,Brigitte,SUPPORT,43.0,1.8
Competitive,Platinum,circuit-royal,Cassidy,DAMAGE,45.8,15.8
Competitive,Platinum,circuit-royal,D.Va,TANK,45.6,5.0
Competitive,Platinum,circuit-royal,Domina,TANK,57.2,9.2
Competitive,Platinum,circuit-royal,Doomfist,TANK,51.5,6.2
Competitive,Platinum,circuit-royal,Echo,DAMAGE,53.5,4.9
Competitive,Platinum,circuit-royal,Emre,DAMAGE,52.4,24.9
Competitive,Platinum,circuit-royal,Freja,DAMAGE,47.6,7.3
Competitive,Platinum,circuit-royal,Genji,DAMAGE,50.6,13.9
Competitive,Platinum,circuit-royal,Hanzo,DAMAGE,48.8,11.1
Competitive,Platinum,circuit-royal,Hazard,TANK,44.2,1.4
Competitive,Platinum,circuit-royal,Illari,SUPPORT,54.6,19.0
Competitive,Platinum,circuit-royal,Jetpack Cat,SUPPORT,48.5,3.5
Competitive,Platinum,circuit-royal,Junker Queen,TANK,41.6,1.5
Competitive,Platinum,circuit-royal,Junkrat,DAMAGE,48.3,4.1
Competitive,Platinum,circuit-royal,Juno,SUPPORT,51.5,7.2
Competitive,Platinum,circuit-royal,Kiriko,SUPPORT,45.4,31.4
Competitive,Platinum,circuit-royal,Lifeweaver,SUPPORT,42.7,4.3
Competitive,Platinum,circuit-royal,Lúcio,SUPPORT,40.0,1.9
Competitive,Platinum,circuit-royal,Mauga,TANK,47.1,2.6
Competitive,Platinum,circuit-royal,Mei,DAMAGE,51.7,8.5
Competitive,Platinum,circuit-royal,Mercy,SUPPORT,49.7,7.8
Competitive,Platinum,circuit-royal,Mizuki,SUPPORT,51.0,9.8
Competitive,Platinum,circuit-royal,Moira,SUPPORT,44.6,9.5
Competitive,Platinum,circuit-royal,Orisa,TANK,46.2,9.3
Competitive,Platinum,circuit-royal,Pharah,DAMAGE,52.5,5.0
Competitive,Platinum,circuit-royal,Ramattra,TANK,44.8,5.7
Competitive,Platinum,circuit-royal,Reaper,DAMAGE,47.5,7.1
Competitive,Platinum,circuit-royal,Reinhardt,TANK,48.1,7.1
Competitive,Platinum,circuit-royal,Roadhog,TANK,42.6,4.7
Competitive,Platinum,circuit-royal,Sigma,TANK,59.6,26.0
Competitive,Platinum,circuit-royal,Sojourn,DAMAGE,46.6,16.9
Competitive,Platinum,circuit-royal,Soldier: 76,DAMAGE,48.6,13.0
Competitive,Platinum,circuit-royal,Sombra,DAMAGE,50.4,3.3
Competitive,Platinum,circuit-royal,Symmetra,DAMAGE,51.6,2.7
Competitive,Platinum,circuit-royal,Torbjörn,DAMAGE,48.5,3.6
Competitive,Platinum,circuit-royal,Tracer,DAMAGE,43.2,4.3
Competitive,Platinum,circuit-royal,Vendetta,DAMAGE,52.0,2.3
Competitive,Platinum,circuit-royal,Venture,DAMAGE,52.9,3.1
Competitive,Platinum,circuit-royal,Widowmaker,DAMAGE,55.5,12.9
Competitive,Platinum,circuit-royal,Winston,TANK,44.6,10.1
Competitive,Platinum,circuit-royal,Wrecking Ball,TANK,46.5,3.2
Competitive,Platinum,circuit-royal,Wuyang,SUPPORT,52.6,13.9
Competitive,Platinum,circuit-royal,Zarya,TANK,48.6,8.0
Competitive,Platinum,circuit-royal,Zenyatta,SUPPORT,54.6,18.2
Competitive,Platinum,rialto,Ana,SUPPORT,52.1,59.6
Competitive,Platinum,rialto,Anran,DAMAGE,52.1,7.3
Competitive,Platinum,rialto,Ashe,DAMAGE,50.8,18.2
Competitive,Platinum,rialto,Baptiste,SUPPORT,43.9,8.3
Competitive,Platinum,rialto,Bastion,DAMAGE,47.7,6.8
Competitive,Platinum,rialto,Brigitte,SUPPORT,45.0,2.6
Competitive,Platinum,rialto,Cassidy,DAMAGE,46.1,19.7
Competitive,Platinum,rialto,D.Va,TANK,51.0,9.1
Competitive,Platinum,rialto,Domina,TANK,55.5,7.8
Competitive,Platinum,rialto,Doomfist,TANK,50.1,6.7
Competitive,Platinum,rialto,Echo,DAMAGE,53.4,6.8
Competitive,Platinum,rialto,Emre,DAMAGE,52.3,22.7
Competitive,Platinum,rialto,Freja,DAMAGE,47.5,5.2
Competitive,Platinum,rialto,Genji,DAMAGE,51.6,15.5
Competitive,Platinum,rialto,Hanzo,DAMAGE,52.2,9.2
Competitive,Platinum,rialto,Hazard,TANK,51.8,2.8
Competitive,Platinum,rialto,Illari,SUPPORT,54.9,13.8
Competitive,Platinum,rialto,Jetpack Cat,SUPPORT,46.4,4.1
Competitive,Platinum,rialto,Junker Queen,TANK,47.7,2.0
Competitive,Platinum,rialto,Junkrat,DAMAGE,47.8,4.1
Competitive,Platinum,rialto,Juno,SUPPORT,50.5,6.3
Competitive,Platinum,rialto,Kiriko,SUPPORT,47.0,36.8
Competitive,Platinum,rialto,Lifeweaver,SUPPORT,43.7,4.4
Competitive,Platinum,rialto,Lúcio,SUPPORT,38.6,2.5
Competitive,Platinum,rialto,Mauga,TANK,45.6,2.8
Competitive,Platinum,rialto,Mei,DAMAGE,52.8,7.9
Competitive,Platinum,rialto,Mercy,SUPPORT,50.8,7.4
Competitive,Platinum,rialto,Mizuki,SUPPORT,53.7,12.7
Competitive,Platinum,rialto,Moira,SUPPORT,46.6,11.3
Competitive,Platinum,rialto,Orisa,TANK,46.4,9.3
Competitive,Platinum,rialto,Pharah,DAMAGE,49.4,5.0
Competitive,Platinum,rialto,Ramattra,TANK,44.9,4.4
Competitive,Platinum,rialto,Reaper,DAMAGE,50.3,9.8
Competitive,Platinum,rialto,Reinhardt,TANK,48.9,7.3
Competitive,Platinum,rialto,Roadhog,TANK,47.6,7.2
Competitive,Platinum,rialto,Sigma,TANK,52.8,16.4
Competitive,Platinum,rialto,Sojourn,DAMAGE,47.1,13.8
Competitive,Platinum,rialto,Soldier: 76,DAMAGE,48.2,14.4
Competitive,Platinum,rialto,Sombra,DAMAGE,47.6,3.5
Competitive,Platinum,rialto,Symmetra,DAMAGE,48.4,3.2
Competitive,Platinum,rialto,Torbjörn,DAMAGE,46.3,4.0
Competitive,Platinum,rialto,Tracer,DAMAGE,49.3,8.1
Competitive,Platinum,rialto,Vendetta,DAMAGE,53.2,2.9
Competitive,Platinum,rialto,Venture,DAMAGE,50.4,3.6
Competitive,Platinum,rialto,Widowmaker,DAMAGE,54.2,8.1
Competitive,Platinum,rialto,Winston,TANK,50.7,12.6
Competitive,Platinum,rialto,Wrecking Ball,TANK,50.6,3.2
Competitive,Platinum,rialto,Wuyang,SUPPORT,52.9,14.4
Competitive,Platinum,rialto,Zarya,TANK,49.4,8.2
Competitive,Platinum,rialto,Zenyatta,SUPPORT,53.4,15.7
Competitive,Platinum,shambali-monastery,Ana,SUPPORT,50.6,56.1
Competitive,Platinum,shambali-monastery,Anran,DAMAGE,53.0,9.3
Competitive,Platinum,shambali-monastery,Ashe,DAMAGE,49.4,15.4
Competitive,Platinum,shambali-monastery,Baptiste,SUPPORT,46.8,8.5
Competitive,Platinum,shambali-monastery,Bastion,DAMAGE,44.1,6.7
Competitive,Platinum,shambali-monastery,Brigitte,SUPPORT,49.9,3.1
Competitive,Platinum,shambali-monastery,Cassidy,DAMAGE,46.9,22.4
Competitive,Platinum,shambali-monastery,D.Va,TANK,46.9,5.7
Competitive,Platinum,shambali-monastery,Domina,TANK,55.5,8.7
Competitive,Platinum,shambali-monastery,Doomfist,TANK,50.0,6.5
Competitive,Platinum,shambali-monastery,Echo,DAMAGE,54.1,7.6
Competitive,Platinum,shambali-monastery,Emre,DAMAGE,51.2,23.0
Competitive,Platinum,shambali-monastery,Freja,DAMAGE,48.5,5.5
Competitive,Platinum,shambali-monastery,Genji,DAMAGE,53.1,14.6
Competitive,Platinum,shambali-monastery,Hanzo,DAMAGE,50.8,8.9
Competitive,Platinum,shambali-monastery,Hazard,TANK,51.1,2.6
Competitive,Platinum,shambali-monastery,Illari,SUPPORT,52.5,14.9
Competitive,Platinum,shambali-monastery,Jetpack Cat,SUPPORT,47.5,3.9
Competitive,Platinum,shambali-monastery,Junker Queen,TANK,53.4,2.5
Competitive,Platinum,shambali-monastery,Junkrat,DAMAGE,49.8,5.2
Competitive,Platinum,shambali-monastery,Juno,SUPPORT,49.2,6.3
Competitive,Platinum,shambali-monastery,Kiriko,SUPPORT,48.7,36.6
Competitive,Platinum,shambali-monastery,Lifeweaver,SUPPORT,42.1,3.9
Competitive,Platinum,shambali-monastery,Lúcio,SUPPORT,44.8,2.5
Competitive,Platinum,shambali-monastery,Mauga,TANK,45.7,3.2
Competitive,Platinum,shambali-monastery,Mei,DAMAGE,53.3,8.1
Competitive,Platinum,shambali-monastery,Mercy,SUPPORT,48.9,7.3
Competitive,Platinum,shambali-monastery,Mizuki,SUPPORT,51.6,13.7
Competitive,Platinum,shambali-monastery,Moira,SUPPORT,48.8,13.6
Competitive,Platinum,shambali-monastery,Orisa,TANK,46.7,10.0
Competitive,Platinum,shambali-monastery,Pharah,DAMAGE,53.2,5.6
Competitive,Platinum,shambali-monastery,Ramattra,TANK,48.8,6.1
Competitive,Platinum,shambali-monastery,Reaper,DAMAGE,50.3,9.9
Competitive,Platinum,shambali-monastery,Reinhardt,TANK,49.8,7.9
Competitive,Platinum,shambali-monastery,Roadhog,TANK,43.2,7.0
Competitive,Platinum,shambali-monastery,Sigma,TANK,55.6,18.6
Competitive,Platinum,shambali-monastery,Sojourn,DAMAGE,45.2,14.9
Competitive,Platinum,shambali-monastery,Soldier: 76,DAMAGE,49.9,13.4
Competitive,Platinum,shambali-monastery,Sombra,DAMAGE,50.4,3.5
Competitive,Platinum,shambali-monastery,Symmetra,DAMAGE,50.5,3.2
Competitive,Platinum,shambali-monastery,Torbjörn,DAMAGE,48.9,3.5
Competitive,Platinum,shambali-monastery,Tracer,DAMAGE,49.0,8.1
Competitive,Platinum,shambali-monastery,Vendetta,DAMAGE,54.2,3.3
Competitive,Platinum,shambali-monastery,Venture,DAMAGE,53.1,3.9
Competitive,Platinum,shambali-monastery,Widowmaker,DAMAGE,46.0,4.0
Competitive,Platinum,shambali-monastery,Winston,TANK,49.0,9.7
Competitive,Platinum,shambali-monastery,Wrecking Ball,TANK,48.3,3.1
Competitive,Platinum,shambali-monastery,Wuyang,SUPPORT,52.9,15.4
Competitive,Platinum,shambali-monastery,Zarya,TANK,49.0,8.5
Competitive,Platinum,shambali-monastery,Zenyatta,SUPPORT,52.8,14.0
Competitive,Platinum,aatlis,Ana,SUPPORT,44.2,36.3
Competitive,Platinum,aatlis,Anran,DAMAGE,53.0,15.7
Competitive,Platinum,aatlis,Ashe,DAMAGE,42.7,3.2
Competitive,Platinum,aatlis,Baptiste,SUPPORT,46.9,5.5
Competitive,Platinum,aatlis,Bastion,DAMAGE,46.1,4.3
Competitive,Platinum,aatlis,Brigitte,SUPPORT,50.2,5.7
Competitive,Platinum,aatlis,Cassidy,DAMAGE,47.7,35.6
Competitive,Platinum,aatlis,D.Va,TANK,48.8,6.5
Competitive,Platinum,aatlis,Domina,TANK,49.1,8.0
Competitive,Platinum,aatlis,Doomfist,TANK,50.3,8.5
Competitive,Platinum,aatlis,Echo,DAMAGE,52.8,4.1
Competitive,Platinum,aatlis,Emre,DAMAGE,51.9,18.0
Competitive,Platinum,aatlis,Freja,DAMAGE,41.4,2.2
Competitive,Platinum,aatlis,Genji,DAMAGE,50.2,14.1
Competitive,Platinum,aatlis,Hanzo,DAMAGE,47.4,3.7
Competitive,Platinum,aatlis,Hazard,TANK,52.7,4.8
Competitive,Platinum,aatlis,Illari,SUPPORT,53.0,6.1
Competitive,Platinum,aatlis,Jetpack Cat,SUPPORT,47.4,3.6
Competitive,Platinum,aatlis,Junker Queen,TANK,51.7,5.7
Competitive,Platinum,aatlis,Junkrat,DAMAGE,52.3,4.5
Competitive,Platinum,aatlis,Juno,SUPPORT,50.1,7.3
Competitive,Platinum,aatlis,Kiriko,SUPPORT,49.0,47.8
Competitive,Platinum,aatlis,Lifeweaver,SUPPORT,39.1,2.3
Competitive,Platinum,aatlis,Lúcio,SUPPORT,53.2,8.2
Competitive,Platinum,aatlis,Mauga,TANK,52.8,4.0
Competitive,Platinum,aatlis,Mei,DAMAGE,49.3,6.7
Competitive,Platinum,aatlis,Mercy,SUPPORT,44.4,3.4
Competitive,Platinum,aatlis,Mizuki,SUPPORT,54.3,25.6
Competitive,Platinum,aatlis,Moira,SUPPORT,52.1,25.0
Competitive,Platinum,aatlis,Orisa,TANK,47.5,9.9
Competitive,Platinum,aatlis,Pharah,DAMAGE,50.2,4.0
Competitive,Platinum,aatlis,Ramattra,TANK,51.6,5.8
Competitive,Platinum,aatlis,Reaper,DAMAGE,54.9,14.7
Competitive,Platinum,aatlis,Reinhardt,TANK,48.5,7.7
Competitive,Platinum,aatlis,Roadhog,TANK,48.9,8.9
Competitive,Platinum,aatlis,Sigma,TANK,51.7,8.5
Competitive,Platinum,aatlis,Sojourn,DAMAGE,45.8,15.2
Competitive,Platinum,aatlis,Soldier: 76,DAMAGE,48.0,12.7
Competitive,Platinum,aatlis,Sombra,DAMAGE,44.4,4.5
Competitive,Platinum,aatlis,Symmetra,DAMAGE,56.7,3.6
Competitive,Platinum,aatlis,Torbjörn,DAMAGE,53.9,2.7
Competitive,Platinum,aatlis,Tracer,DAMAGE,50.7,19.9
Competitive,Platinum,aatlis,Vendetta,DAMAGE,57.3,4.1
Competitive,Platinum,aatlis,Venture,DAMAGE,51.4,6.1
Competitive,Platinum,aatlis,Widowmaker,DAMAGE,32.4,0.3
Competitive,Platinum,aatlis,Winston,TANK,51.1,8.7
Competitive,Platinum,aatlis,Wrecking Ball,TANK,52.9,4.1
Competitive,Platinum,aatlis,Wuyang,SUPPORT,54.4,16.5
Competitive,Platinum,aatlis,Zarya,TANK,47.4,9.0
Competitive,Platinum,aatlis,Zenyatta,SUPPORT,48.2,6.7
Competitive,Platinum,new-junk-city,Ana,SUPPORT,48.5,38.8
Competitive,Platinum,new-junk-city,Anran,DAMAGE,53.0,14.3
Competitive,Platinum,new-junk-city,Ashe,DAMAGE,49.7,3.9
Competitive,Platinum,new-junk-city,Baptiste,SUPPORT,40.8,5.3
Competitive,Platinum,new-junk-city,Bastion,DAMAGE,45.7,3.9
Competitive,Platinum,new-junk-city,Brigitte,SUPPORT,46.9,5.3
Competitive,Platinum,new-junk-city,Cassidy,DAMAGE,46.0,33.7
Competitive,Platinum,new-junk-city,D.Va,TANK,46.9,5.7
Competitive,Platinum,new-junk-city,Domina,TANK,54.5,8.0
Competitive,Platinum,new-junk-city,Doomfist,TANK,54.9,8.1
Competitive,Platinum,new-junk-city,Echo,DAMAGE,46.9,4.2
Competitive,Platinum,new-junk-city,Emre,DAMAGE,50.7,18.7
Competitive,Platinum,new-junk-city,Freja,DAMAGE,47.3,2.1
Competitive,Platinum,new-junk-city,Genji,DAMAGE,50.8,15.7
Competitive,Platinum,new-junk-city,Hanzo,DAMAGE,49.3,4.7
Competitive,Platinum,new-junk-city,Hazard,TANK,55.8,4.2
Competitive,Platinum,new-junk-city,Illari,SUPPORT,50.3,6.0
Competitive,Platinum,new-junk-city,Jetpack Cat,SUPPORT,48.7,3.2
Competitive,Platinum,new-junk-city,Junker Queen,TANK,55.0,6.8
Competitive,Platinum,new-junk-city,Junkrat,DAMAGE,52.8,4.6
Competitive,Platinum,new-junk-city,Juno,SUPPORT,50.8,7.9
Competitive,Platinum,new-junk-city,Kiriko,SUPPORT,49.0,47.7
Competitive,Platinum,new-junk-city,Lifeweaver,SUPPORT,43.1,2.2
Competitive,Platinum,new-junk-city,Lúcio,SUPPORT,52.5,7.2
Competitive,Platinum,new-junk-city,Mauga,TANK,47.6,3.9
Competitive,Platinum,new-junk-city,Mei,DAMAGE,51.6,7.4
Competitive,Platinum,new-junk-city,Mercy,SUPPORT,48.6,3.6
Competitive,Platinum,new-junk-city,Mizuki,SUPPORT,56.1,23.7
Competitive,Platinum,new-junk-city,Moira,SUPPORT,49.8,24.8
Competitive,Platinum,new-junk-city,Orisa,TANK,46.0,11.2
Competitive,Platinum,new-junk-city,Pharah,DAMAGE,47.7,3.5
Competitive,Platinum,new-junk-city,Ramattra,TANK,48.2,6.2
Competitive,Platinum,new-junk-city,Reaper,DAMAGE,53.8,13.1
Competitive,Platinum,new-junk-city,Reinhardt,TANK,50.8,7.8
Competitive,Platinum,new-junk-city,Roadhog,TANK,50.5,9.1
Competitive,Platinum,new-junk-city,Sigma,TANK,46.9,7.9
Competitive,Platinum,new-junk-city,Sojourn,DAMAGE,47.1,18.0
Competitive,Platinum,new-junk-city,Soldier: 76,DAMAGE,49.8,13.3
Competitive,Platinum,new-junk-city,Sombra,DAMAGE,50.2,4.4
Competitive,Platinum,new-junk-city,Symmetra,DAMAGE,51.9,3.4
Competitive,Platinum,new-junk-city,Torbjörn,DAMAGE,47.3,2.9
Competitive,Platinum,new-junk-city,Tracer,DAMAGE,52.7,18.8
Competitive,Platinum,new-junk-city,Vendetta,DAMAGE,52.2,3.8
Competitive,Platinum,new-junk-city,Venture,DAMAGE,53.5,5.3
Competitive,Platinum,new-junk-city,Widowmaker,DAMAGE,30.9,0.3
Competitive,Platinum,new-junk-city,Winston,TANK,46.9,7.7
Competitive,Platinum,new-junk-city,Wrecking Ball,TANK,50.3,3.7
Competitive,Platinum,new-junk-city,Wuyang,SUPPORT,51.7,16.0
Competitive,Platinum,new-junk-city,Zarya,TANK,48.7,9.8
Competitive,Platinum,new-junk-city,Zenyatta,SUPPORT,48.4,8.3
Competitive,Platinum,suravasa,Ana,SUPPORT,46.8,41.3
Competitive,Platinum,suravasa,Anran,DAMAGE,51.1,13.4
Competitive,Platinum,suravasa,Ashe,DAMAGE,49.7,4.6
Competitive,Platinum,suravasa,Baptiste,SUPPORT,44.1,5.5
Competitive,Platinum,suravasa,Bastion,DAMAGE,47.4,4.1
Competitive,Platinum,suravasa,Brigitte,SUPPORT,45.8,5.0
Competitive,Platinum,suravasa,Cassidy,DAMAGE,45.6,35.2
Competitive,Platinum,suravasa,D.Va,TANK,46.7,6.7
Competitive,Platinum,suravasa,Domina,TANK,54.7,7.7
Competitive,Platinum,suravasa,Doomfist,TANK,52.4,8.0
Competitive,Platinum,suravasa,Echo,DAMAGE,51.8,4.7
Competitive,Platinum,suravasa,Emre,DAMAGE,52.0,19.7
Competitive,Platinum,suravasa,Freja,DAMAGE,49.6,2.7
Competitive,Platinum,suravasa,Genji,DAMAGE,51.8,14.9
Competitive,Platinum,suravasa,Hanzo,DAMAGE,51.5,4.1
Competitive,Platinum,suravasa,Hazard,TANK,56.5,3.7
Competitive,Platinum,suravasa,Illari,SUPPORT,57.4,7.5
Competitive,Platinum,suravasa,Jetpack Cat,SUPPORT,50.3,3.9
Competitive,Platinum,suravasa,Junker Queen,TANK,53.9,5.2
Competitive,Platinum,suravasa,Junkrat,DAMAGE,51.5,3.2
Competitive,Platinum,suravasa,Juno,SUPPORT,51.1,7.7
Competitive,Platinum,suravasa,Kiriko,SUPPORT,47.3,46.8
Competitive,Platinum,suravasa,Lifeweaver,SUPPORT,44.1,2.6
Competitive,Platinum,suravasa,Lúcio,SUPPORT,49.8,6.9
Competitive,Platinum,suravasa,Mauga,TANK,51.2,4.5
Competitive,Platinum,suravasa,Mei,DAMAGE,52.6,6.5
Competitive,Platinum,suravasa,Mercy,SUPPORT,46.7,4.2
Competitive,Platinum,suravasa,Mizuki,SUPPORT,53.8,22.8
Competitive,Platinum,suravasa,Moira,SUPPORT,52.2,21.5
Competitive,Platinum,suravasa,Orisa,TANK,47.0,10.5
Competitive,Platinum,suravasa,Pharah,DAMAGE,52.2,3.6
Competitive,Platinum,suravasa,Ramattra,TANK,48.3,5.2
Competitive,Platinum,suravasa,Reaper,DAMAGE,52.0,12.4
Competitive,Platinum,suravasa,Reinhardt,TANK,48.0,7.3
Competitive,Platinum,suravasa,Roadhog,TANK,47.2,8.8
Competitive,Platinum,suravasa,Sigma,TANK,52.1,8.0
Competitive,Platinum,suravasa,Sojourn,DAMAGE,43.9,17.1
Competitive,Platinum,suravasa,Soldier: 76,DAMAGE,50.3,14.4
Competitive,Platinum,suravasa,Sombra,DAMAGE,48.1,5.1
Competitive,Platinum,suravasa,Symmetra,DAMAGE,57.3,3.0
Competitive,Platinum,suravasa,Torbjörn,DAMAGE,51.8,3.2
Competitive,Platinum,suravasa,Tracer,DAMAGE,51.9,19.3
Competitive,Platinum,suravasa,Vendetta,DAMAGE,52.5,3.8
Competitive,Platinum,suravasa,Venture,DAMAGE,53.4,4.7
Competitive,Platinum,suravasa,Widowmaker,DAMAGE,32.7,0.5
Competitive,Platinum,suravasa,Winston,TANK,49.9,11.1
Competitive,Platinum,suravasa,Wrecking Ball,TANK,50.7,4.5
Competitive,Platinum,suravasa,Wuyang,SUPPORT,53.6,16.2
Competitive,Platinum,suravasa,Zarya,TANK,47.5,9.0
Competitive,Platinum,suravasa,Zenyatta,SUPPORT,49.7,8.2
Competitive,Platinum,midtown,Ana,SUPPORT,49.1,57.4
Competitive,Platinum,midtown,Anran,DAMAGE,51.8,7.7
Competitive,Platinum,midtown,Ashe,DAMAGE,50.6,17.3
Competitive,Platinum,midtown,Baptiste,SUPPORT,44.1,9.1
Competitive,Platinum,midtown,Bastion,DAMAGE,45.2,7.5
Competitive,Platinum,midtown,Brigitte,SUPPORT,42.9,2.1
Competitive,Platinum,midtown,Cassidy,DAMAGE,44.7,21.6
Competitive,Platinum,midtown,D.Va,TANK,47.9,5.0
Competitive,Platinum,midtown,Domina,TANK,52.9,9.9
Competitive,Platinum,midtown,Doomfist,TANK,50.3,5.3
Competitive,Platinum,midtown,Echo,DAMAGE,52.0,4.3
Competitive,Platinum,midtown,Emre,DAMAGE,51.8,24.1
Competitive,Platinum,midtown,Freja,DAMAGE,48.4,4.6
Competitive,Platinum,midtown,Genji,DAMAGE,49.2,12.5
Competitive,Platinum,midtown,Hanzo,DAMAGE,49.4,10.2
Competitive,Platinum,midtown,Hazard,TANK,51.3,1.7
Competitive,Platinum,midtown,Illari,SUPPORT,52.4,16.5
Competitive,Platinum,midtown,Jetpack Cat,SUPPORT,44.4,2.8
Competitive,Platinum,midtown,Junker Queen,TANK,49.9,2.2
Competitive,Platinum,midtown,Junkrat,DAMAGE,43.7,4.3
Competitive,Platinum,midtown,Juno,SUPPORT,49.0,6.7
Competitive,Platinum,midtown,Kiriko,SUPPORT,46.3,36.2
Competitive,Platinum,midtown,Lifeweaver,SUPPORT,41.5,3.8
Competitive,Platinum,midtown,Lúcio,SUPPORT,44.5,2.5
Competitive,Platinum,midtown,Mauga,TANK,45.4,2.8
Competitive,Platinum,midtown,Mei,DAMAGE,50.0,9.2
Competitive,Platinum,midtown,Mercy,SUPPORT,48.1,6.8
Competitive,Platinum,midtown,Mizuki,SUPPORT,50.0,14.0
Competitive,Platinum,midtown,Moira,SUPPORT,45.4,11.7
Competitive,Platinum,midtown,Orisa,TANK,44.2,10.2
Competitive,Platinum,midtown,Pharah,DAMAGE,47.7,4.2
Competitive,Platinum,midtown,Ramattra,TANK,45.4,6.8
Competitive,Platinum,midtown,Reaper,DAMAGE,49.7,8.8
Competitive,Platinum,midtown,Reinhardt,TANK,45.1,7.6
Competitive,Platinum,midtown,Roadhog,TANK,44.5,6.5
Competitive,Platinum,midtown,Sigma,TANK,55.8,20.6
Competitive,Platinum,midtown,Sojourn,DAMAGE,45.0,17.2
Competitive,Platinum,midtown,Soldier: 76,DAMAGE,46.0,14.1
Competitive,Platinum,midtown,Sombra,DAMAGE,49.7,3.2
Competitive,Platinum,midtown,Symmetra,DAMAGE,53.5,5.8
Competitive,Platinum,midtown,Torbjörn,DAMAGE,49.1,4.5
Competitive,Platinum,midtown,Tracer,DAMAGE,50.5,8.7
Competitive,Platinum,midtown,Vendetta,DAMAGE,49.0,2.7
Competitive,Platinum,midtown,Venture,DAMAGE,47.4,3.7
Competitive,Platinum,midtown,Widowmaker,DAMAGE,48.5,3.6
Competitive,Platinum,midtown,Winston,TANK,46.7,7.6
Competitive,Platinum,midtown,Wrecking Ball,TANK,43.4,2.4
Competitive,Platinum,midtown,Wuyang,SUPPORT,51.9,15.3
Competitive,Platinum,midtown,Zarya,TANK,48.4,11.3
Competitive,Platinum,midtown,Zenyatta,SUPPORT,52.7,15.2
Competitive,Platinum,numbani,Ana,SUPPORT,49.2,57.4
Competitive,Platinum,numbani,Anran,DAMAGE,47.9,7.2
Competitive,Platinum,numbani,Ashe,DAMAGE,50.1,16.7
Competitive,Platinum,numbani,Baptiste,SUPPORT,44.8,8.5
Competitive,Platinum,numbani,Bastion,DAMAGE,46.6,6.4
Competitive,Platinum,numbani,Brigitte,SUPPORT,43.3,3.5
Competitive,Platinum,numbani,Cassidy,DAMAGE,45.3,22.8
Competitive,Platinum,numbani,D.Va,TANK,51.0,13.8
Competitive,Platinum,numbani,Domina,TANK,51.0,5.7
Competitive,Platinum,numbani,Doomfist,TANK,49.0,7.8
Competitive,Platinum,numbani,Echo,DAMAGE,51.6,8.4
Competitive,Platinum,numbani,Emre,DAMAGE,50.5,19.8
Competitive,Platinum,numbani,Freja,DAMAGE,46.6,5.7
Competitive,Platinum,numbani,Genji,DAMAGE,52.7,19.1
Competitive,Platinum,numbani,Hanzo,DAMAGE,49.2,8.0
Competitive,Platinum,numbani,Hazard,TANK,51.3,4.2
Competitive,Platinum,numbani,Illari,SUPPORT,53.3,11.5
Competitive,Platinum,numbani,Jetpack Cat,SUPPORT,43.4,5.4
Competitive,Platinum,numbani,Junker Queen,TANK,42.2,1.8
Competitive,Platinum,numbani,Junkrat,DAMAGE,43.5,4.4
Competitive,Platinum,numbani,Juno,SUPPORT,51.2,7.4
Competitive,Platinum,numbani,Kiriko,SUPPORT,49.4,41.8
Competitive,Platinum,numbani,Lifeweaver,SUPPORT,43.1,5.4
Competitive,Platinum,numbani,Lúcio,SUPPORT,43.3,3.1
Competitive,Platinum,numbani,Mauga,TANK,43.3,2.7
Competitive,Platinum,numbani,Mei,DAMAGE,49.4,6.4
Competitive,Platinum,numbani,Mercy,SUPPORT,48.0,10.4
Competitive,Platinum,numbani,Mizuki,SUPPORT,46.1,11.6
Competitive,Platinum,numbani,Moira,SUPPORT,43.6,10.3
Competitive,Platinum,numbani,Orisa,TANK,41.1,7.6
Competitive,Platinum,numbani,Pharah,DAMAGE,51.9,4.5
Competitive,Platinum,numbani,Ramattra,TANK,38.3,2.8
Competitive,Platinum,numbani,Reaper,DAMAGE,49.7,11.4
Competitive,Platinum,numbani,Reinhardt,TANK,42.9,5.2
Competitive,Platinum,numbani,Roadhog,TANK,43.0,7.1
Competitive,Platinum,numbani,Sigma,TANK,52.6,11.1
Competitive,Platinum,numbani,Sojourn,DAMAGE,43.9,11.0
Competitive,Platinum,numbani,Soldier: 76,DAMAGE,45.8,17.5
Competitive,Platinum,numbani,Sombra,DAMAGE,48.9,4.0
Competitive,Platinum,numbani,Symmetra,DAMAGE,45.8,3.4
Competitive,Platinum,numbani,Torbjörn,DAMAGE,45.4,4.5
Competitive,Platinum,numbani,Tracer,DAMAGE,51.3,8.5
Competitive,Platinum,numbani,Vendetta,DAMAGE,54.4,3.8
Competitive,Platinum,numbani,Venture,DAMAGE,47.3,3.9
Competitive,Platinum,numbani,Widowmaker,DAMAGE,42.8,2.6
Competitive,Platinum,numbani,Winston,TANK,53.8,19.8
Competitive,Platinum,numbani,Wrecking Ball,TANK,52.1,3.7
Competitive,Platinum,numbani,Wuyang,SUPPORT,53.1,13.7
Competitive,Platinum,numbani,Zarya,TANK,45.1,7.0
Competitive,Platinum,numbani,Zenyatta,SUPPORT,51.1,10.2
Competitive,Platinum,kings-row,Ana,SUPPORT,50.7,58.9
Competitive,Platinum,kings-row,Anran,DAMAGE,50.6,8.0
Competitive,Platinum,kings-row,Ashe,DAMAGE,51.4,13.8
Competitive,Platinum,kings-row,Baptiste,SUPPORT,44.3,9.1
Competitive,Platinum,kings-row,Bastion,DAMAGE,47.8,8.6
Competitive,Platinum,kings-row,Brigitte,SUPPORT,44.5,2.6
Competitive,Platinum,kings-row,Cassidy,DAMAGE,44.9,21.7
Competitive,Platinum,kings-row,D.Va,TANK,46.2,5.8
Competitive,Platinum,kings-row,Domina,TANK,55.3,7.9
Competitive,Platinum,kings-row,Doomfist,TANK,49.7,6.5
Competitive,Platinum,kings-row,Echo,DAMAGE,49.0,5.1
Competitive,Platinum,kings-row,Emre,DAMAGE,49.4,19.5
Competitive,Platinum,kings-row,Freja,DAMAGE,48.4,4.6
Competitive,Platinum,kings-row,Genji,DAMAGE,49.8,15.4
Competitive,Platinum,kings-row,Hanzo,DAMAGE,51.3,9.8
Competitive,Platinum,kings-row,Hazard,TANK,50.2,1.9
Competitive,Platinum,kings-row,Illari,SUPPORT,52.6,13.5
Competitive,Platinum,kings-row,Jetpack Cat,SUPPORT,48.3,3.3
Competitive,Platinum,kings-row,Junker Queen,TANK,46.8,2.2
Competitive,Platinum,kings-row,Junkrat,DAMAGE,47.5,5.7
Competitive,Platinum,kings-row,Juno,SUPPORT,48.6,6.2
Competitive,Platinum,kings-row,Kiriko,SUPPORT,46.4,35.6
Competitive,Platinum,kings-row,Lifeweaver,SUPPORT,41.1,3.6
Competitive,Platinum,kings-row,Lúcio,SUPPORT,44.0,2.7
Competitive,Platinum,kings-row,Mauga,TANK,43.6,3.1
Competitive,Platinum,kings-row,Mei,DAMAGE,51.2,11.0
Competitive,Platinum,kings-row,Mercy,SUPPORT,47.4,6.7
Competitive,Platinum,kings-row,Mizuki,SUPPORT,51.8,14.5
Competitive,Platinum,kings-row,Moira,SUPPORT,46.2,12.5
Competitive,Platinum,kings-row,Orisa,TANK,46.1,10.4
Competitive,Platinum,kings-row,Pharah,DAMAGE,51.4,5.9
Competitive,Platinum,kings-row,Ramattra,TANK,44.1,6.3
Competitive,Platinum,kings-row,Reaper,DAMAGE,50.0,10.3
Competitive,Platinum,kings-row,Reinhardt,TANK,48.9,10.0
Competitive,Platinum,kings-row,Roadhog,TANK,45.0,6.5
Competitive,Platinum,kings-row,Sigma,TANK,52.5,15.0
Competitive,Platinum,kings-row,Sojourn,DAMAGE,44.7,15.3
Competitive,Platinum,kings-row,Soldier: 76,DAMAGE,45.0,11.7
Competitive,Platinum,kings-row,Sombra,DAMAGE,45.3,3.0
Competitive,Platinum,kings-row,Symmetra,DAMAGE,50.6,4.4
Competitive,Platinum,kings-row,Torbjörn,DAMAGE,47.0,4.0
Competitive,Platinum,kings-row,Tracer,DAMAGE,47.5,7.5
Competitive,Platinum,kings-row,Vendetta,DAMAGE,53.6,2.8
Competitive,Platinum,kings-row,Venture,DAMAGE,49.9,4.0
Competitive,Platinum,kings-row,Widowmaker,DAMAGE,53.0,7.7
Competitive,Platinum,kings-row,Winston,TANK,48.1,10.5
Competitive,Platinum,kings-row,Wrecking Ball,TANK,46.7,2.6
Competitive,Platinum,kings-row,Wuyang,SUPPORT,50.6,14.2
Competitive,Platinum,kings-row,Zarya,TANK,51.1,11.4
Competitive,Platinum,kings-row,Zenyatta,SUPPORT,51.1,16.6
Competitive,Platinum,hollywood,Ana,SUPPORT,51.5,59.0
Competitive,Platinum,hollywood,Anran,DAMAGE,48.6,7.9
Competitive,Platinum,hollywood,Ashe,DAMAGE,51.1,16.3
Competitive,Platinum,hollywood,Baptiste,SUPPORT,40.8,7.7
Competitive,Platinum,hollywood,Bastion,DAMAGE,45.7,6.4
Competitive,Platinum,hollywood,Brigitte,SUPPORT,41.2,3.2
Competitive,Platinum,hollywood,Cassidy,DAMAGE,45.3,22.5
Competitive,Platinum,hollywood,D.Va,TANK,49.9,9.8
Competitive,Platinum,hollywood,Domina,TANK,53.0,7.2
Competitive,Platinum,hollywood,Doomfist,TANK,48.1,6.8
Competitive,Platinum,hollywood,Echo,DAMAGE,51.4,5.8
Competitive,Platinum,hollywood,Emre,DAMAGE,51.3,21.3
Competitive,Platinum,hollywood,Freja,DAMAGE,46.9,4.8
Competitive,Platinum,hollywood,Genji,DAMAGE,51.4,17.0
Competitive,Platinum,hollywood,Hanzo,DAMAGE,48.6,8.7
Competitive,Platinum,hollywood,Hazard,TANK,49.6,2.9
Competitive,Platinum,hollywood,Illari,SUPPORT,51.5,14.0
Competitive,Platinum,hollywood,Jetpack Cat,SUPPORT,46.0,3.8
Competitive,Platinum,hollywood,Junker Queen,TANK,46.5,2.0
Competitive,Platinum,hollywood,Junkrat,DAMAGE,49.1,4.9
Competitive,Platinum,hollywood,Juno,SUPPORT,48.2,6.7
Competitive,Platinum,hollywood,Kiriko,SUPPORT,46.5,37.3
Competitive,Platinum,hollywood,Lifeweaver,SUPPORT,40.9,4.2
Competitive,Platinum,hollywood,Lúcio,SUPPORT,39.5,2.8
Competitive,Platinum,hollywood,Mauga,TANK,47.8,2.8
Competitive,Platinum,hollywood,Mei,DAMAGE,48.8,7.7
Competitive,Platinum,hollywood,Mercy,SUPPORT,50.4,8.1
Competitive,Platinum,hollywood,Mizuki,SUPPORT,50.7,13.5
Competitive,Platinum,hollywood,Moira,SUPPORT,44.3,11.8
Competitive,Platinum,hollywood,Orisa,TANK,43.3,8.6
Competitive,Platinum,hollywood,Pharah,DAMAGE,51.6,4.7
Competitive,Platinum,hollywood,Ramattra,TANK,42.2,4.1
Competitive,Platinum,hollywood,Reaper,DAMAGE,47.2,11.8
Competitive,Platinum,hollywood,Reinhardt,TANK,44.3,6.4
Competitive,Platinum,hollywood,Roadhog,TANK,43.8,7.2
Competitive,Platinum,hollywood,Sigma,TANK,49.9,14.5
Competitive,Platinum,hollywood,Sojourn,DAMAGE,42.8,13.1
Competitive,Platinum,hollywood,Soldier: 76,DAMAGE,46.3,13.8
Competitive,Platinum,hollywood,Sombra,DAMAGE,44.4,3.3
Competitive,Platinum,hollywood,Symmetra,DAMAGE,49.2,4.8
Competitive,Platinum,hollywood,Torbjörn,DAMAGE,46.1,4.6
Competitive,Platinum,hollywood,Tracer,DAMAGE,48.5,8.5
Competitive,Platinum,hollywood,Vendetta,DAMAGE,48.7,3.1
Competitive,Platinum,hollywood,Venture,DAMAGE,51.9,3.7
Competitive,Platinum,hollywood,Widowmaker,DAMAGE,47.3,5.2
Competitive,Platinum,hollywood,Winston,TANK,52.6,15.7
Competitive,Platinum,hollywood,Wrecking Ball,TANK,48.7,3.1
Competitive,Platinum,hollywood,Wuyang,SUPPORT,52.2,14.4
Competitive,Platinum,hollywood,Zarya,TANK,47.8,8.9
Competitive,Platinum,hollywood,Zenyatta,SUPPORT,50.3,13.4
Competitive,Platinum,paraiso,Ana,SUPPORT,50.5,53.4
Competitive,Platinum,paraiso,Anran,DAMAGE,47.4,7.7
Competitive,Platinum,paraiso,Ashe,DAMAGE,52.6,17.3
Competitive,Platinum,paraiso,Baptiste,SUPPORT,41.9,8.4
Competitive,Platinum,paraiso,Bastion,DAMAGE,41.2,6.0
Competitive,Platinum,paraiso,Brigitte,SUPPORT,45.4,3.5
Competitive,Platinum,paraiso,Cassidy,DAMAGE,46.0,22.1
Competitive,Platinum,paraiso,D.Va,TANK,55.3,12.1
Competitive,Platinum,paraiso,Domina,TANK,48.0,7.2
Competitive,Platinum,paraiso,Doomfist,TANK,51.2,6.7
Competitive,Platinum,paraiso,Echo,DAMAGE,54.0,8.1
Competitive,Platinum,paraiso,Emre,DAMAGE,51.4,22.9
Competitive,Platinum,paraiso,Freja,DAMAGE,49.1,5.4
Competitive,Platinum,paraiso,Genji,DAMAGE,52.1,16.2
Competitive,Platinum,paraiso,Hanzo,DAMAGE,48.2,6.7
Competitive,Platinum,paraiso,Hazard,TANK,52.8,3.8
Competitive,Platinum,paraiso,Illari,SUPPORT,53.5,13.6
Competitive,Platinum,paraiso,Jetpack Cat,SUPPORT,56.9,4.1
Competitive,Platinum,paraiso,Junker Queen,TANK,52.7,2.0
Competitive,Platinum,paraiso,Junkrat,DAMAGE,50.9,4.5
Competitive,Platinum,paraiso,Juno,SUPPORT,48.4,7.2
Competitive,Platinum,paraiso,Kiriko,SUPPORT,45.1,40.3
Competitive,Platinum,paraiso,Lifeweaver,SUPPORT,43.7,4.7
Competitive,Platinum,paraiso,Lúcio,SUPPORT,48.3,2.7
Competitive,Platinum,paraiso,Mauga,TANK,44.2,3.1
Competitive,Platinum,paraiso,Mei,DAMAGE,45.9,6.5
Competitive,Platinum,paraiso,Mercy,SUPPORT,53.4,8.6
Competitive,Platinum,paraiso,Mizuki,SUPPORT,49.6,14.1
Competitive,Platinum,paraiso,Moira,SUPPORT,43.8,13.6
Competitive,Platinum,paraiso,Orisa,TANK,42.8,8.2
Competitive,Platinum,paraiso,Pharah,DAMAGE,52.6,5.4
Competitive,Platinum,paraiso,Ramattra,TANK,41.9,3.7
Competitive,Platinum,paraiso,Reaper,DAMAGE,49.6,12.2
Competitive,Platinum,paraiso,Reinhardt,TANK,45.5,5.1
Competitive,Platinum,paraiso,Roadhog,TANK,43.2,7.7
Competitive,Platinum,paraiso,Sigma,TANK,51.4,13.8
Competitive,Platinum,paraiso,Sojourn,DAMAGE,42.6,12.8
Competitive,Platinum,paraiso,Soldier: 76,DAMAGE,45.9,15.2
Competitive,Platinum,paraiso,Sombra,DAMAGE,45.5,4.0
Competitive,Platinum,paraiso,Symmetra,DAMAGE,47.1,3.7
Competitive,Platinum,paraiso,Torbjörn,DAMAGE,47.3,5.1
Competitive,Platinum,paraiso,Tracer,DAMAGE,49.3,8.3
Competitive,Platinum,paraiso,Vendetta,DAMAGE,50.9,3.1
Competitive,Platinum,paraiso,Venture,DAMAGE,47.3,3.9
Competitive,Platinum,paraiso,Widowmaker,DAMAGE,44.7,2.9
Competitive,Platinum,paraiso,Winston,TANK,50.2,16.7
Competitive,Platinum,paraiso,Wrecking Ball,TANK,46.1,3.2
Competitive,Platinum,paraiso,Wuyang,SUPPORT,50.2,14.5
Competitive,Platinum,paraiso,Zarya,TANK,45.2,6.9
Competitive,Platinum,paraiso,Zenyatta,SUPPORT,50.8,11.3
Competitive,Platinum,eichenwalde,Ana,SUPPORT,49.7,58.2
Competitive,Platinum,eichenwalde,Anran,DAMAGE,52.4,7.6
Competitive,Platinum,eichenwalde,Ashe,DAMAGE,50.0,12.1
Competitive,Platinum,eichenwalde,Baptiste,SUPPORT,42.4,8.2
Competitive,Platinum,eichenwalde,Bastion,DAMAGE,43.3,7.3
Competitive,Platinum,eichenwalde,Brigitte,SUPPORT,47.7,2.7
Competitive,Platinum,eichenwalde,Cassidy,DAMAGE,45.1,23.3
Competitive,Platinum,eichenwalde,D.Va,TANK,47.9,7.2
Competitive,Platinum,eichenwalde,Domina,TANK,54.1,7.6
Competitive,Platinum,eichenwalde,Doomfist,TANK,50.7,6.9
Competitive,Platinum,eichenwalde,Echo,DAMAGE,52.7,8.0
Competitive,Platinum,eichenwalde,Emre,DAMAGE,49.6,20.0
Competitive,Platinum,eichenwalde,Freja,DAMAGE,48.8,5.1
Competitive,Platinum,eichenwalde,Genji,DAMAGE,53.5,14.9
Competitive,Platinum,eichenwalde,Hanzo,DAMAGE,49.0,9.5
Competitive,Platinum,eichenwalde,Hazard,TANK,51.7,2.2
Competitive,Platinum,eichenwalde,Illari,SUPPORT,52.2,13.8
Competitive,Platinum,eichenwalde,Jetpack Cat,SUPPORT,51.5,4.8
Competitive,Platinum,eichenwalde,Junker Queen,TANK,52.3,2.2
Competitive,Platinum,eichenwalde,Junkrat,DAMAGE,48.5,7.5
Competitive,Platinum,eichenwalde,Juno,SUPPORT,47.8,5.8
Competitive,Platinum,eichenwalde,Kiriko,SUPPORT,47.0,34.7
Competitive,Platinum,eichenwalde,Lifeweaver,SUPPORT,40.0,3.6
Competitive,Platinum,eichenwalde,Lúcio,SUPPORT,45.2,3.1
Competitive,Platinum,eichenwalde,Mauga,TANK,47.2,2.9
Competitive,Platinum,eichenwalde,Mei,DAMAGE,48.0,8.4
Competitive,Platinum,eichenwalde,Mercy,SUPPORT,49.2,8.4
Competitive,Platinum,eichenwalde,Mizuki,SUPPORT,49.6,14.5
Competitive,Platinum,eichenwalde,Moira,SUPPORT,46.2,12.2
Competitive,Platinum,eichenwalde,Orisa,TANK,44.0,9.8
Competitive,Platinum,eichenwalde,Pharah,DAMAGE,53.1,7.9
Competitive,Platinum,eichenwalde,Ramattra,TANK,42.1,5.4
Competitive,Platinum,eichenwalde,Reaper,DAMAGE,47.3,10.1
Competitive,Platinum,eichenwalde,Reinhardt,TANK,49.6,9.4
Competitive,Platinum,eichenwalde,Roadhog,TANK,43.5,7.3
Competitive,Platinum,eichenwalde,Sigma,TANK,51.7,15.8
Competitive,Platinum,eichenwalde,Sojourn,DAMAGE,45.0,13.0
Competitive,Platinum,eichenwalde,Soldier: 76,DAMAGE,44.5,12.8
Competitive,Platinum,eichenwalde,Sombra,DAMAGE,46.6,3.5
Competitive,Platinum,eichenwalde,Symmetra,DAMAGE,52.0,5.0
Competitive,Platinum,eichenwalde,Torbjörn,DAMAGE,48.4,6.2
Competitive,Platinum,eichenwalde,Tracer,DAMAGE,48.4,8.3
Competitive,Platinum,eichenwalde,Vendetta,DAMAGE,49.8,3.4
Competitive,Platinum,eichenwalde,Venture,DAMAGE,51.4,3.9
Competitive,Platinum,eichenwalde,Widowmaker,DAMAGE,42.1,2.0
Competitive,Platinum,eichenwalde,Winston,TANK,50.7,9.8
Competitive,Platinum,eichenwalde,Wrecking Ball,TANK,48.1,3.3
Competitive,Platinum,eichenwalde,Wuyang,SUPPORT,52.0,14.4
Competitive,Platinum,eichenwalde,Zarya,TANK,47.9,10.1
Competitive,Platinum,eichenwalde,Zenyatta,SUPPORT,50.2,15.6
Competitive,Platinum,blizzard-world,Ana,SUPPORT,51.5,56.8
Competitive,Platinum,blizzard-world,Anran,DAMAGE,52.1,8.2
Competitive,Platinum,blizzard-world,Ashe,DAMAGE,50.5,15.8
Competitive,Platinum,blizzard-world,Baptiste,SUPPORT,44.1,7.7
Competitive,Platinum,blizzard-world,Bastion,DAMAGE,46.0,5.9
Competitive,Platinum,blizzard-world,Brigitte,SUPPORT,40.5,3.4
Competitive,Platinum,blizzard-world,Cassidy,DAMAGE,45.1,21.4
Competitive,Platinum,blizzard-world,D.Va,TANK,48.1,9.7
Competitive,Platinum,blizzard-world,Domina,TANK,47.1,6.6
Competitive,Platinum,blizzard-world,Doomfist,TANK,54.7,7.1
Competitive,Platinum,blizzard-world,Echo,DAMAGE,51.6,5.5
Competitive,Platinum,blizzard-world,Emre,DAMAGE,50.0,22.6
Competitive,Platinum,blizzard-world,Freja,DAMAGE,48.5,5.9
Competitive,Platinum,blizzard-world,Genji,DAMAGE,49.7,16.2
Competitive,Platinum,blizzard-world,Hanzo,DAMAGE,46.5,8.3
Competitive,Platinum,blizzard-world,Hazard,TANK,49.9,2.9
Competitive,Platinum,blizzard-world,Illari,SUPPORT,52.3,13.0
Competitive,Platinum,blizzard-world,Jetpack Cat,SUPPORT,50.7,4.4
Competitive,Platinum,blizzard-world,Junker Queen,TANK,43.2,1.9
Competitive,Platinum,blizzard-world,Junkrat,DAMAGE,50.1,3.7
Competitive,Platinum,blizzard-world,Juno,SUPPORT,50.1,7.2
Competitive,Platinum,blizzard-world,Kiriko,SUPPORT,46.0,40.4
Competitive,Platinum,blizzard-world,Lifeweaver,SUPPORT,42.6,4.0
Competitive,Platinum,blizzard-world,Lúcio,SUPPORT,43.0,3.1
Competitive,Platinum,blizzard-world,Mauga,TANK,41.2,3.0
Competitive,Platinum,blizzard-world,Mei,DAMAGE,47.5,6.6
Competitive,Platinum,blizzard-world,Mercy,SUPPORT,48.7,8.5
Competitive,Platinum,blizzard-world,Mizuki,SUPPORT,49.4,13.3
Competitive,Platinum,blizzard-world,Moira,SUPPORT,44.1,11.4
Competitive,Platinum,blizzard-world,Orisa,TANK,44.9,8.7
Competitive,Platinum,blizzard-world,Pharah,DAMAGE,52.2,3.9
Competitive,Platinum,blizzard-world,Ramattra,TANK,46.1,3.8
Competitive,Platinum,blizzard-world,Reaper,DAMAGE,46.8,10.9
Competitive,Platinum,blizzard-world,Reinhardt,TANK,43.5,5.6
Competitive,Platinum,blizzard-world,Roadhog,TANK,42.9,7.0
Competitive,Platinum,blizzard-world,Sigma,TANK,53.8,15.1
Competitive,Platinum,blizzard-world,Sojourn,DAMAGE,45.5,14.3
Competitive,Platinum,blizzard-world,Soldier: 76,DAMAGE,46.7,15.2
Competitive,Platinum,blizzard-world,Sombra,DAMAGE,49.0,4.3
Competitive,Platinum,blizzard-world,Symmetra,DAMAGE,50.3,3.3
Competitive,Platinum,blizzard-world,Torbjörn,DAMAGE,51.3,4.7
Competitive,Platinum,blizzard-world,Tracer,DAMAGE,48.9,10.3
Competitive,Platinum,blizzard-world,Vendetta,DAMAGE,52.6,3.3
Competitive,Platinum,blizzard-world,Venture,DAMAGE,46.4,3.8
Competitive,Platinum,blizzard-world,Widowmaker,DAMAGE,48.4,5.9
Competitive,Platinum,blizzard-world,Winston,TANK,52.6,16.6
Competitive,Platinum,blizzard-world,Wrecking Ball,TANK,46.0,4.9
Competitive,Platinum,blizzard-world,Wuyang,SUPPORT,52.8,14.4
Competitive,Platinum,blizzard-world,Zarya,TANK,44.8,7.2
Competitive,Platinum,blizzard-world,Zenyatta,SUPPORT,49.5,12.3
Competitive,Platinum,esperanca,Ana,SUPPORT,47.4,45.5
Competitive,Platinum,esperanca,Anran,DAMAGE,50.5,10.8
Competitive,Platinum,esperanca,Ashe,DAMAGE,50.9,8.8
Competitive,Platinum,esperanca,Baptiste,SUPPORT,42.3,5.0
Competitive,Platinum,esperanca,Bastion,DAMAGE,46.3,4.5
Competitive,Platinum,esperanca,Brigitte,SUPPORT,45.7,4.8
Competitive,Platinum,esperanca,Cassidy,DAMAGE,46.5,31.0
Competitive,Platinum,esperanca,D.Va,TANK,48.7,9.0
Competitive,Platinum,esperanca,Domina,TANK,50.4,7.5
Competitive,Platinum,esperanca,Doomfist,TANK,52.8,8.0
Competitive,Platinum,esperanca,Echo,DAMAGE,53.9,5.8
Competitive,Platinum,esperanca,Emre,DAMAGE,52.2,23.1
Competitive,Platinum,esperanca,Freja,DAMAGE,46.1,3.7
Competitive,Platinum,esperanca,Genji,DAMAGE,50.5,16.3
Competitive,Platinum,esperanca,Hanzo,DAMAGE,46.3,4.0
Competitive,Platinum,esperanca,Hazard,TANK,50.7,3.1
Competitive,Platinum,esperanca,Illari,SUPPORT,55.9,8.1
Competitive,Platinum,esperanca,Jetpack Cat,SUPPORT,49.3,4.2
Competitive,Platinum,esperanca,Junker Queen,TANK,51.0,3.8
Competitive,Platinum,esperanca,Junkrat,DAMAGE,51.5,2.1
Competitive,Platinum,esperanca,Juno,SUPPORT,52.1,9.5
Competitive,Platinum,esperanca,Kiriko,SUPPORT,48.8,47.9
Competitive,Platinum,esperanca,Lifeweaver,SUPPORT,42.4,3.3
Competitive,Platinum,esperanca,Lúcio,SUPPORT,51.2,5.0
Competitive,Platinum,esperanca,Mauga,TANK,46.3,4.0
Competitive,Platinum,esperanca,Mei,DAMAGE,51.1,5.4
Competitive,Platinum,esperanca,Mercy,SUPPORT,51.8,5.4
Competitive,Platinum,esperanca,Mizuki,SUPPORT,51.0,18.9
Competitive,Platinum,esperanca,Moira,SUPPORT,50.0,17.8
Competitive,Platinum,esperanca,Orisa,TANK,46.0,10.0
Competitive,Platinum,esperanca,Pharah,DAMAGE,51.7,3.6
Competitive,Platinum,esperanca,Ramattra,TANK,45.0,4.2
Competitive,Platinum,esperanca,Reaper,DAMAGE,48.8,10.9
Competitive,Platinum,esperanca,Reinhardt,TANK,52.1,6.6
Competitive,Platinum,esperanca,Roadhog,TANK,48.1,7.9
Competitive,Platinum,esperanca,Sigma,TANK,52.7,9.0
Competitive,Platinum,esperanca,Sojourn,DAMAGE,47.5,15.9
Competitive,Platinum,esperanca,Soldier: 76,DAMAGE,51.5,17.0
Competitive,Platinum,esperanca,Sombra,DAMAGE,51.8,4.9
Competitive,Platinum,esperanca,Symmetra,DAMAGE,53.3,2.1
Competitive,Platinum,esperanca,Torbjörn,DAMAGE,47.7,2.8
Competitive,Platinum,esperanca,Tracer,DAMAGE,52.4,19.5
Competitive,Platinum,esperanca,Vendetta,DAMAGE,50.5,3.4
Competitive,Platinum,esperanca,Venture,DAMAGE,54.5,3.6
Competitive,Platinum,esperanca,Widowmaker,DAMAGE,35.8,0.9
Competitive,Platinum,esperanca,Winston,TANK,54.6,15.0
Competitive,Platinum,esperanca,Wrecking Ball,TANK,51.5,4.9
Competitive,Platinum,esperanca,Wuyang,SUPPORT,55.7,16.3
Competitive,Platinum,esperanca,Zarya,TANK,45.5,6.9
Competitive,Platinum,esperanca,Zenyatta,SUPPORT,49.9,8.4
Competitive,Platinum,new-queen-street,Ana,SUPPORT,48.3,46.1
Competitive,Platinum,new-queen-street,Anran,DAMAGE,51.1,10.3
Competitive,Platinum,new-queen-street,Ashe,DAMAGE,49.7,8.7
Competitive,Platinum,new-queen-street,Baptiste,SUPPORT,45.1,5.4
Competitive,Platinum,new-queen-street,Bastion,DAMAGE,46.0,4.7
Competitive,Platinum,new-queen-street,Brigitte,SUPPORT,45.7,4.2
Competitive,Platinum,new-queen-street,Cassidy,DAMAGE,45.8,29.4
Competitive,Platinum,new-queen-street,D.Va,TANK,48.9,8.2
Competitive,Platinum,new-queen-street,Domina,TANK,50.8,8.5
Competitive,Platinum,new-queen-street,Doomfist,TANK,49.5,7.7
Competitive,Platinum,new-queen-street,Echo,DAMAGE,51.6,4.6
Competitive,Platinum,new-queen-street,Emre,DAMAGE,51.4,23.2
Competitive,Platinum,new-queen-street,Freja,DAMAGE,45.1,3.5
Competitive,Platinum,new-queen-street,Genji,DAMAGE,51.6,14.7
Competitive,Platinum,new-queen-street,Hanzo,DAMAGE,52.3,4.3
Competitive,Platinum,new-queen-street,Hazard,TANK,53.8,3.2
Competitive,Platinum,new-queen-street,Illari,SUPPORT,55.9,7.8
Competitive,Platinum,new-queen-street,Jetpack Cat,SUPPORT,46.5,4.9
Competitive,Platinum,new-queen-street,Junker Queen,TANK,54.1,4.0
Competitive,Platinum,new-queen-street,Junkrat,DAMAGE,46.4,1.9
Competitive,Platinum,new-queen-street,Juno,SUPPORT,49.8,9.2
Competitive,Platinum,new-queen-street,Kiriko,SUPPORT,48.9,46.8
Competitive,Platinum,new-queen-street,Lifeweaver,SUPPORT,48.6,3.3
Competitive,Platinum,new-queen-street,Lúcio,SUPPORT,49.7,4.1
Competitive,Platinum,new-queen-street,Mauga,TANK,50.4,4.2
Competitive,Platinum,new-queen-street,Mei,DAMAGE,51.4,5.5
Competitive,Platinum,new-queen-street,Mercy,SUPPORT,46.8,5.1
Competitive,Platinum,new-queen-street,Mizuki,SUPPORT,52.6,18.7
Competitive,Platinum,new-queen-street,Moira,SUPPORT,46.9,17.6
Competitive,Platinum,new-queen-street,Orisa,TANK,49.2,10.3
Competitive,Platinum,new-queen-street,Pharah,DAMAGE,49.5,3.3
Competitive,Platinum,new-queen-street,Ramattra,TANK,44.7,4.6
Competitive,Platinum,new-queen-street,Reaper,DAMAGE,51.2,9.5
Competitive,Platinum,new-queen-street,Reinhardt,TANK,48.5,7.2
Competitive,Platinum,new-queen-street,Roadhog,TANK,46.4,7.8
Competitive,Platinum,new-queen-street,Sigma,TANK,51.6,10.0
Competitive,Platinum,new-queen-street,Sojourn,DAMAGE,46.5,16.9
Competitive,Platinum,new-queen-street,Soldier: 76,DAMAGE,53.5,23.2
Competitive,Platinum,new-queen-street,Sombra,DAMAGE,51.2,5.4
Competitive,Platinum,new-queen-street,Symmetra,DAMAGE,46.8,1.7
Competitive,Platinum,new-queen-street,Torbjörn,DAMAGE,52.8,2.8
Competitive,Platinum,new-queen-street,Tracer,DAMAGE,52.7,18.8
Competitive,Platinum,new-queen-street,Vendetta,DAMAGE,48.1,3.2
Competitive,Platinum,new-queen-street,Venture,DAMAGE,48.2,3.3
Competitive,Platinum,new-queen-street,Widowmaker,DAMAGE,42.4,1.0
Competitive,Platinum,new-queen-street,Winston,TANK,52.0,12.0
Competitive,Platinum,new-queen-street,Wrecking Ball,TANK,53.4,5.3
Competitive,Platinum,new-queen-street,Wuyang,SUPPORT,56.0,17.2
Competitive,Platinum,new-queen-street,Zarya,TANK,48.2,7.1
Competitive,Platinum,new-queen-street,Zenyatta,SUPPORT,51.7,9.7
Competitive,Platinum,runasapi,Ana,SUPPORT,47.0,44.8
Competitive,Platinum,runasapi,Anran,DAMAGE,52.1,11.9
Competitive,Platinum,runasapi,Ashe,DAMAGE,49.2,7.9
Competitive,Platinum,runasapi,Baptiste,SUPPORT,44.5,5.8
Competitive,Platinum,runasapi,Bastion,DAMAGE,45.4,5.0
Competitive,Platinum,runasapi,Brigitte,SUPPORT,46.4,4.2
Competitive,Platinum,runasapi,Cassidy,DAMAGE,47.3,31.8
Competitive,Platinum,runasapi,D.Va,TANK,50.3,7.1
Competitive,Platinum,runasapi,Domina,TANK,53.8,8.3
Competitive,Platinum,runasapi,Doomfist,TANK,53.7,7.9
Competitive,Platinum,runasapi,Echo,DAMAGE,49.2,4.8
Competitive,Platinum,runasapi,Emre,DAMAGE,53.1,24.0
Competitive,Platinum,runasapi,Freja,DAMAGE,48.2,3.5
Competitive,Platinum,runasapi,Genji,DAMAGE,51.3,13.7
Competitive,Platinum,runasapi,Hanzo,DAMAGE,50.0,3.9
Competitive,Platinum,runasapi,Hazard,TANK,53.7,3.3
Competitive,Platinum,runasapi,Illari,SUPPORT,54.8,8.4
Competitive,Platinum,runasapi,Jetpack Cat,SUPPORT,43.2,4.1
Competitive,Platinum,runasapi,Junker Queen,TANK,56.3,4.1
Competitive,Platinum,runasapi,Junkrat,DAMAGE,49.3,2.1
Competitive,Platinum,runasapi,Juno,SUPPORT,51.8,9.6
Competitive,Platinum,runasapi,Kiriko,SUPPORT,50.1,45.2
Competitive,Platinum,runasapi,Lifeweaver,SUPPORT,46.7,3.5
Competitive,Platinum,runasapi,Lúcio,SUPPORT,51.6,4.7
Competitive,Platinum,runasapi,Mauga,TANK,48.8,4.4
Competitive,Platinum,runasapi,Mei,DAMAGE,53.1,5.2
Competitive,Platinum,runasapi,Mercy,SUPPORT,52.2,4.9
Competitive,Platinum,runasapi,Mizuki,SUPPORT,50.7,20.5
Competitive,Platinum,runasapi,Moira,SUPPORT,50.8,18.1
Competitive,Platinum,runasapi,Orisa,TANK,42.6,10.5
Competitive,Platinum,runasapi,Pharah,DAMAGE,48.8,3.5
Competitive,Platinum,runasapi,Ramattra,TANK,44.2,5.1
Competitive,Platinum,runasapi,Reaper,DAMAGE,51.1,10.2
Competitive,Platinum,runasapi,Reinhardt,TANK,51.0,7.4
Competitive,Platinum,runasapi,Roadhog,TANK,47.7,8.2
Competitive,Platinum,runasapi,Sigma,TANK,51.7,9.9
Competitive,Platinum,runasapi,Sojourn,DAMAGE,45.0,16.7
Competitive,Platinum,runasapi,Soldier: 76,DAMAGE,50.1,18.4
Competitive,Platinum,runasapi,Sombra,DAMAGE,52.2,5.1
Competitive,Platinum,runasapi,Symmetra,DAMAGE,51.2,2.0
Competitive,Platinum,runasapi,Torbjörn,DAMAGE,47.4,2.9
Competitive,Platinum,runasapi,Tracer,DAMAGE,53.6,19.2
Competitive,Platinum,runasapi,Vendetta,DAMAGE,49.8,3.6
Competitive,Platinum,runasapi,Venture,DAMAGE,51.3,3.8
Competitive,Platinum,runasapi,Widowmaker,DAMAGE,36.2,1.0
Competitive,Platinum,runasapi,Winston,TANK,51.9,11.7
Competitive,Platinum,runasapi,Wrecking Ball,TANK,52.9,4.7
Competitive,Platinum,runasapi,Wuyang,SUPPORT,54.0,17.4
Competitive,Platinum,runasapi,Zarya,TANK,46.3,7.3
Competitive,Platinum,runasapi,Zenyatta,SUPPORT,48.7,8.8
Competitive,Platinum,colosseo,Ana,SUPPORT,47.6,53.1
Competitive,Platinum,colosseo,Anran,DAMAGE,54.2,10.5
Competitive,Platinum,colosseo,Ashe,DAMAGE,50.4,12.6
Competitive,Platinum,colosseo,Baptiste,SUPPORT,42.9,5.7
Competitive,Platinum,colosseo,Bastion,DAMAGE,44.7,4.8
Competitive,Platinum,colosseo,Brigitte,SUPPORT,46.7,4.3
Competitive,Platinum,colosseo,Cassidy,DAMAGE,46.0,27.6
Competitive,Platinum,colosseo,D.Va,TANK,45.4,6.9
Competitive,Platinum,colosseo,Domina,TANK,52.0,8.9
Competitive,Platinum,colosseo,Doomfist,TANK,55.5,7.5
Competitive,Platinum,colosseo,Echo,DAMAGE,53.5,4.8
Competitive,Platinum,colosseo,Emre,DAMAGE,50.4,23.8
Competitive,Platinum,colosseo,Freja,DAMAGE,48.0,4.3
Competitive,Platinum,colosseo,Genji,DAMAGE,52.7,14.8
Competitive,Platinum,colosseo,Hanzo,DAMAGE,49.9,6.6
Competitive,Platinum,colosseo,Hazard,TANK,51.1,2.9
Competitive,Platinum,colosseo,Illari,SUPPORT,55.0,9.0
Competitive,Platinum,colosseo,Jetpack Cat,SUPPORT,54.3,4.1
Competitive,Platinum,colosseo,Junker Queen,TANK,55.2,3.8
Competitive,Platinum,colosseo,Junkrat,DAMAGE,49.8,2.8
Competitive,Platinum,colosseo,Juno,SUPPORT,48.9,7.9
Competitive,Platinum,colosseo,Kiriko,SUPPORT,48.9,42.3
Competitive,Platinum,colosseo,Lifeweaver,SUPPORT,46.0,3.3
Competitive,Platinum,colosseo,Lúcio,SUPPORT,49.8,4.0
Competitive,Platinum,colosseo,Mauga,TANK,48.0,3.6
Competitive,Platinum,colosseo,Mei,DAMAGE,52.7,6.0
Competitive,Platinum,colosseo,Mercy,SUPPORT,52.8,5.2
Competitive,Platinum,colosseo,Mizuki,SUPPORT,52.2,17.5
Competitive,Platinum,colosseo,Moira,SUPPORT,47.1,15.7
Competitive,Platinum,colosseo,Orisa,TANK,43.5,9.9
Competitive,Platinum,colosseo,Pharah,DAMAGE,49.8,3.7
Competitive,Platinum,colosseo,Ramattra,TANK,48.0,5.0
Competitive,Platinum,colosseo,Reaper,DAMAGE,50.5,10.2
Competitive,Platinum,colosseo,Reinhardt,TANK,52.4,7.4
Competitive,Platinum,colosseo,Roadhog,TANK,47.0,7.4
Competitive,Platinum,colosseo,Sigma,TANK,52.2,11.9
Competitive,Platinum,colosseo,Sojourn,DAMAGE,47.7,16.9
Competitive,Platinum,colosseo,Soldier: 76,DAMAGE,48.3,15.0
Competitive,Platinum,colosseo,Sombra,DAMAGE,50.3,4.7
Competitive,Platinum,colosseo,Symmetra,DAMAGE,48.0,1.8
Competitive,Platinum,colosseo,Torbjörn,DAMAGE,45.8,2.8
Competitive,Platinum,colosseo,Tracer,DAMAGE,53.5,16.5
Competitive,Platinum,colosseo,Vendetta,DAMAGE,53.0,3.6
Competitive,Platinum,colosseo,Venture,DAMAGE,50.1,3.8
Competitive,Platinum,colosseo,Widowmaker,DAMAGE,52.0,2.5
Competitive,Platinum,colosseo,Winston,TANK,54.0,11.9
Competitive,Platinum,colosseo,Wrecking Ball,TANK,52.3,4.7
Competitive,Platinum,colosseo,Wuyang,SUPPORT,53.4,16.3
Competitive,Platinum,colosseo,Zarya,TANK,44.8,8.1
Competitive,Platinum,colosseo,Zenyatta,SUPPORT,53.8,11.6
Competitive,Diamond,all-maps,Ana,SUPPORT,50.1,55.9
Competitive,Diamond,all-maps,Anran,DAMAGE,50.4,6.8
Competitive,Diamond,all-maps,Ashe,DAMAGE,50.4,11.3
Competitive,Diamond,all-maps,Baptiste,SUPPORT,45.2,7.9
Competitive,Diamond,all-maps,Bastion,DAMAGE,45.7,3.7
Competitive,Diamond,all-maps,Brigitte,SUPPORT,47.0,5.1
Competitive,Diamond,all-maps,Cassidy,DAMAGE,45.8,28.6
Competitive,Diamond,all-maps,D.Va,TANK,48.7,8.1
Competitive,Diamond,all-maps,Domina,TANK,54.3,6.9
Competitive,Diamond,all-maps,Doomfist,TANK,49.1,9.2
Competitive,Diamond,all-maps,Echo,DAMAGE,53.7,7.8
Competitive,Diamond,all-maps,Emre,DAMAGE,52.2,22.0
Competitive,Diamond,all-maps,Freja,DAMAGE,47.5,5.0
Competitive,Diamond,all-maps,Genji,DAMAGE,51.3,16.9
Competitive,Diamond,all-maps,Hanzo,DAMAGE,48.6,7.7
Competitive,Diamond,all-maps,Hazard,TANK,52.6,3.3
Competitive,Diamond,all-maps,Illari,SUPPORT,54.1,13.7
Competitive,Diamond,all-maps,Jetpack Cat,SUPPORT,49.0,4.5
Competitive,Diamond,all-maps,Junker Queen,TANK,48.7,2.5
Competitive,Diamond,all-maps,Junkrat,DAMAGE,48.2,3.0
Competitive,Diamond,all-maps,Juno,SUPPORT,49.4,4.2
Competitive,Diamond,all-maps,Kiriko,SUPPORT,47.6,39.8
Competitive,Diamond,all-maps,Lifeweaver,SUPPORT,40.9,3.2
Competitive,Diamond,all-maps,Lúcio,SUPPORT,49.4,4.4
Competitive,Diamond,all-maps,Mauga,TANK,46.2,3.0
Competitive,Diamond,all-maps,Mei,DAMAGE,50.1,6.0
Competitive,Diamond,all-maps,Mercy,SUPPORT,48.7,5.9
Competitive,Diamond,all-maps,Mizuki,SUPPORT,51.1,14.6
Competitive,Diamond,all-maps,Moira,SUPPORT,47.3,9.7
Competitive,Diamond,all-maps,Orisa,TANK,46.5,7.6
Competitive,Diamond,all-maps,Pharah,DAMAGE,53.5,5.1
Competitive,Diamond,all-maps,Ramattra,TANK,45.5,3.5
Competitive,Diamond,all-maps,Reaper,DAMAGE,50.2,9.2
Competitive,Diamond,all-maps,Reinhardt,TANK,45.6,5.9
Competitive,Diamond,all-maps,Roadhog,TANK,46.3,7.8
Competitive,Diamond,all-maps,Sigma,TANK,53.8,12.8
Competitive,Diamond,all-maps,Sojourn,DAMAGE,46.2,15.3
Competitive,Diamond,all-maps,Soldier: 76,DAMAGE,49.9,10.7
Competitive,Diamond,all-maps,Sombra,DAMAGE,48.3,4.6
Competitive,Diamond,all-maps,Symmetra,DAMAGE,52.4,3.6
Competitive,Diamond,all-maps,Torbjörn,DAMAGE,48.5,3.3
Competitive,Diamond,all-maps,Tracer,DAMAGE,50.4,17.0
Competitive,Diamond,all-maps,Vendetta,DAMAGE,50.5,3.4
Competitive,Diamond,all-maps,Venture,DAMAGE,51.8,4.2
Competitive,Diamond,all-maps,Widowmaker,DAMAGE,49.2,4.7
Competitive,Diamond,all-maps,Winston,TANK,52.3,16.9
Competitive,Diamond,all-maps,Wrecking Ball,TANK,47.8,4.6
Competitive,Diamond,all-maps,Wuyang,SUPPORT,53.0,18.2
Competitive,Diamond,all-maps,Zarya,TANK,49.2,7.8
Competitive,Diamond,all-maps,Zenyatta,SUPPORT,51.4,12.8
Competitive,Diamond,ilios,Ana,SUPPORT,47.3,47.5
Competitive,Diamond,ilios,Anran,DAMAGE,48.2,8.4
Competitive,Diamond,ilios,Ashe,DAMAGE,49.0,6.0
Competitive,Diamond,ilios,Baptiste,SUPPORT,49.1,6.1
Competitive,Diamond,ilios,Bastion,DAMAGE,51.3,2.3
Competitive,Diamond,ilios,Brigitte,SUPPORT,46.9,8.0
Competitive,Diamond,ilios,Cassidy,DAMAGE,47.0,35.5
Competitive,Diamond,ilios,D.Va,TANK,48.8,10.7
Competitive,Diamond,ilios,Domina,TANK,50.8,5.0
Competitive,Diamond,ilios,Doomfist,TANK,49.4,9.9
Competitive,Diamond,ilios,Echo,DAMAGE,56.3,13.1
Competitive,Diamond,ilios,Emre,DAMAGE,49.3,17.8
Competitive,Diamond,ilios,Freja,DAMAGE,47.0,5.2
Competitive,Diamond,ilios,Genji,DAMAGE,53.5,17.3
Competitive,Diamond,ilios,Hanzo,DAMAGE,46.0,4.0
Competitive,Diamond,ilios,Hazard,TANK,56.4,4.3
Competitive,Diamond,ilios,Illari,SUPPORT,53.0,9.5
Competitive,Diamond,ilios,Jetpack Cat,SUPPORT,52.5,6.1
Competitive,Diamond,ilios,Junker Queen,TANK,51.5,3.1
Competitive,Diamond,ilios,Junkrat,DAMAGE,49.5,2.1
Competitive,Diamond,ilios,Juno,SUPPORT,50.2,4.4
Competitive,Diamond,ilios,Kiriko,SUPPORT,49.8,45.9
Competitive,Diamond,ilios,Lifeweaver,SUPPORT,41.0,3.4
Competitive,Diamond,ilios,Lúcio,SUPPORT,53.9,8.8
Competitive,Diamond,ilios,Mauga,TANK,45.9,3.1
Competitive,Diamond,ilios,Mei,DAMAGE,47.9,4.2
Competitive,Diamond,ilios,Mercy,SUPPORT,48.3,5.6
Competitive,Diamond,ilios,Mizuki,SUPPORT,52.5,18.5
Competitive,Diamond,ilios,Moira,SUPPORT,47.0,12.0
Competitive,Diamond,ilios,Orisa,TANK,45.3,8.1
Competitive,Diamond,ilios,Pharah,DAMAGE,53.9,7.4
Competitive,Diamond,ilios,Ramattra,TANK,40.7,1.6
Competitive,Diamond,ilios,Reaper,DAMAGE,52.6,12.1
Competitive,Diamond,ilios,Reinhardt,TANK,43.6,4.1
Competitive,Diamond,ilios,Roadhog,TANK,52.4,12.6
Competitive,Diamond,ilios,Sigma,TANK,48.6,6.1
Competitive,Diamond,ilios,Sojourn,DAMAGE,46.2,10.0
Competitive,Diamond,ilios,Soldier: 76,DAMAGE,47.2,8.3
Competitive,Diamond,ilios,Sombra,DAMAGE,50.0,5.6
Competitive,Diamond,ilios,Symmetra,DAMAGE,49.1,3.9
Competitive,Diamond,ilios,Torbjörn,DAMAGE,57.6,2.6
Competitive,Diamond,ilios,Tracer,DAMAGE,50.3,22.4
Competitive,Diamond,ilios,Vendetta,DAMAGE,50.4,4.1
Competitive,Diamond,ilios,Venture,DAMAGE,50.9,4.6
Competitive,Diamond,ilios,Widowmaker,DAMAGE,43.8,3.1
Competitive,Diamond,ilios,Winston,TANK,55.4,20.8
Competitive,Diamond,ilios,Wrecking Ball,TANK,47.3,5.7
Competitive,Diamond,ilios,Wuyang,SUPPORT,52.5,16.5
Competitive,Diamond,ilios,Zarya,TANK,46.2,4.9
Competitive,Diamond,ilios,Zenyatta,SUPPORT,51.5,7.6
Competitive,Diamond,nepal,Ana,SUPPORT,49.0,52.1
Competitive,Diamond,nepal,Anran,DAMAGE,48.3,8.8
Competitive,Diamond,nepal,Ashe,DAMAGE,46.2,5.4
Competitive,Diamond,nepal,Baptiste,SUPPORT,45.1,6.7
Competitive,Diamond,nepal,Bastion,DAMAGE,48.8,2.8
Competitive,Diamond,nepal,Brigitte,SUPPORT,47.8,5.4
Competitive,Diamond,nepal,Cassidy,DAMAGE,46.3,33.3
Competitive,Diamond,nepal,D.Va,TANK,44.6,6.4
Competitive,Diamond,nepal,Domina,TANK,54.9,7.2
Competitive,Diamond,nepal,Doomfist,TANK,48.5,10.9
Competitive,Diamond,nepal,Echo,DAMAGE,52.4,7.0
Competitive,Diamond,nepal,Emre,DAMAGE,52.7,20.3
Competitive,Diamond,nepal,Freja,DAMAGE,45.6,3.1
Competitive,Diamond,nepal,Genji,DAMAGE,53.1,17.0
Competitive,Diamond,nepal,Hanzo,DAMAGE,50.6,5.3
Competitive,Diamond,nepal,Hazard,TANK,54.8,3.8
Competitive,Diamond,nepal,Illari,SUPPORT,54.3,10.5
Competitive,Diamond,nepal,Jetpack Cat,SUPPORT,50.3,4.1
Competitive,Diamond,nepal,Junker Queen,TANK,52.1,3.4
Competitive,Diamond,nepal,Junkrat,DAMAGE,52.8,3.9
Competitive,Diamond,nepal,Juno,SUPPORT,48.6,4.3
Competitive,Diamond,nepal,Kiriko,SUPPORT,46.5,41.6
Competitive,Diamond,nepal,Lifeweaver,SUPPORT,38.8,2.3
Competitive,Diamond,nepal,Lúcio,SUPPORT,50.1,6.6
Competitive,Diamond,nepal,Mauga,TANK,43.1,3.3
Competitive,Diamond,nepal,Mei,DAMAGE,49.6,5.6
Competitive,Diamond,nepal,Mercy,SUPPORT,53.9,4.6
Competitive,Diamond,nepal,Mizuki,SUPPORT,51.4,18.3
Competitive,Diamond,nepal,Moira,SUPPORT,50.7,12.8
Competitive,Diamond,nepal,Orisa,TANK,51.0,8.5
Competitive,Diamond,nepal,Pharah,DAMAGE,56.0,7.0
Competitive,Diamond,nepal,Ramattra,TANK,50.6,4.2
Competitive,Diamond,nepal,Reaper,DAMAGE,52.1,10.1
Competitive,Diamond,nepal,Reinhardt,TANK,50.4,7.2
Competitive,Diamond,nepal,Roadhog,TANK,48.4,8.1
Competitive,Diamond,nepal,Sigma,TANK,53.3,9.9
Competitive,Diamond,nepal,Sojourn,DAMAGE,48.3,17.2
Competitive,Diamond,nepal,Soldier: 76,DAMAGE,47.5,9.8
Competitive,Diamond,nepal,Sombra,DAMAGE,49.0,4.2
Competitive,Diamond,nepal,Symmetra,DAMAGE,60.2,6.8
Competitive,Diamond,nepal,Torbjörn,DAMAGE,43.7,2.3
Competitive,Diamond,nepal,Tracer,DAMAGE,47.8,20.5
Competitive,Diamond,nepal,Vendetta,DAMAGE,50.2,4.2
Competitive,Diamond,nepal,Venture,DAMAGE,52.2,4.7
Competitive,Diamond,nepal,Widowmaker,DAMAGE,39.3,1.0
Competitive,Diamond,nepal,Winston,TANK,49.2,12.9
Competitive,Diamond,nepal,Wrecking Ball,TANK,43.9,4.4
Competitive,Diamond,nepal,Wuyang,SUPPORT,55.6,20.3
Competitive,Diamond,nepal,Zarya,TANK,52.2,9.7
Competitive,Diamond,nepal,Zenyatta,SUPPORT,50.3,10.4
Competitive,Diamond,lijiang-tower,Ana,SUPPORT,46.2,51.3
Competitive,Diamond,lijiang-tower,Anran,DAMAGE,49.3,8.1
Competitive,Diamond,lijiang-tower,Ashe,DAMAGE,44.1,4.0
Competitive,Diamond,lijiang-tower,Baptiste,SUPPORT,45.0,6.4
Competitive,Diamond,lijiang-tower,Bastion,DAMAGE,45.1,3.1
Competitive,Diamond,lijiang-tower,Brigitte,SUPPORT,48.8,5.4
Competitive,Diamond,lijiang-tower,Cassidy,DAMAGE,46.3,35.8
Competitive,Diamond,lijiang-tower,D.Va,TANK,43.7,6.4
Competitive,Diamond,lijiang-tower,Domina,TANK,56.8,6.9
Competitive,Diamond,lijiang-tower,Doomfist,TANK,50.9,10.5
Competitive,Diamond,lijiang-tower,Echo,DAMAGE,51.0,7.6
Competitive,Diamond,lijiang-tower,Emre,DAMAGE,51.1,19.2
Competitive,Diamond,lijiang-tower,Freja,DAMAGE,44.1,3.1
Competitive,Diamond,lijiang-tower,Genji,DAMAGE,51.2,15.3
Competitive,Diamond,lijiang-tower,Hanzo,DAMAGE,49.6,5.3
Competitive,Diamond,lijiang-tower,Hazard,TANK,52.1,3.0
Competitive,Diamond,lijiang-tower,Illari,SUPPORT,55.1,8.8
Competitive,Diamond,lijiang-tower,Jetpack Cat,SUPPORT,49.7,4.9
Competitive,Diamond,lijiang-tower,Junker Queen,TANK,50.5,3.4
Competitive,Diamond,lijiang-tower,Junkrat,DAMAGE,49.6,4.6
Competitive,Diamond,lijiang-tower,Juno,SUPPORT,49.9,4.3
Competitive,Diamond,lijiang-tower,Kiriko,SUPPORT,48.6,41.7
Competitive,Diamond,lijiang-tower,Lifeweaver,SUPPORT,45.1,2.2
Competitive,Diamond,lijiang-tower,Lúcio,SUPPORT,53.3,9.3
Competitive,Diamond,lijiang-tower,Mauga,TANK,47.9,3.6
Competitive,Diamond,lijiang-tower,Mei,DAMAGE,50.1,5.7
Competitive,Diamond,lijiang-tower,Mercy,SUPPORT,46.8,5.0
Competitive,Diamond,lijiang-tower,Mizuki,SUPPORT,53.1,19.2
Competitive,Diamond,lijiang-tower,Moira,SUPPORT,50.7,12.5
Competitive,Diamond,lijiang-tower,Orisa,TANK,47.2,9.4
Competitive,Diamond,lijiang-tower,Pharah,DAMAGE,59.6,10.3
Competitive,Diamond,lijiang-tower,Ramattra,TANK,48.8,4.5
Competitive,Diamond,lijiang-tower,Reaper,DAMAGE,51.8,9.4
Competitive,Diamond,lijiang-tower,Reinhardt,TANK,49.5,8.1
Competitive,Diamond,lijiang-tower,Roadhog,TANK,49.4,7.8
Competitive,Diamond,lijiang-tower,Sigma,TANK,52.5,7.6
Competitive,Diamond,lijiang-tower,Sojourn,DAMAGE,46.7,15.6
Competitive,Diamond,lijiang-tower,Soldier: 76,DAMAGE,50.3,9.4
Competitive,Diamond,lijiang-tower,Sombra,DAMAGE,46.7,3.7
Competitive,Diamond,lijiang-tower,Symmetra,DAMAGE,58.9,7.3
Competitive,Diamond,lijiang-tower,Torbjörn,DAMAGE,50.3,2.3
Competitive,Diamond,lijiang-tower,Tracer,DAMAGE,49.8,21.0
Competitive,Diamond,lijiang-tower,Vendetta,DAMAGE,50.5,3.8
Competitive,Diamond,lijiang-tower,Venture,DAMAGE,53.3,4.5
Competitive,Diamond,lijiang-tower,Widowmaker,DAMAGE,35.5,1.0
Competitive,Diamond,lijiang-tower,Winston,TANK,52.0,11.9
Competitive,Diamond,lijiang-tower,Wrecking Ball,TANK,48.9,5.8
Competitive,Diamond,lijiang-tower,Wuyang,SUPPORT,53.1,18.8
Competitive,Diamond,lijiang-tower,Zarya,TANK,49.2,11.2
Competitive,Diamond,lijiang-tower,Zenyatta,SUPPORT,50.6,10.2
Competitive,Diamond,oasis,Ana,SUPPORT,49.5,48.7
Competitive,Diamond,oasis,Anran,DAMAGE,52.0,8.7
Competitive,Diamond,oasis,Ashe,DAMAGE,45.5,3.5
Competitive,Diamond,oasis,Baptiste,SUPPORT,43.6,6.1
Competitive,Diamond,oasis,Bastion,DAMAGE,46.6,2.5
Competitive,Diamond,oasis,Brigitte,SUPPORT,47.3,6.9
Competitive,Diamond,oasis,Cassidy,DAMAGE,48.8,41.2
Competitive,Diamond,oasis,D.Va,TANK,48.3,8.6
Competitive,Diamond,oasis,Domina,TANK,54.5,6.5
Competitive,Diamond,oasis,Doomfist,TANK,51.1,10.7
Competitive,Diamond,oasis,Echo,DAMAGE,55.5,7.4
Competitive,Diamond,oasis,Emre,DAMAGE,52.1,18.4
Competitive,Diamond,oasis,Freja,DAMAGE,48.8,3.3
Competitive,Diamond,oasis,Genji,DAMAGE,49.4,16.5
Competitive,Diamond,oasis,Hanzo,DAMAGE,48.9,4.7
Competitive,Diamond,oasis,Hazard,TANK,53.3,4.0
Competitive,Diamond,oasis,Illari,SUPPORT,54.0,9.1
Competitive,Diamond,oasis,Jetpack Cat,SUPPORT,51.3,4.1
Competitive,Diamond,oasis,Junker Queen,TANK,50.2,3.4
Competitive,Diamond,oasis,Junkrat,DAMAGE,50.6,2.4
Competitive,Diamond,oasis,Juno,SUPPORT,46.2,4.0
Competitive,Diamond,oasis,Kiriko,SUPPORT,49.6,46.4
Competitive,Diamond,oasis,Lifeweaver,SUPPORT,36.6,2.5
Competitive,Diamond,oasis,Lúcio,SUPPORT,50.3,6.5
Competitive,Diamond,oasis,Mauga,TANK,49.4,3.8
Competitive,Diamond,oasis,Mei,DAMAGE,49.8,5.1
Competitive,Diamond,oasis,Mercy,SUPPORT,47.8,4.8
Competitive,Diamond,oasis,Mizuki,SUPPORT,51.2,19.8
Competitive,Diamond,oasis,Moira,SUPPORT,49.3,13.1
Competitive,Diamond,oasis,Orisa,TANK,48.8,8.1
Competitive,Diamond,oasis,Pharah,DAMAGE,52.5,5.2
Competitive,Diamond,oasis,Ramattra,TANK,42.5,3.1
Competitive,Diamond,oasis,Reaper,DAMAGE,52.4,10.9
Competitive,Diamond,oasis,Reinhardt,TANK,45.3,5.4
Competitive,Diamond,oasis,Roadhog,TANK,50.6,9.2
Competitive,Diamond,oasis,Sigma,TANK,51.6,7.4
Competitive,Diamond,oasis,Sojourn,DAMAGE,43.4,13.7
Competitive,Diamond,oasis,Soldier: 76,DAMAGE,51.3,10.4
Competitive,Diamond,oasis,Sombra,DAMAGE,49.5,5.1
Competitive,Diamond,oasis,Symmetra,DAMAGE,52.9,3.7
Competitive,Diamond,oasis,Torbjörn,DAMAGE,49.4,3.1
Competitive,Diamond,oasis,Tracer,DAMAGE,51.8,25.0
Competitive,Diamond,oasis,Vendetta,DAMAGE,47.7,3.6
Competitive,Diamond,oasis,Venture,DAMAGE,50.0,4.8
Competitive,Diamond,oasis,Widowmaker,DAMAGE,27.5,0.8
Competitive,Diamond,oasis,Winston,TANK,52.0,17.0
Competitive,Diamond,oasis,Wrecking Ball,TANK,46.3,5.3
Competitive,Diamond,oasis,Wuyang,SUPPORT,53.9,19.0
Competitive,Diamond,oasis,Zarya,TANK,49.3,7.6
Competitive,Diamond,oasis,Zenyatta,SUPPORT,52.0,9.0
Competitive,Diamond,samoa,Ana,SUPPORT,47.1,48.8
Competitive,Diamond,samoa,Anran,DAMAGE,52.6,9.8
Competitive,Diamond,samoa,Ashe,DAMAGE,50.9,5.7
Competitive,Diamond,samoa,Baptiste,SUPPORT,48.5,7.4
Competitive,Diamond,samoa,Bastion,DAMAGE,45.8,3.3
Competitive,Diamond,samoa,Brigitte,SUPPORT,48.8,5.9
Competitive,Diamond,samoa,Cassidy,DAMAGE,47.6,35.8
Competitive,Diamond,samoa,D.Va,TANK,48.0,6.6
Competitive,Diamond,samoa,Domina,TANK,55.7,7.4
Competitive,Diamond,samoa,Doomfist,TANK,47.1,9.1
Competitive,Diamond,samoa,Echo,DAMAGE,52.7,5.8
Competitive,Diamond,samoa,Emre,DAMAGE,54.5,21.7
Competitive,Diamond,samoa,Freja,DAMAGE,44.6,2.8
Competitive,Diamond,samoa,Genji,DAMAGE,51.2,14.1
Competitive,Diamond,samoa,Hanzo,DAMAGE,47.6,4.9
Competitive,Diamond,samoa,Hazard,TANK,55.6,3.7
Competitive,Diamond,samoa,Illari,SUPPORT,53.0,11.0
Competitive,Diamond,samoa,Jetpack Cat,SUPPORT,51.5,4.1
Competitive,Diamond,samoa,Junker Queen,TANK,49.0,3.5
Competitive,Diamond,samoa,Junkrat,DAMAGE,50.6,2.2
Competitive,Diamond,samoa,Juno,SUPPORT,47.6,4.6
Competitive,Diamond,samoa,Kiriko,SUPPORT,48.1,43.5
Competitive,Diamond,samoa,Lifeweaver,SUPPORT,43.4,2.3
Competitive,Diamond,samoa,Lúcio,SUPPORT,51.8,6.3
Competitive,Diamond,samoa,Mauga,TANK,48.0,4.6
Competitive,Diamond,samoa,Mei,DAMAGE,48.8,5.7
Competitive,Diamond,samoa,Mercy,SUPPORT,51.0,4.1
Competitive,Diamond,samoa,Mizuki,SUPPORT,53.3,18.4
Competitive,Diamond,samoa,Moira,SUPPORT,49.8,13.3
Competitive,Diamond,samoa,Orisa,TANK,45.6,8.7
Competitive,Diamond,samoa,Pharah,DAMAGE,52.1,4.0
Competitive,Diamond,samoa,Ramattra,TANK,50.5,4.3
Competitive,Diamond,samoa,Reaper,DAMAGE,52.1,12.1
Competitive,Diamond,samoa,Reinhardt,TANK,47.1,6.4
Competitive,Diamond,samoa,Roadhog,TANK,51.7,8.3
Competitive,Diamond,samoa,Sigma,TANK,54.8,10.7
Competitive,Diamond,samoa,Sojourn,DAMAGE,46.0,17.7
Competitive,Diamond,samoa,Soldier: 76,DAMAGE,50.9,9.2
Competitive,Diamond,samoa,Sombra,DAMAGE,48.2,4.6
Competitive,Diamond,samoa,Symmetra,DAMAGE,53.9,4.6
Competitive,Diamond,samoa,Torbjörn,DAMAGE,54.2,2.9
Competitive,Diamond,samoa,Tracer,DAMAGE,49.6,23.6
Competitive,Diamond,samoa,Vendetta,DAMAGE,48.3,3.7
Competitive,Diamond,samoa,Venture,DAMAGE,49.2,5.0
Competitive,Diamond,samoa,Widowmaker,DAMAGE,27.7,0.7
Competitive,Diamond,samoa,Winston,TANK,51.0,13.7
Competitive,Diamond,samoa,Wrecking Ball,TANK,46.3,4.4
Competitive,Diamond,samoa,Wuyang,SUPPORT,53.5,20.3
Competitive,Diamond,samoa,Zarya,TANK,47.7,8.6
Competitive,Diamond,samoa,Zenyatta,SUPPORT,48.9,10.2
Competitive,Diamond,busan,Ana,SUPPORT,47.4,50.6
Competitive,Diamond,busan,Anran,DAMAGE,46.9,8.2
Competitive,Diamond,busan,Ashe,DAMAGE,50.4,8.0
Competitive,Diamond,busan,Baptiste,SUPPORT,49.2,6.0
Competitive,Diamond,busan,Bastion,DAMAGE,48.1,2.9
Competitive,Diamond,busan,Brigitte,SUPPORT,47.3,6.7
Competitive,Diamond,busan,Cassidy,DAMAGE,45.8,32.7
Competitive,Diamond,busan,D.Va,TANK,51.5,8.3
Competitive,Diamond,busan,Domina,TANK,52.5,6.6
Competitive,Diamond,busan,Doomfist,TANK,47.2,9.5
Competitive,Diamond,busan,Echo,DAMAGE,53.6,4.7
Competitive,Diamond,busan,Emre,DAMAGE,53.3,21.0
Competitive,Diamond,busan,Freja,DAMAGE,41.2,2.8
Competitive,Diamond,busan,Genji,DAMAGE,49.2,15.8
Competitive,Diamond,busan,Hanzo,DAMAGE,51.3,4.9
Competitive,Diamond,busan,Hazard,TANK,52.9,3.5
Competitive,Diamond,busan,Illari,SUPPORT,56.2,10.1
Competitive,Diamond,busan,Jetpack Cat,SUPPORT,47.7,3.9
Competitive,Diamond,busan,Junker Queen,TANK,45.4,3.0
Competitive,Diamond,busan,Junkrat,DAMAGE,53.4,2.8
Competitive,Diamond,busan,Juno,SUPPORT,56.8,3.7
Competitive,Diamond,busan,Kiriko,SUPPORT,48.4,45.5
Competitive,Diamond,busan,Lifeweaver,SUPPORT,38.1,2.4
Competitive,Diamond,busan,Lúcio,SUPPORT,44.0,5.5
Competitive,Diamond,busan,Mauga,TANK,49.9,3.4
Competitive,Diamond,busan,Mei,DAMAGE,47.4,5.4
Competitive,Diamond,busan,Mercy,SUPPORT,48.9,4.4
Competitive,Diamond,busan,Mizuki,SUPPORT,53.2,18.3
Competitive,Diamond,busan,Moira,SUPPORT,51.7,13.3
Competitive,Diamond,busan,Orisa,TANK,50.8,7.7
Competitive,Diamond,busan,Pharah,DAMAGE,48.9,2.3
Competitive,Diamond,busan,Ramattra,TANK,45.0,3.1
Competitive,Diamond,busan,Reaper,DAMAGE,50.5,10.1
Competitive,Diamond,busan,Reinhardt,TANK,45.5,5.6
Competitive,Diamond,busan,Roadhog,TANK,48.3,8.3
Competitive,Diamond,busan,Sigma,TANK,51.5,8.8
Competitive,Diamond,busan,Sojourn,DAMAGE,46.3,15.7
Competitive,Diamond,busan,Soldier: 76,DAMAGE,52.5,14.5
Competitive,Diamond,busan,Sombra,DAMAGE,47.4,6.3
Competitive,Diamond,busan,Symmetra,DAMAGE,54.3,3.8
Competitive,Diamond,busan,Torbjörn,DAMAGE,58.6,3.0
Competitive,Diamond,busan,Tracer,DAMAGE,50.6,23.6
Competitive,Diamond,busan,Vendetta,DAMAGE,60.6,3.7
Competitive,Diamond,busan,Venture,DAMAGE,54.3,3.9
Competitive,Diamond,busan,Widowmaker,DAMAGE,52.7,3.6
Competitive,Diamond,busan,Winston,TANK,54.4,18.4
Competitive,Diamond,busan,Wrecking Ball,TANK,45.0,6.2
Competitive,Diamond,busan,Wuyang,SUPPORT,51.9,19.3
Competitive,Diamond,busan,Zarya,TANK,50.4,7.7
Competitive,Diamond,busan,Zenyatta,SUPPORT,51.0,10.2
Competitive,Diamond,route-66,Ana,SUPPORT,53.7,61.8
Competitive,Diamond,route-66,Anran,DAMAGE,50.5,5.5
Competitive,Diamond,route-66,Ashe,DAMAGE,52.6,18.7
Competitive,Diamond,route-66,Baptiste,SUPPORT,40.4,8.4
Competitive,Diamond,route-66,Bastion,DAMAGE,44.7,4.3
Competitive,Diamond,route-66,Brigitte,SUPPORT,45.7,5.4
Competitive,Diamond,route-66,Cassidy,DAMAGE,46.0,25.3
Competitive,Diamond,route-66,D.Va,TANK,50.5,9.9
Competitive,Diamond,route-66,Domina,TANK,52.8,6.0
Competitive,Diamond,route-66,Doomfist,TANK,49.6,9.0
Competitive,Diamond,route-66,Echo,DAMAGE,55.0,7.6
Competitive,Diamond,route-66,Emre,DAMAGE,52.8,22.5
Competitive,Diamond,route-66,Freja,DAMAGE,47.9,7.2
Competitive,Diamond,route-66,Genji,DAMAGE,53.1,19.7
Competitive,Diamond,route-66,Hanzo,DAMAGE,47.4,8.8
Competitive,Diamond,route-66,Hazard,TANK,54.8,3.7
Competitive,Diamond,route-66,Illari,SUPPORT,58.5,17.8
Competitive,Diamond,route-66,Jetpack Cat,SUPPORT,49.4,3.9
Competitive,Diamond,route-66,Junker Queen,TANK,44.1,1.4
Competitive,Diamond,route-66,Junkrat,DAMAGE,51.0,2.6
Competitive,Diamond,route-66,Juno,SUPPORT,50.6,4.0
Competitive,Diamond,route-66,Kiriko,SUPPORT,47.5,36.3
Competitive,Diamond,route-66,Lifeweaver,SUPPORT,44.9,4.1
Competitive,Diamond,route-66,Lúcio,SUPPORT,43.7,2.0
Competitive,Diamond,route-66,Mauga,TANK,36.5,2.6
Competitive,Diamond,route-66,Mei,DAMAGE,50.8,5.8
Competitive,Diamond,route-66,Mercy,SUPPORT,49.9,8.6
Competitive,Diamond,route-66,Mizuki,SUPPORT,48.7,11.0
Competitive,Diamond,route-66,Moira,SUPPORT,45.6,6.9
Competitive,Diamond,route-66,Orisa,TANK,46.6,6.0
Competitive,Diamond,route-66,Pharah,DAMAGE,50.1,3.0
Competitive,Diamond,route-66,Ramattra,TANK,44.3,1.9
Competitive,Diamond,route-66,Reaper,DAMAGE,48.0,9.4
Competitive,Diamond,route-66,Reinhardt,TANK,38.0,3.8
Competitive,Diamond,route-66,Roadhog,TANK,44.9,8.3
Competitive,Diamond,route-66,Sigma,TANK,52.7,14.4
Competitive,Diamond,route-66,Sojourn,DAMAGE,47.3,13.7
Competitive,Diamond,route-66,Soldier: 76,DAMAGE,49.1,11.0
Competitive,Diamond,route-66,Sombra,DAMAGE,50.8,4.6
Competitive,Diamond,route-66,Symmetra,DAMAGE,49.5,2.2
Competitive,Diamond,route-66,Torbjörn,DAMAGE,43.6,3.6
Competitive,Diamond,route-66,Tracer,DAMAGE,49.6,11.5
Competitive,Diamond,route-66,Vendetta,DAMAGE,45.4,3.1
Competitive,Diamond,route-66,Venture,DAMAGE,54.6,4.2
Competitive,Diamond,route-66,Widowmaker,DAMAGE,54.0,5.8
Competitive,Diamond,route-66,Winston,TANK,55.3,23.1
Competitive,Diamond,route-66,Wrecking Ball,TANK,48.9,4.2
Competitive,Diamond,route-66,Wuyang,SUPPORT,52.2,16.7
Competitive,Diamond,route-66,Zarya,TANK,50.3,5.9
Competitive,Diamond,route-66,Zenyatta,SUPPORT,50.1,13.1
Competitive,Diamond,havana,Ana,SUPPORT,51.9,65.9
Competitive,Diamond,havana,Anran,DAMAGE,51.8,4.4
Competitive,Diamond,havana,Ashe,DAMAGE,50.6,18.2
Competitive,Diamond,havana,Baptiste,SUPPORT,48.2,9.3
Competitive,Diamond,havana,Bastion,DAMAGE,45.6,4.0
Competitive,Diamond,havana,Brigitte,SUPPORT,39.6,2.0
Competitive,Diamond,havana,Cassidy,DAMAGE,44.8,16.9
Competitive,Diamond,havana,D.Va,TANK,48.2,5.4
Competitive,Diamond,havana,Domina,TANK,56.8,8.6
Competitive,Diamond,havana,Doomfist,TANK,39.5,6.9
Competitive,Diamond,havana,Echo,DAMAGE,55.0,3.7
Competitive,Diamond,havana,Emre,DAMAGE,56.0,24.5
Competitive,Diamond,havana,Freja,DAMAGE,46.9,6.9
Competitive,Diamond,havana,Genji,DAMAGE,50.1,16.8
Competitive,Diamond,havana,Hanzo,DAMAGE,52.2,14.8
Competitive,Diamond,havana,Hazard,TANK,57.8,1.5
Competitive,Diamond,havana,Illari,SUPPORT,54.7,19.7
Competitive,Diamond,havana,Jetpack Cat,SUPPORT,41.0,3.0
Competitive,Diamond,havana,Junker Queen,TANK,49.4,1.4
Competitive,Diamond,havana,Junkrat,DAMAGE,46.9,2.5
Competitive,Diamond,havana,Juno,SUPPORT,52.2,3.4
Competitive,Diamond,havana,Kiriko,SUPPORT,45.7,32.2
Competitive,Diamond,havana,Lifeweaver,SUPPORT,48.0,3.7
Competitive,Diamond,havana,Lúcio,SUPPORT,36.6,1.5
Competitive,Diamond,havana,Mauga,TANK,40.3,2.1
Competitive,Diamond,havana,Mei,DAMAGE,54.7,6.6
Competitive,Diamond,havana,Mercy,SUPPORT,48.9,6.9
Competitive,Diamond,havana,Mizuki,SUPPORT,50.4,8.0
Competitive,Diamond,havana,Moira,SUPPORT,39.8,5.8
Competitive,Diamond,havana,Orisa,TANK,49.5,7.6
Competitive,Diamond,havana,Pharah,DAMAGE,45.6,2.3
Competitive,Diamond,havana,Ramattra,TANK,53.3,3.8
Competitive,Diamond,havana,Reaper,DAMAGE,42.6,6.1
Competitive,Diamond,havana,Reinhardt,TANK,48.2,6.0
Competitive,Diamond,havana,Roadhog,TANK,39.3,6.4
Competitive,Diamond,havana,Sigma,TANK,59.4,25.5
Competitive,Diamond,havana,Sojourn,DAMAGE,46.7,17.2
Competitive,Diamond,havana,Soldier: 76,DAMAGE,50.0,10.6
Competitive,Diamond,havana,Sombra,DAMAGE,50.0,5.0
Competitive,Diamond,havana,Symmetra,DAMAGE,51.6,2.4
Competitive,Diamond,havana,Torbjörn,DAMAGE,46.5,3.8
Competitive,Diamond,havana,Tracer,DAMAGE,48.1,8.7
Competitive,Diamond,havana,Vendetta,DAMAGE,46.0,3.0
Competitive,Diamond,havana,Venture,DAMAGE,48.0,3.1
Competitive,Diamond,havana,Widowmaker,DAMAGE,55.5,18.4
Competitive,Diamond,havana,Winston,TANK,48.9,14.7
Competitive,Diamond,havana,Wrecking Ball,TANK,47.1,3.6
Competitive,Diamond,havana,Wuyang,SUPPORT,53.7,15.2
Competitive,Diamond,havana,Zarya,TANK,42.6,6.6
Competitive,Diamond,havana,Zenyatta,SUPPORT,54.2,23.4
Competitive,Diamond,junkertown,Ana,SUPPORT,50.8,62.8
Competitive,Diamond,junkertown,Anran,DAMAGE,53.6,4.4
Competitive,Diamond,junkertown,Ashe,DAMAGE,54.9,18.2
Competitive,Diamond,junkertown,Baptiste,SUPPORT,44.6,9.0
Competitive,Diamond,junkertown,Bastion,DAMAGE,44.6,3.8
Competitive,Diamond,junkertown,Brigitte,SUPPORT,48.2,4.5
Competitive,Diamond,junkertown,Cassidy,DAMAGE,45.3,23.2
Competitive,Diamond,junkertown,D.Va,TANK,50.2,8.5
Competitive,Diamond,junkertown,Domina,TANK,55.9,6.7
Competitive,Diamond,junkertown,Doomfist,TANK,44.2,7.1
Competitive,Diamond,junkertown,Echo,DAMAGE,53.0,5.8
Competitive,Diamond,junkertown,Emre,DAMAGE,52.7,23.7
Competitive,Diamond,junkertown,Freja,DAMAGE,48.5,6.7
Competitive,Diamond,junkertown,Genji,DAMAGE,51.1,18.7
Competitive,Diamond,junkertown,Hanzo,DAMAGE,46.9,9.8
Competitive,Diamond,junkertown,Hazard,TANK,44.7,2.6
Competitive,Diamond,junkertown,Illari,SUPPORT,54.8,18.2
Competitive,Diamond,junkertown,Jetpack Cat,SUPPORT,49.6,3.8
Competitive,Diamond,junkertown,Junker Queen,TANK,40.5,1.6
Competitive,Diamond,junkertown,Junkrat,DAMAGE,41.1,2.3
Competitive,Diamond,junkertown,Juno,SUPPORT,49.2,3.9
Competitive,Diamond,junkertown,Kiriko,SUPPORT,50.2,36.6
Competitive,Diamond,junkertown,Lifeweaver,SUPPORT,35.3,4.0
Competitive,Diamond,junkertown,Lúcio,SUPPORT,34.8,1.5
Competitive,Diamond,junkertown,Mauga,TANK,50.2,3.1
Competitive,Diamond,junkertown,Mei,DAMAGE,53.4,5.5
Competitive,Diamond,junkertown,Mercy,SUPPORT,46.6,7.6
Competitive,Diamond,junkertown,Mizuki,SUPPORT,47.1,9.2
Competitive,Diamond,junkertown,Moira,SUPPORT,51.2,6.5
Competitive,Diamond,junkertown,Orisa,TANK,44.2,6.1
Competitive,Diamond,junkertown,Pharah,DAMAGE,50.0,2.0
Competitive,Diamond,junkertown,Ramattra,TANK,37.3,2.2
Competitive,Diamond,junkertown,Reaper,DAMAGE,49.0,7.3
Competitive,Diamond,junkertown,Reinhardt,TANK,48.2,4.6
Competitive,Diamond,junkertown,Roadhog,TANK,46.7,8.5
Competitive,Diamond,junkertown,Sigma,TANK,58.2,20.7
Competitive,Diamond,junkertown,Sojourn,DAMAGE,49.0,13.6
Competitive,Diamond,junkertown,Soldier: 76,DAMAGE,49.8,13.4
Competitive,Diamond,junkertown,Sombra,DAMAGE,47.3,5.4
Competitive,Diamond,junkertown,Symmetra,DAMAGE,48.2,1.8
Competitive,Diamond,junkertown,Torbjörn,DAMAGE,39.9,3.5
Competitive,Diamond,junkertown,Tracer,DAMAGE,51.4,11.1
Competitive,Diamond,junkertown,Vendetta,DAMAGE,55.8,2.8
Competitive,Diamond,junkertown,Venture,DAMAGE,45.1,3.5
Competitive,Diamond,junkertown,Widowmaker,DAMAGE,54.0,13.5
Competitive,Diamond,junkertown,Winston,TANK,54.8,18.3
Competitive,Diamond,junkertown,Wrecking Ball,TANK,43.6,5.3
Competitive,Diamond,junkertown,Wuyang,SUPPORT,56.9,16.9
Competitive,Diamond,junkertown,Zarya,TANK,41.7,4.7
Competitive,Diamond,junkertown,Zenyatta,SUPPORT,49.8,15.5
Competitive,Diamond,dorado,Ana,SUPPORT,54.1,59.5
Competitive,Diamond,dorado,Anran,DAMAGE,49.4,5.4
Competitive,Diamond,dorado,Ashe,DAMAGE,53.0,16.5
Competitive,Diamond,dorado,Baptiste,SUPPORT,40.7,8.3
Competitive,Diamond,dorado,Bastion,DAMAGE,47.3,3.6
Competitive,Diamond,dorado,Brigitte,SUPPORT,49.4,7.6
Competitive,Diamond,dorado,Cassidy,DAMAGE,43.9,26.1
Competitive,Diamond,dorado,D.Va,TANK,48.5,13.4
Competitive,Diamond,dorado,Domina,TANK,47.9,4.5
Competitive,Diamond,dorado,Doomfist,TANK,48.9,8.2
Competitive,Diamond,dorado,Echo,DAMAGE,55.6,12.9
Competitive,Diamond,dorado,Emre,DAMAGE,53.1,22.5
Competitive,Diamond,dorado,Freja,DAMAGE,46.4,6.6
Competitive,Diamond,dorado,Genji,DAMAGE,50.8,21.1
Competitive,Diamond,dorado,Hanzo,DAMAGE,52.4,6.4
Competitive,Diamond,dorado,Hazard,TANK,51.4,4.4
Competitive,Diamond,dorado,Illari,SUPPORT,51.9,15.8
Competitive,Diamond,dorado,Jetpack Cat,SUPPORT,51.5,6.4
Competitive,Diamond,dorado,Junker Queen,TANK,39.7,1.2
Competitive,Diamond,dorado,Junkrat,DAMAGE,49.5,2.9
Competitive,Diamond,dorado,Juno,SUPPORT,46.8,3.6
Competitive,Diamond,dorado,Kiriko,SUPPORT,49.8,42.4
Competitive,Diamond,dorado,Lifeweaver,SUPPORT,41.1,4.2
Competitive,Diamond,dorado,Lúcio,SUPPORT,42.3,2.1
Competitive,Diamond,dorado,Mauga,TANK,52.1,2.4
Competitive,Diamond,dorado,Mei,DAMAGE,50.5,5.3
Competitive,Diamond,dorado,Mercy,SUPPORT,48.6,7.6
Competitive,Diamond,dorado,Mizuki,SUPPORT,50.8,11.8
Competitive,Diamond,dorado,Moira,SUPPORT,46.8,6.2
Competitive,Diamond,dorado,Orisa,TANK,43.7,5.0
Competitive,Diamond,dorado,Pharah,DAMAGE,55.2,4.2
Competitive,Diamond,dorado,Ramattra,TANK,31.1,1.4
Competitive,Diamond,dorado,Reaper,DAMAGE,50.1,11.7
Competitive,Diamond,dorado,Reinhardt,TANK,43.3,3.8
Competitive,Diamond,dorado,Roadhog,TANK,39.1,7.9
Competitive,Diamond,dorado,Sigma,TANK,49.5,9.2
Competitive,Diamond,dorado,Sojourn,DAMAGE,44.0,9.5
Competitive,Diamond,dorado,Soldier: 76,DAMAGE,52.3,11.9
Competitive,Diamond,dorado,Sombra,DAMAGE,45.5,4.7
Competitive,Diamond,dorado,Symmetra,DAMAGE,53.9,2.9
Competitive,Diamond,dorado,Torbjörn,DAMAGE,44.9,3.4
Competitive,Diamond,dorado,Tracer,DAMAGE,50.2,11.6
Competitive,Diamond,dorado,Vendetta,DAMAGE,48.8,3.6
Competitive,Diamond,dorado,Venture,DAMAGE,54.2,3.5
Competitive,Diamond,dorado,Widowmaker,DAMAGE,46.7,3.8
Competitive,Diamond,dorado,Winston,TANK,60.0,30.0
Competitive,Diamond,dorado,Wrecking Ball,TANK,54.0,4.9
Competitive,Diamond,dorado,Wuyang,SUPPORT,50.8,15.3
Competitive,Diamond,dorado,Zarya,TANK,46.6,3.7
Competitive,Diamond,dorado,Zenyatta,SUPPORT,54.6,9.1
Competitive,Diamond,watchpoint-gibraltar,Ana,SUPPORT,51.1,60.6
Competitive,Diamond,watchpoint-gibraltar,Anran,DAMAGE,53.3,5.1
Competitive,Diamond,watchpoint-gibraltar,Ashe,DAMAGE,54.6,19.6
Competitive,Diamond,watchpoint-gibraltar,Baptiste,SUPPORT,43.6,8.3
Competitive,Diamond,watchpoint-gibraltar,Bastion,DAMAGE,43.0,2.9
Competitive,Diamond,watchpoint-gibraltar,Brigitte,SUPPORT,45.9,7.2
Competitive,Diamond,watchpoint-gibraltar,Cassidy,DAMAGE,44.1,23.5
Competitive,Diamond,watchpoint-gibraltar,D.Va,TANK,52.7,13.1
Competitive,Diamond,watchpoint-gibraltar,Domina,TANK,46.2,3.7
Competitive,Diamond,watchpoint-gibraltar,Doomfist,TANK,48.9,9.7
Competitive,Diamond,watchpoint-gibraltar,Echo,DAMAGE,52.6,10.4
Competitive,Diamond,watchpoint-gibraltar,Emre,DAMAGE,51.9,22.4
Competitive,Diamond,watchpoint-gibraltar,Freja,DAMAGE,46.8,7.2
Competitive,Diamond,watchpoint-gibraltar,Genji,DAMAGE,51.3,22.3
Competitive,Diamond,watchpoint-gibraltar,Hanzo,DAMAGE,48.6,8.4
Competitive,Diamond,watchpoint-gibraltar,Hazard,TANK,56.3,5.5
Competitive,Diamond,watchpoint-gibraltar,Illari,SUPPORT,55.6,14.2
Competitive,Diamond,watchpoint-gibraltar,Jetpack Cat,SUPPORT,52.8,6.1
Competitive,Diamond,watchpoint-gibraltar,Junker Queen,TANK,41.4,1.1
Competitive,Diamond,watchpoint-gibraltar,Junkrat,DAMAGE,49.5,2.6
Competitive,Diamond,watchpoint-gibraltar,Juno,SUPPORT,51.0,4.5
Competitive,Diamond,watchpoint-gibraltar,Kiriko,SUPPORT,49.0,44.8
Competitive,Diamond,watchpoint-gibraltar,Lifeweaver,SUPPORT,43.5,4.3
Competitive,Diamond,watchpoint-gibraltar,Lúcio,SUPPORT,41.0,1.8
Competitive,Diamond,watchpoint-gibraltar,Mauga,TANK,50.7,2.3
Competitive,Diamond,watchpoint-gibraltar,Mei,DAMAGE,38.8,3.9
Competitive,Diamond,watchpoint-gibraltar,Mercy,SUPPORT,49.5,9.2
Competitive,Diamond,watchpoint-gibraltar,Mizuki,SUPPORT,46.0,10.2
Competitive,Diamond,watchpoint-gibraltar,Moira,SUPPORT,49.1,6.1
Competitive,Diamond,watchpoint-gibraltar,Orisa,TANK,40.6,4.2
Competitive,Diamond,watchpoint-gibraltar,Pharah,DAMAGE,52.3,2.5
Competitive,Diamond,watchpoint-gibraltar,Ramattra,TANK,35.4,1.1
Competitive,Diamond,watchpoint-gibraltar,Reaper,DAMAGE,51.4,11.3
Competitive,Diamond,watchpoint-gibraltar,Reinhardt,TANK,42.1,2.6
Competitive,Diamond,watchpoint-gibraltar,Roadhog,TANK,44.7,7.6
Competitive,Diamond,watchpoint-gibraltar,Sigma,TANK,48.4,8.3
Competitive,Diamond,watchpoint-gibraltar,Sojourn,DAMAGE,45.1,8.0
Competitive,Diamond,watchpoint-gibraltar,Soldier: 76,DAMAGE,51.9,12.6
Competitive,Diamond,watchpoint-gibraltar,Sombra,DAMAGE,46.0,5.0
Competitive,Diamond,watchpoint-gibraltar,Symmetra,DAMAGE,48.5,2.6
Competitive,Diamond,watchpoint-gibraltar,Torbjörn,DAMAGE,45.8,3.2
Competitive,Diamond,watchpoint-gibraltar,Tracer,DAMAGE,51.3,13.4
Competitive,Diamond,watchpoint-gibraltar,Vendetta,DAMAGE,57.0,3.6
Competitive,Diamond,watchpoint-gibraltar,Venture,DAMAGE,57.4,3.9
Competitive,Diamond,watchpoint-gibraltar,Widowmaker,DAMAGE,49.3,5.7
Competitive,Diamond,watchpoint-gibraltar,Winston,TANK,56.2,33.1
Competitive,Diamond,watchpoint-gibraltar,Wrecking Ball,TANK,49.3,4.9
Competitive,Diamond,watchpoint-gibraltar,Wuyang,SUPPORT,55.5,13.8
Competitive,Diamond,watchpoint-gibraltar,Zarya,TANK,44.2,2.8
Competitive,Diamond,watchpoint-gibraltar,Zenyatta,SUPPORT,51.8,9.1
Competitive,Diamond,circuit-royal,Ana,SUPPORT,53.3,64.8
Competitive,Diamond,circuit-royal,Anran,DAMAGE,52.6,3.3
Competitive,Diamond,circuit-royal,Ashe,DAMAGE,51.9,20.3
Competitive,Diamond,circuit-royal,Baptiste,SUPPORT,49.5,13.8
Competitive,Diamond,circuit-royal,Bastion,DAMAGE,49.2,5.5
Competitive,Diamond,circuit-royal,Brigitte,SUPPORT,44.4,1.5
Competitive,Diamond,circuit-royal,Cassidy,DAMAGE,46.3,14.0
Competitive,Diamond,circuit-royal,D.Va,TANK,45.0,4.7
Competitive,Diamond,circuit-royal,Domina,TANK,57.8,9.5
Competitive,Diamond,circuit-royal,Doomfist,TANK,46.7,7.2
Competitive,Diamond,circuit-royal,Echo,DAMAGE,49.0,5.7
Competitive,Diamond,circuit-royal,Emre,DAMAGE,53.2,25.5
Competitive,Diamond,circuit-royal,Freja,DAMAGE,49.3,9.5
Competitive,Diamond,circuit-royal,Genji,DAMAGE,48.1,15.1
Competitive,Diamond,circuit-royal,Hanzo,DAMAGE,49.3,15.8
Competitive,Diamond,circuit-royal,Hazard,TANK,48.6,1.1
Competitive,Diamond,circuit-royal,Illari,SUPPORT,55.7,24.2
Competitive,Diamond,circuit-royal,Jetpack Cat,SUPPORT,49.3,3.7
Competitive,Diamond,circuit-royal,Junker Queen,TANK,40.2,1.1
Competitive,Diamond,circuit-royal,Junkrat,DAMAGE,48.7,2.9
Competitive,Diamond,circuit-royal,Juno,SUPPORT,50.0,4.7
Competitive,Diamond,circuit-royal,Kiriko,SUPPORT,42.1,23.8
Competitive,Diamond,circuit-royal,Lifeweaver,SUPPORT,40.7,4.0
Competitive,Diamond,circuit-royal,Lúcio,SUPPORT,40.7,1.5
Competitive,Diamond,circuit-royal,Mauga,TANK,42.6,1.9
Competitive,Diamond,circuit-royal,Mei,DAMAGE,50.9,7.2
Competitive,Diamond,circuit-royal,Mercy,SUPPORT,50.4,6.7
Competitive,Diamond,circuit-royal,Mizuki,SUPPORT,50.1,7.1
Competitive,Diamond,circuit-royal,Moira,SUPPORT,40.7,4.8
Competitive,Diamond,circuit-royal,Orisa,TANK,47.0,7.2
Competitive,Diamond,circuit-royal,Pharah,DAMAGE,52.0,5.7
Competitive,Diamond,circuit-royal,Ramattra,TANK,48.0,5.5
Competitive,Diamond,circuit-royal,Reaper,DAMAGE,49.3,4.7
Competitive,Diamond,circuit-royal,Reinhardt,TANK,45.7,6.9
Competitive,Diamond,circuit-royal,Roadhog,TANK,34.6,4.3
Competitive,Diamond,circuit-royal,Sigma,TANK,63.3,29.5
Competitive,Diamond,circuit-royal,Sojourn,DAMAGE,49.2,21.3
Competitive,Diamond,circuit-royal,Soldier: 76,DAMAGE,48.9,8.7
Competitive,Diamond,circuit-royal,Sombra,DAMAGE,44.4,3.2
Competitive,Diamond,circuit-royal,Symmetra,DAMAGE,52.3,2.5
Competitive,Diamond,circuit-royal,Torbjörn,DAMAGE,47.5,3.3
Competitive,Diamond,circuit-royal,Tracer,DAMAGE,43.4,4.0
Competitive,Diamond,circuit-royal,Vendetta,DAMAGE,53.1,2.6
Competitive,Diamond,circuit-royal,Venture,DAMAGE,44.4,3.0
Competitive,Diamond,circuit-royal,Widowmaker,DAMAGE,56.2,16.2
Competitive,Diamond,circuit-royal,Winston,TANK,42.5,10.1
Competitive,Diamond,circuit-royal,Wrecking Ball,TANK,48.8,3.8
Competitive,Diamond,circuit-royal,Wuyang,SUPPORT,49.9,16.1
Competitive,Diamond,circuit-royal,Zarya,TANK,46.6,7.3
Competitive,Diamond,circuit-royal,Zenyatta,SUPPORT,55.0,23.3
Competitive,Diamond,rialto,Ana,SUPPORT,52.7,63.1
Competitive,Diamond,rialto,Anran,DAMAGE,47.4,4.9
Competitive,Diamond,rialto,Ashe,DAMAGE,51.0,17.3
Competitive,Diamond,rialto,Baptiste,SUPPORT,46.0,8.8
Competitive,Diamond,rialto,Bastion,DAMAGE,42.8,4.0
Competitive,Diamond,rialto,Brigitte,SUPPORT,46.2,4.2
Competitive,Diamond,rialto,Cassidy,DAMAGE,44.9,20.2
Competitive,Diamond,rialto,D.Va,TANK,49.2,9.7
Competitive,Diamond,rialto,Domina,TANK,57.0,6.4
Competitive,Diamond,rialto,Doomfist,TANK,47.3,8.5
Competitive,Diamond,rialto,Echo,DAMAGE,55.8,10.2
Competitive,Diamond,rialto,Emre,DAMAGE,52.7,24.6
Competitive,Diamond,rialto,Freja,DAMAGE,47.9,5.9
Competitive,Diamond,rialto,Genji,DAMAGE,54.1,16.3
Competitive,Diamond,rialto,Hanzo,DAMAGE,50.7,9.2
Competitive,Diamond,rialto,Hazard,TANK,56.6,3.4
Competitive,Diamond,rialto,Illari,SUPPORT,55.3,17.6
Competitive,Diamond,rialto,Jetpack Cat,SUPPORT,49.0,4.9
Competitive,Diamond,rialto,Junker Queen,TANK,48.9,1.7
Competitive,Diamond,rialto,Junkrat,DAMAGE,47.6,2.7
Competitive,Diamond,rialto,Juno,SUPPORT,49.7,3.6
Competitive,Diamond,rialto,Kiriko,SUPPORT,47.1,35.7
Competitive,Diamond,rialto,Lifeweaver,SUPPORT,36.8,3.8
Competitive,Diamond,rialto,Lúcio,SUPPORT,41.3,1.7
Competitive,Diamond,rialto,Mauga,TANK,45.6,2.5
Competitive,Diamond,rialto,Mei,DAMAGE,52.3,6.4
Competitive,Diamond,rialto,Mercy,SUPPORT,49.1,7.2
Competitive,Diamond,rialto,Mizuki,SUPPORT,53.3,10.9
Competitive,Diamond,rialto,Moira,SUPPORT,43.4,6.4
Competitive,Diamond,rialto,Orisa,TANK,46.3,7.0
Competitive,Diamond,rialto,Pharah,DAMAGE,52.6,5.4
Competitive,Diamond,rialto,Ramattra,TANK,43.2,2.9
Competitive,Diamond,rialto,Reaper,DAMAGE,50.6,7.9
Competitive,Diamond,rialto,Reinhardt,TANK,45.6,5.4
Competitive,Diamond,rialto,Roadhog,TANK,46.1,7.6
Competitive,Diamond,rialto,Sigma,TANK,52.6,15.4
Competitive,Diamond,rialto,Sojourn,DAMAGE,44.9,14.6
Competitive,Diamond,rialto,Soldier: 76,DAMAGE,49.6,10.7
Competitive,Diamond,rialto,Sombra,DAMAGE,47.3,4.5
Competitive,Diamond,rialto,Symmetra,DAMAGE,47.7,2.6
Competitive,Diamond,rialto,Torbjörn,DAMAGE,51.7,3.6
Competitive,Diamond,rialto,Tracer,DAMAGE,50.0,12.8
Competitive,Diamond,rialto,Vendetta,DAMAGE,47.8,2.9
Competitive,Diamond,rialto,Venture,DAMAGE,49.2,4.0
Competitive,Diamond,rialto,Widowmaker,DAMAGE,51.9,9.0
Competitive,Diamond,rialto,Winston,TANK,53.5,19.2
Competitive,Diamond,rialto,Wrecking Ball,TANK,49.0,3.9
Competitive,Diamond,rialto,Wuyang,SUPPORT,52.9,17.3
Competitive,Diamond,rialto,Zarya,TANK,48.1,6.5
Competitive,Diamond,rialto,Zenyatta,SUPPORT,51.9,14.9
Competitive,Diamond,shambali-monastery,Ana,SUPPORT,52.3,58.4
Competitive,Diamond,shambali-monastery,Anran,DAMAGE,52.6,5.8
Competitive,Diamond,shambali-monastery,Ashe,DAMAGE,51.1,15.3
Competitive,Diamond,shambali-monastery,Baptiste,SUPPORT,43.0,10.4
Competitive,Diamond,shambali-monastery,Bastion,DAMAGE,44.0,4.3
Competitive,Diamond,shambali-monastery,Brigitte,SUPPORT,54.2,3.7
Competitive,Diamond,shambali-monastery,Cassidy,DAMAGE,47.1,23.8
Competitive,Diamond,shambali-monastery,D.Va,TANK,51.2,6.0
Competitive,Diamond,shambali-monastery,Domina,TANK,56.9,8.7
Competitive,Diamond,shambali-monastery,Doomfist,TANK,47.0,7.8
Competitive,Diamond,shambali-monastery,Echo,DAMAGE,57.3,10.6
Competitive,Diamond,shambali-monastery,Emre,DAMAGE,50.2,24.5
Competitive,Diamond,shambali-monastery,Freja,DAMAGE,50.2,6.1
Competitive,Diamond,shambali-monastery,Genji,DAMAGE,52.9,16.2
Competitive,Diamond,shambali-monastery,Hanzo,DAMAGE,46.3,8.8
Competitive,Diamond,shambali-monastery,Hazard,TANK,54.4,2.5
Competitive,Diamond,shambali-monastery,Illari,SUPPORT,53.0,18.5
Competitive,Diamond,shambali-monastery,Jetpack Cat,SUPPORT,50.7,4.1
Competitive,Diamond,shambali-monastery,Junker Queen,TANK,44.7,2.3
Competitive,Diamond,shambali-monastery,Junkrat,DAMAGE,48.2,3.6
Competitive,Diamond,shambali-monastery,Juno,SUPPORT,50.1,4.0
Competitive,Diamond,shambali-monastery,Kiriko,SUPPORT,48.4,34.0
Competitive,Diamond,shambali-monastery,Lifeweaver,SUPPORT,41.7,3.7
Competitive,Diamond,shambali-monastery,Lúcio,SUPPORT,40.6,2.6
Competitive,Diamond,shambali-monastery,Mauga,TANK,35.8,2.6
Competitive,Diamond,shambali-monastery,Mei,DAMAGE,50.0,6.9
Competitive,Diamond,shambali-monastery,Mercy,SUPPORT,46.0,6.1
Competitive,Diamond,shambali-monastery,Mizuki,SUPPORT,53.4,12.9
Competitive,Diamond,shambali-monastery,Moira,SUPPORT,47.0,7.9
Competitive,Diamond,shambali-monastery,Orisa,TANK,49.1,7.9
Competitive,Diamond,shambali-monastery,Pharah,DAMAGE,55.7,6.1
Competitive,Diamond,shambali-monastery,Ramattra,TANK,45.2,5.4
Competitive,Diamond,shambali-monastery,Reaper,DAMAGE,48.6,7.7
Competitive,Diamond,shambali-monastery,Reinhardt,TANK,43.8,6.7
Competitive,Diamond,shambali-monastery,Roadhog,TANK,46.9,7.5
Competitive,Diamond,shambali-monastery,Sigma,TANK,57.8,18.9
Competitive,Diamond,shambali-monastery,Sojourn,DAMAGE,47.4,16.5
Competitive,Diamond,shambali-monastery,Soldier: 76,DAMAGE,50.4,9.4
Competitive,Diamond,shambali-monastery,Sombra,DAMAGE,50.7,3.9
Competitive,Diamond,shambali-monastery,Symmetra,DAMAGE,51.0,3.1
Competitive,Diamond,shambali-monastery,Torbjörn,DAMAGE,45.9,3.2
Competitive,Diamond,shambali-monastery,Tracer,DAMAGE,49.8,11.5
Competitive,Diamond,shambali-monastery,Vendetta,DAMAGE,47.6,3.3
Competitive,Diamond,shambali-monastery,Venture,DAMAGE,53.7,4.6
Competitive,Diamond,shambali-monastery,Widowmaker,DAMAGE,42.7,4.6
Competitive,Diamond,shambali-monastery,Winston,TANK,48.6,11.3
Competitive,Diamond,shambali-monastery,Wrecking Ball,TANK,50.6,3.8
Competitive,Diamond,shambali-monastery,Wuyang,SUPPORT,51.2,18.8
Competitive,Diamond,shambali-monastery,Zarya,TANK,47.9,8.7
Competitive,Diamond,shambali-monastery,Zenyatta,SUPPORT,52.2,14.8
Competitive,Diamond,aatlis,Ana,SUPPORT,46.3,36.2
Competitive,Diamond,aatlis,Anran,DAMAGE,51.9,12.9
Competitive,Diamond,aatlis,Ashe,DAMAGE,43.5,1.8
Competitive,Diamond,aatlis,Baptiste,SUPPORT,50.0,5.2
Competitive,Diamond,aatlis,Bastion,DAMAGE,45.0,2.3
Competitive,Diamond,aatlis,Brigitte,SUPPORT,48.5,7.1
Competitive,Diamond,aatlis,Cassidy,DAMAGE,46.7,37.8
Competitive,Diamond,aatlis,D.Va,TANK,46.5,7.6
Competitive,Diamond,aatlis,Domina,TANK,54.1,7.3
Competitive,Diamond,aatlis,Doomfist,TANK,49.0,11.1
Competitive,Diamond,aatlis,Echo,DAMAGE,53.6,4.4
Competitive,Diamond,aatlis,Emre,DAMAGE,52.1,17.9
Competitive,Diamond,aatlis,Freja,DAMAGE,42.5,1.8
Competitive,Diamond,aatlis,Genji,DAMAGE,49.6,16.4
Competitive,Diamond,aatlis,Hanzo,DAMAGE,38.8,3.2
Competitive,Diamond,aatlis,Hazard,TANK,58.2,5.3
Competitive,Diamond,aatlis,Illari,SUPPORT,57.2,6.2
Competitive,Diamond,aatlis,Jetpack Cat,SUPPORT,47.6,3.8
Competitive,Diamond,aatlis,Junker Queen,TANK,53.8,4.9
Competitive,Diamond,aatlis,Junkrat,DAMAGE,48.8,4.1
Competitive,Diamond,aatlis,Juno,SUPPORT,52.4,3.5
Competitive,Diamond,aatlis,Kiriko,SUPPORT,44.2,50.9
Competitive,Diamond,aatlis,Lifeweaver,SUPPORT,48.9,1.9
Competitive,Diamond,aatlis,Lúcio,SUPPORT,54.5,10.5
Competitive,Diamond,aatlis,Mauga,TANK,50.6,3.9
Competitive,Diamond,aatlis,Mei,DAMAGE,48.6,5.4
Competitive,Diamond,aatlis,Mercy,SUPPORT,38.2,2.9
Competitive,Diamond,aatlis,Mizuki,SUPPORT,53.2,23.9
Competitive,Diamond,aatlis,Moira,SUPPORT,50.8,20.0
Competitive,Diamond,aatlis,Orisa,TANK,45.3,8.1
Competitive,Diamond,aatlis,Pharah,DAMAGE,44.2,3.3
Competitive,Diamond,aatlis,Ramattra,TANK,49.0,4.9
Competitive,Diamond,aatlis,Reaper,DAMAGE,53.7,13.9
Competitive,Diamond,aatlis,Reinhardt,TANK,53.5,6.3
Competitive,Diamond,aatlis,Roadhog,TANK,48.7,8.5
Competitive,Diamond,aatlis,Sigma,TANK,46.9,7.4
Competitive,Diamond,aatlis,Sojourn,DAMAGE,47.8,16.6
Competitive,Diamond,aatlis,Soldier: 76,DAMAGE,47.3,9.2
Competitive,Diamond,aatlis,Sombra,DAMAGE,46.4,4.8
Competitive,Diamond,aatlis,Symmetra,DAMAGE,57.0,3.3
Competitive,Diamond,aatlis,Torbjörn,DAMAGE,53.4,2.8
Competitive,Diamond,aatlis,Tracer,DAMAGE,54.0,25.3
Competitive,Diamond,aatlis,Vendetta,DAMAGE,53.9,5.1
Competitive,Diamond,aatlis,Venture,DAMAGE,54.5,7.3
Competitive,Diamond,aatlis,Widowmaker,DAMAGE,27.9,0.3
Competitive,Diamond,aatlis,Winston,TANK,49.2,11.8
Competitive,Diamond,aatlis,Wrecking Ball,TANK,53.5,4.7
Competitive,Diamond,aatlis,Wuyang,SUPPORT,54.6,21.5
Competitive,Diamond,aatlis,Zarya,TANK,47.6,8.1
Competitive,Diamond,aatlis,Zenyatta,SUPPORT,53.3,6.2
Competitive,Diamond,new-junk-city,Ana,SUPPORT,45.9,39.8
Competitive,Diamond,new-junk-city,Anran,DAMAGE,52.0,11.8
Competitive,Diamond,new-junk-city,Ashe,DAMAGE,49.7,2.6
Competitive,Diamond,new-junk-city,Baptiste,SUPPORT,41.8,5.3
Competitive,Diamond,new-junk-city,Bastion,DAMAGE,37.7,2.9
Competitive,Diamond,new-junk-city,Brigitte,SUPPORT,48.4,5.5
Competitive,Diamond,new-junk-city,Cassidy,DAMAGE,46.2,37.4
Competitive,Diamond,new-junk-city,D.Va,TANK,45.9,6.6
Competitive,Diamond,new-junk-city,Domina,TANK,52.0,7.0
Competitive,Diamond,new-junk-city,Doomfist,TANK,52.0,10.2
Competitive,Diamond,new-junk-city,Echo,DAMAGE,46.7,4.7
Competitive,Diamond,new-junk-city,Emre,DAMAGE,52.2,18.6
Competitive,Diamond,new-junk-city,Freja,DAMAGE,49.2,1.7
Competitive,Diamond,new-junk-city,Genji,DAMAGE,52.3,16.9
Competitive,Diamond,new-junk-city,Hanzo,DAMAGE,43.1,4.4
Competitive,Diamond,new-junk-city,Hazard,TANK,52.8,4.4
Competitive,Diamond,new-junk-city,Illari,SUPPORT,53.5,6.1
Competitive,Diamond,new-junk-city,Jetpack Cat,SUPPORT,46.0,3.1
Competitive,Diamond,new-junk-city,Junker Queen,TANK,54.2,6.5
Competitive,Diamond,new-junk-city,Junkrat,DAMAGE,52.8,3.7
Competitive,Diamond,new-junk-city,Juno,SUPPORT,49.2,4.6
Competitive,Diamond,new-junk-city,Kiriko,SUPPORT,47.7,50.3
Competitive,Diamond,new-junk-city,Lifeweaver,SUPPORT,34.2,1.9
Competitive,Diamond,new-junk-city,Lúcio,SUPPORT,58.8,9.7
Competitive,Diamond,new-junk-city,Mauga,TANK,49.3,3.6
Competitive,Diamond,new-junk-city,Mei,DAMAGE,48.4,6.0
Competitive,Diamond,new-junk-city,Mercy,SUPPORT,51.0,2.9
Competitive,Diamond,new-junk-city,Mizuki,SUPPORT,49.3,22.7
Competitive,Diamond,new-junk-city,Moira,SUPPORT,55.4,19.5
Competitive,Diamond,new-junk-city,Orisa,TANK,46.3,10.1
Competitive,Diamond,new-junk-city,Pharah,DAMAGE,46.1,2.7
Competitive,Diamond,new-junk-city,Ramattra,TANK,55.3,6.2
Competitive,Diamond,new-junk-city,Reaper,DAMAGE,52.8,11.5
Competitive,Diamond,new-junk-city,Reinhardt,TANK,45.9,6.7
Competitive,Diamond,new-junk-city,Roadhog,TANK,48.2,8.8
Competitive,Diamond,new-junk-city,Sigma,TANK,48.8,7.3
Competitive,Diamond,new-junk-city,Sojourn,DAMAGE,48.1,18.6
Competitive,Diamond,new-junk-city,Soldier: 76,DAMAGE,51.5,9.8
Competitive,Diamond,new-junk-city,Sombra,DAMAGE,50.2,5.1
Competitive,Diamond,new-junk-city,Symmetra,DAMAGE,57.3,3.5
Competitive,Diamond,new-junk-city,Torbjörn,DAMAGE,50.9,3.3
Competitive,Diamond,new-junk-city,Tracer,DAMAGE,53.2,24.7
Competitive,Diamond,new-junk-city,Vendetta,DAMAGE,50.2,3.8
Competitive,Diamond,new-junk-city,Venture,DAMAGE,49.5,5.9
Competitive,Diamond,new-junk-city,Widowmaker,DAMAGE,42.1,0.3
Competitive,Diamond,new-junk-city,Winston,TANK,48.6,9.1
Competitive,Diamond,new-junk-city,Wrecking Ball,TANK,55.8,4.2
Competitive,Diamond,new-junk-city,Wuyang,SUPPORT,54.0,20.4
Competitive,Diamond,new-junk-city,Zarya,TANK,49.3,9.2
Competitive,Diamond,new-junk-city,Zenyatta,SUPPORT,49.7,8.3
Competitive,Diamond,suravasa,Ana,SUPPORT,46.7,43.0
Competitive,Diamond,suravasa,Anran,DAMAGE,48.7,9.9
Competitive,Diamond,suravasa,Ashe,DAMAGE,51.0,3.5
Competitive,Diamond,suravasa,Baptiste,SUPPORT,46.5,5.0
Competitive,Diamond,suravasa,Bastion,DAMAGE,34.2,2.7
Competitive,Diamond,suravasa,Brigitte,SUPPORT,44.9,5.9
Competitive,Diamond,suravasa,Cassidy,DAMAGE,45.1,37.6
Competitive,Diamond,suravasa,D.Va,TANK,50.0,7.0
Competitive,Diamond,suravasa,Domina,TANK,52.8,6.7
Competitive,Diamond,suravasa,Doomfist,TANK,52.2,10.2
Competitive,Diamond,suravasa,Echo,DAMAGE,54.1,5.6
Competitive,Diamond,suravasa,Emre,DAMAGE,53.3,20.5
Competitive,Diamond,suravasa,Freja,DAMAGE,50.0,2.6
Competitive,Diamond,suravasa,Genji,DAMAGE,53.0,16.2
Competitive,Diamond,suravasa,Hanzo,DAMAGE,44.7,4.0
Competitive,Diamond,suravasa,Hazard,TANK,50.2,4.3
Competitive,Diamond,suravasa,Illari,SUPPORT,55.2,8.4
Competitive,Diamond,suravasa,Jetpack Cat,SUPPORT,49.9,4.0
Competitive,Diamond,suravasa,Junker Queen,TANK,52.6,4.6
Competitive,Diamond,suravasa,Junkrat,DAMAGE,50.2,2.4
Competitive,Diamond,suravasa,Juno,SUPPORT,47.9,4.4
Competitive,Diamond,suravasa,Kiriko,SUPPORT,49.3,49.3
Competitive,Diamond,suravasa,Lifeweaver,SUPPORT,45.9,2.5
Competitive,Diamond,suravasa,Lúcio,SUPPORT,50.8,7.8
Competitive,Diamond,suravasa,Mauga,TANK,48.4,3.8
Competitive,Diamond,suravasa,Mei,DAMAGE,52.3,5.4
Competitive,Diamond,suravasa,Mercy,SUPPORT,51.6,3.5
Competitive,Diamond,suravasa,Mizuki,SUPPORT,54.2,21.0
Competitive,Diamond,suravasa,Moira,SUPPORT,47.5,15.2
Competitive,Diamond,suravasa,Orisa,TANK,44.6,8.6
Competitive,Diamond,suravasa,Pharah,DAMAGE,56.6,3.6
Competitive,Diamond,suravasa,Ramattra,TANK,46.8,3.9
Competitive,Diamond,suravasa,Reaper,DAMAGE,53.5,10.5
Competitive,Diamond,suravasa,Reinhardt,TANK,48.7,6.1
Competitive,Diamond,suravasa,Roadhog,TANK,47.3,8.4
Competitive,Diamond,suravasa,Sigma,TANK,53.7,7.7
Competitive,Diamond,suravasa,Sojourn,DAMAGE,47.7,18.7
Competitive,Diamond,suravasa,Soldier: 76,DAMAGE,49.7,10.4
Competitive,Diamond,suravasa,Sombra,DAMAGE,45.8,5.0
Competitive,Diamond,suravasa,Symmetra,DAMAGE,49.9,3.4
Competitive,Diamond,suravasa,Torbjörn,DAMAGE,57.1,3.2
Competitive,Diamond,suravasa,Tracer,DAMAGE,53.0,26.1
Competitive,Diamond,suravasa,Vendetta,DAMAGE,46.3,3.6
Competitive,Diamond,suravasa,Venture,DAMAGE,48.3,4.5
Competitive,Diamond,suravasa,Widowmaker,DAMAGE,25.1,0.6
Competitive,Diamond,suravasa,Winston,TANK,50.9,14.6
Competitive,Diamond,suravasa,Wrecking Ball,TANK,49.4,5.5
Competitive,Diamond,suravasa,Wuyang,SUPPORT,52.0,21.6
Competitive,Diamond,suravasa,Zarya,TANK,50.2,8.6
Competitive,Diamond,suravasa,Zenyatta,SUPPORT,52.1,8.3
Competitive,Diamond,midtown,Ana,SUPPORT,51.6,61.4
Competitive,Diamond,midtown,Anran,DAMAGE,49.2,5.5
Competitive,Diamond,midtown,Ashe,DAMAGE,50.4,17.6
Competitive,Diamond,midtown,Baptiste,SUPPORT,44.0,11.0
Competitive,Diamond,midtown,Bastion,DAMAGE,43.4,4.7
Competitive,Diamond,midtown,Brigitte,SUPPORT,47.8,2.7
Competitive,Diamond,midtown,Cassidy,DAMAGE,48.3,23.6
Competitive,Diamond,midtown,D.Va,TANK,47.9,4.8
Competitive,Diamond,midtown,Domina,TANK,54.0,10.4
Competitive,Diamond,midtown,Doomfist,TANK,47.1,7.3
Competitive,Diamond,midtown,Echo,DAMAGE,55.5,6.0
Competitive,Diamond,midtown,Emre,DAMAGE,51.3,25.8
Competitive,Diamond,midtown,Freja,DAMAGE,49.7,5.0
Competitive,Diamond,midtown,Genji,DAMAGE,47.5,12.8
Competitive,Diamond,midtown,Hanzo,DAMAGE,45.8,11.5
Competitive,Diamond,midtown,Hazard,TANK,41.1,1.7
Competitive,Diamond,midtown,Illari,SUPPORT,51.9,19.7
Competitive,Diamond,midtown,Jetpack Cat,SUPPORT,40.7,3.4
Competitive,Diamond,midtown,Junker Queen,TANK,38.2,1.8
Competitive,Diamond,midtown,Junkrat,DAMAGE,45.2,2.8
Competitive,Diamond,midtown,Juno,SUPPORT,61.8,4.2
Competitive,Diamond,midtown,Kiriko,SUPPORT,43.8,31.7
Competitive,Diamond,midtown,Lifeweaver,SUPPORT,35.9,3.2
Competitive,Diamond,midtown,Lúcio,SUPPORT,36.2,2.0
Competitive,Diamond,midtown,Mauga,TANK,41.1,2.4
Competitive,Diamond,midtown,Mei,DAMAGE,52.0,8.3
Competitive,Diamond,midtown,Mercy,SUPPORT,52.5,6.2
Competitive,Diamond,midtown,Mizuki,SUPPORT,52.0,12.4
Competitive,Diamond,midtown,Moira,SUPPORT,42.4,6.6
Competitive,Diamond,midtown,Orisa,TANK,46.0,8.1
Competitive,Diamond,midtown,Pharah,DAMAGE,49.4,4.4
Competitive,Diamond,midtown,Ramattra,TANK,44.0,5.5
Competitive,Diamond,midtown,Reaper,DAMAGE,45.7,6.7
Competitive,Diamond,midtown,Reinhardt,TANK,41.6,5.9
Competitive,Diamond,midtown,Roadhog,TANK,45.6,6.1
Competitive,Diamond,midtown,Sigma,TANK,54.6,22.3
Competitive,Diamond,midtown,Sojourn,DAMAGE,43.7,19.5
Competitive,Diamond,midtown,Soldier: 76,DAMAGE,48.8,9.9
Competitive,Diamond,midtown,Sombra,DAMAGE,46.8,3.6
Competitive,Diamond,midtown,Symmetra,DAMAGE,52.5,4.8
Competitive,Diamond,midtown,Torbjörn,DAMAGE,46.5,3.9
Competitive,Diamond,midtown,Tracer,DAMAGE,52.4,12.9
Competitive,Diamond,midtown,Vendetta,DAMAGE,52.5,2.7
Competitive,Diamond,midtown,Venture,DAMAGE,49.9,3.9
Competitive,Diamond,midtown,Widowmaker,DAMAGE,45.5,4.3
Competitive,Diamond,midtown,Winston,TANK,47.6,9.9
Competitive,Diamond,midtown,Wrecking Ball,TANK,41.7,2.8
Competitive,Diamond,midtown,Wuyang,SUPPORT,53.2,18.6
Competitive,Diamond,midtown,Zarya,TANK,55.5,11.1
Competitive,Diamond,midtown,Zenyatta,SUPPORT,49.6,17.1
Competitive,Diamond,numbani,Ana,SUPPORT,50.5,61.6
Competitive,Diamond,numbani,Anran,DAMAGE,48.6,4.9
Competitive,Diamond,numbani,Ashe,DAMAGE,50.4,16.2
Competitive,Diamond,numbani,Baptiste,SUPPORT,48.2,7.7
Competitive,Diamond,numbani,Bastion,DAMAGE,48.8,4.0
Competitive,Diamond,numbani,Brigitte,SUPPORT,45.5,6.4
Competitive,Diamond,numbani,Cassidy,DAMAGE,44.5,25.0
Competitive,Diamond,numbani,D.Va,TANK,50.0,12.8
Competitive,Diamond,numbani,Domina,TANK,51.9,4.6
Competitive,Diamond,numbani,Doomfist,TANK,50.6,10.3
Competitive,Diamond,numbani,Echo,DAMAGE,52.4,11.8
Competitive,Diamond,numbani,Emre,DAMAGE,53.3,21.5
Competitive,Diamond,numbani,Freja,DAMAGE,50.7,6.3
Competitive,Diamond,numbani,Genji,DAMAGE,49.6,21.3
Competitive,Diamond,numbani,Hanzo,DAMAGE,45.4,7.8
Competitive,Diamond,numbani,Hazard,TANK,49.3,4.8
Competitive,Diamond,numbani,Illari,SUPPORT,55.4,14.7
Competitive,Diamond,numbani,Jetpack Cat,SUPPORT,43.1,5.9
Competitive,Diamond,numbani,Junker Queen,TANK,43.4,1.1
Competitive,Diamond,numbani,Junkrat,DAMAGE,39.8,2.7
Competitive,Diamond,numbani,Juno,SUPPORT,40.5,4.0
Competitive,Diamond,numbani,Kiriko,SUPPORT,49.2,43.5
Competitive,Diamond,numbani,Lifeweaver,SUPPORT,37.4,4.2
Competitive,Diamond,numbani,Lúcio,SUPPORT,51.5,2.6
Competitive,Diamond,numbani,Mauga,TANK,46.2,2.3
Competitive,Diamond,numbani,Mei,DAMAGE,49.4,5.5
Competitive,Diamond,numbani,Mercy,SUPPORT,46.0,9.2
Competitive,Diamond,numbani,Mizuki,SUPPORT,44.2,9.8
Competitive,Diamond,numbani,Moira,SUPPORT,40.9,5.9
Competitive,Diamond,numbani,Orisa,TANK,42.9,5.1
Competitive,Diamond,numbani,Pharah,DAMAGE,51.8,3.9
Competitive,Diamond,numbani,Ramattra,TANK,40.5,1.4
Competitive,Diamond,numbani,Reaper,DAMAGE,42.5,9.1
Competitive,Diamond,numbani,Reinhardt,TANK,35.4,3.9
Competitive,Diamond,numbani,Roadhog,TANK,42.3,7.1
Competitive,Diamond,numbani,Sigma,TANK,49.4,9.0
Competitive,Diamond,numbani,Sojourn,DAMAGE,39.2,9.7
Competitive,Diamond,numbani,Soldier: 76,DAMAGE,48.9,14.1
Competitive,Diamond,numbani,Sombra,DAMAGE,45.8,5.1
Competitive,Diamond,numbani,Symmetra,DAMAGE,41.2,2.6
Competitive,Diamond,numbani,Torbjörn,DAMAGE,35.3,3.8
Competitive,Diamond,numbani,Tracer,DAMAGE,54.7,14.6
Competitive,Diamond,numbani,Vendetta,DAMAGE,49.7,3.5
Competitive,Diamond,numbani,Venture,DAMAGE,53.3,3.9
Competitive,Diamond,numbani,Widowmaker,DAMAGE,38.4,2.7
Competitive,Diamond,numbani,Winston,TANK,54.7,27.0
Competitive,Diamond,numbani,Wrecking Ball,TANK,44.6,5.2
Competitive,Diamond,numbani,Wuyang,SUPPORT,51.6,14.4
Competitive,Diamond,numbani,Zarya,TANK,41.0,5.4
Competitive,Diamond,numbani,Zenyatta,SUPPORT,48.3,10.0
Competitive,Diamond,kings-row,Ana,SUPPORT,51.0,63.2
Competitive,Diamond,kings-row,Anran,DAMAGE,51.6,5.8
Competitive,Diamond,kings-row,Ashe,DAMAGE,51.6,12.1
Competitive,Diamond,kings-row,Baptiste,SUPPORT,45.0,10.4
Competitive,Diamond,kings-row,Bastion,DAMAGE,47.3,5.8
Competitive,Diamond,kings-row,Brigitte,SUPPORT,45.3,3.0
Competitive,Diamond,kings-row,Cassidy,DAMAGE,44.0,24.2
Competitive,Diamond,kings-row,D.Va,TANK,44.7,6.0
Competitive,Diamond,kings-row,Domina,TANK,54.4,7.4
Competitive,Diamond,kings-row,Doomfist,TANK,52.4,8.7
Competitive,Diamond,kings-row,Echo,DAMAGE,52.4,7.3
Competitive,Diamond,kings-row,Emre,DAMAGE,50.4,21.9
Competitive,Diamond,kings-row,Freja,DAMAGE,46.9,5.4
Competitive,Diamond,kings-row,Genji,DAMAGE,51.4,17.1
Competitive,Diamond,kings-row,Hanzo,DAMAGE,49.0,11.1
Competitive,Diamond,kings-row,Hazard,TANK,46.0,2.1
Competitive,Diamond,kings-row,Illari,SUPPORT,52.5,14.2
Competitive,Diamond,kings-row,Jetpack Cat,SUPPORT,45.0,3.3
Competitive,Diamond,kings-row,Junker Queen,TANK,48.8,2.3
Competitive,Diamond,kings-row,Junkrat,DAMAGE,45.4,3.7
Competitive,Diamond,kings-row,Juno,SUPPORT,47.2,3.7
Competitive,Diamond,kings-row,Kiriko,SUPPORT,47.1,33.2
Competitive,Diamond,kings-row,Lifeweaver,SUPPORT,41.8,3.4
Competitive,Diamond,kings-row,Lúcio,SUPPORT,47.2,2.5
Competitive,Diamond,kings-row,Mauga,TANK,47.1,2.8
Competitive,Diamond,kings-row,Mei,DAMAGE,52.0,9.3
Competitive,Diamond,kings-row,Mercy,SUPPORT,46.5,5.7
Competitive,Diamond,kings-row,Mizuki,SUPPORT,50.3,12.5
Competitive,Diamond,kings-row,Moira,SUPPORT,44.7,7.8
Competitive,Diamond,kings-row,Orisa,TANK,47.3,8.8
Competitive,Diamond,kings-row,Pharah,DAMAGE,51.8,6.1
Competitive,Diamond,kings-row,Ramattra,TANK,43.0,4.8
Competitive,Diamond,kings-row,Reaper,DAMAGE,49.8,8.3
Competitive,Diamond,kings-row,Reinhardt,TANK,46.7,8.3
Competitive,Diamond,kings-row,Roadhog,TANK,46.1,6.3
Competitive,Diamond,kings-row,Sigma,TANK,52.1,14.7
Competitive,Diamond,kings-row,Sojourn,DAMAGE,43.8,16.4
Competitive,Diamond,kings-row,Soldier: 76,DAMAGE,49.0,8.3
Competitive,Diamond,kings-row,Sombra,DAMAGE,50.2,3.7
Competitive,Diamond,kings-row,Symmetra,DAMAGE,51.1,3.7
Competitive,Diamond,kings-row,Torbjörn,DAMAGE,45.3,3.6
Competitive,Diamond,kings-row,Tracer,DAMAGE,48.2,11.2
Competitive,Diamond,kings-row,Vendetta,DAMAGE,48.6,2.9
Competitive,Diamond,kings-row,Venture,DAMAGE,51.2,4.3
Competitive,Diamond,kings-row,Widowmaker,DAMAGE,50.1,7.8
Competitive,Diamond,kings-row,Winston,TANK,46.8,13.0
Competitive,Diamond,kings-row,Wrecking Ball,TANK,41.8,3.0
Competitive,Diamond,kings-row,Wuyang,SUPPORT,52.0,17.8
Competitive,Diamond,kings-row,Zarya,TANK,54.0,11.8
Competitive,Diamond,kings-row,Zenyatta,SUPPORT,50.8,19.3
Competitive,Diamond,hollywood,Ana,SUPPORT,53.8,62.9
Competitive,Diamond,hollywood,Anran,DAMAGE,52.3,5.5
Competitive,Diamond,hollywood,Ashe,DAMAGE,49.6,15.9
Competitive,Diamond,hollywood,Baptiste,SUPPORT,44.8,8.6
Competitive,Diamond,hollywood,Bastion,DAMAGE,43.5,4.4
Competitive,Diamond,hollywood,Brigitte,SUPPORT,45.8,4.8
Competitive,Diamond,hollywood,Cassidy,DAMAGE,46.5,25.2
Competitive,Diamond,hollywood,D.Va,TANK,48.1,9.2
Competitive,Diamond,hollywood,Domina,TANK,58.6,6.6
Competitive,Diamond,hollywood,Doomfist,TANK,50.1,8.7
Competitive,Diamond,hollywood,Echo,DAMAGE,52.8,7.3
Competitive,Diamond,hollywood,Emre,DAMAGE,52.8,22.3
Competitive,Diamond,hollywood,Freja,DAMAGE,46.7,5.9
Competitive,Diamond,hollywood,Genji,DAMAGE,51.5,19.0
Competitive,Diamond,hollywood,Hanzo,DAMAGE,49.7,9.9
Competitive,Diamond,hollywood,Hazard,TANK,50.2,3.4
Competitive,Diamond,hollywood,Illari,SUPPORT,52.0,16.0
Competitive,Diamond,hollywood,Jetpack Cat,SUPPORT,45.8,4.5
Competitive,Diamond,hollywood,Junker Queen,TANK,44.6,1.9
Competitive,Diamond,hollywood,Junkrat,DAMAGE,43.5,3.5
Competitive,Diamond,hollywood,Juno,SUPPORT,46.0,3.5
Competitive,Diamond,hollywood,Kiriko,SUPPORT,46.2,36.4
Competitive,Diamond,hollywood,Lifeweaver,SUPPORT,38.3,3.6
Competitive,Diamond,hollywood,Lúcio,SUPPORT,43.5,2.2
Competitive,Diamond,hollywood,Mauga,TANK,48.4,2.5
Competitive,Diamond,hollywood,Mei,DAMAGE,48.6,7.1
Competitive,Diamond,hollywood,Mercy,SUPPORT,50.1,7.3
Competitive,Diamond,hollywood,Mizuki,SUPPORT,46.7,11.4
Competitive,Diamond,hollywood,Moira,SUPPORT,41.3,6.7
Competitive,Diamond,hollywood,Orisa,TANK,45.2,6.6
Competitive,Diamond,hollywood,Pharah,DAMAGE,52.4,4.4
Competitive,Diamond,hollywood,Ramattra,TANK,42.3,2.8
Competitive,Diamond,hollywood,Reaper,DAMAGE,48.5,10.0
Competitive,Diamond,hollywood,Reinhardt,TANK,41.7,4.8
Competitive,Diamond,hollywood,Roadhog,TANK,37.7,7.3
Competitive,Diamond,hollywood,Sigma,TANK,51.4,13.7
Competitive,Diamond,hollywood,Sojourn,DAMAGE,43.0,13.4
Competitive,Diamond,hollywood,Soldier: 76,DAMAGE,48.1,9.4
Competitive,Diamond,hollywood,Sombra,DAMAGE,48.3,3.8
Competitive,Diamond,hollywood,Symmetra,DAMAGE,46.3,2.8
Competitive,Diamond,hollywood,Torbjörn,DAMAGE,45.1,3.9
Competitive,Diamond,hollywood,Tracer,DAMAGE,49.2,13.5
Competitive,Diamond,hollywood,Vendetta,DAMAGE,48.2,3.1
Competitive,Diamond,hollywood,Venture,DAMAGE,53.5,4.3
Competitive,Diamond,hollywood,Widowmaker,DAMAGE,45.1,5.4
Competitive,Diamond,hollywood,Winston,TANK,51.5,20.7
Competitive,Diamond,hollywood,Wrecking Ball,TANK,47.2,3.4
Competitive,Diamond,hollywood,Wuyang,SUPPORT,53.2,17.7
Competitive,Diamond,hollywood,Zarya,TANK,51.9,8.3
Competitive,Diamond,hollywood,Zenyatta,SUPPORT,50.2,14.4
Competitive,Diamond,paraiso,Ana,SUPPORT,54.9,59.2
Competitive,Diamond,paraiso,Anran,DAMAGE,50.5,5.4
Competitive,Diamond,paraiso,Ashe,DAMAGE,46.7,18.4
Competitive,Diamond,paraiso,Baptiste,SUPPORT,39.1,9.4
Competitive,Diamond,paraiso,Bastion,DAMAGE,49.2,3.7
Competitive,Diamond,paraiso,Brigitte,SUPPORT,48.4,5.2
Competitive,Diamond,paraiso,Cassidy,DAMAGE,44.6,24.4
Competitive,Diamond,paraiso,D.Va,TANK,55.6,13.1
Competitive,Diamond,paraiso,Domina,TANK,52.3,6.7
Competitive,Diamond,paraiso,Doomfist,TANK,40.3,7.0
Competitive,Diamond,paraiso,Echo,DAMAGE,54.0,11.0
Competitive,Diamond,paraiso,Emre,DAMAGE,52.8,25.7
Competitive,Diamond,paraiso,Freja,DAMAGE,53.9,6.9
Competitive,Diamond,paraiso,Genji,DAMAGE,53.3,18.3
Competitive,Diamond,paraiso,Hanzo,DAMAGE,49.2,7.6
Competitive,Diamond,paraiso,Hazard,TANK,52.0,4.0
Competitive,Diamond,paraiso,Illari,SUPPORT,53.7,17.6
Competitive,Diamond,paraiso,Jetpack Cat,SUPPORT,52.3,4.7
Competitive,Diamond,paraiso,Junker Queen,TANK,38.9,1.7
Competitive,Diamond,paraiso,Junkrat,DAMAGE,36.1,3.2
Competitive,Diamond,paraiso,Juno,SUPPORT,49.2,4.0
Competitive,Diamond,paraiso,Kiriko,SUPPORT,47.8,38.6
Competitive,Diamond,paraiso,Lifeweaver,SUPPORT,43.8,4.6
Competitive,Diamond,paraiso,Lúcio,SUPPORT,34.2,2.1
Competitive,Diamond,paraiso,Mauga,TANK,48.6,2.8
Competitive,Diamond,paraiso,Mei,DAMAGE,52.7,5.0
Competitive,Diamond,paraiso,Mercy,SUPPORT,44.1,7.5
Competitive,Diamond,paraiso,Mizuki,SUPPORT,47.0,10.8
Competitive,Diamond,paraiso,Moira,SUPPORT,44.7,8.3
Competitive,Diamond,paraiso,Orisa,TANK,36.8,6.1
Competitive,Diamond,paraiso,Pharah,DAMAGE,52.0,5.0
Competitive,Diamond,paraiso,Ramattra,TANK,40.5,1.8
Competitive,Diamond,paraiso,Reaper,DAMAGE,46.1,8.5
Competitive,Diamond,paraiso,Reinhardt,TANK,40.2,3.8
Competitive,Diamond,paraiso,Roadhog,TANK,41.7,8.4
Competitive,Diamond,paraiso,Sigma,TANK,53.8,12.5
Competitive,Diamond,paraiso,Sojourn,DAMAGE,45.8,12.8
Competitive,Diamond,paraiso,Soldier: 76,DAMAGE,46.4,11.3
Competitive,Diamond,paraiso,Sombra,DAMAGE,49.0,4.3
Competitive,Diamond,paraiso,Symmetra,DAMAGE,45.2,2.9
Competitive,Diamond,paraiso,Torbjörn,DAMAGE,43.6,3.8
Competitive,Diamond,paraiso,Tracer,DAMAGE,48.6,11.9
Competitive,Diamond,paraiso,Vendetta,DAMAGE,47.1,3.0
Competitive,Diamond,paraiso,Venture,DAMAGE,53.5,4.1
Competitive,Diamond,paraiso,Widowmaker,DAMAGE,41.3,2.9
Competitive,Diamond,paraiso,Winston,TANK,57.8,22.7
Competitive,Diamond,paraiso,Wrecking Ball,TANK,44.8,4.0
Competitive,Diamond,paraiso,Wuyang,SUPPORT,49.0,15.8
Competitive,Diamond,paraiso,Zarya,TANK,43.3,5.3
Competitive,Diamond,paraiso,Zenyatta,SUPPORT,49.9,12.3
Competitive,Diamond,eichenwalde,Ana,SUPPORT,51.4,60.7
Competitive,Diamond,eichenwalde,Anran,DAMAGE,48.9,5.8
Competitive,Diamond,eichenwalde,Ashe,DAMAGE,46.3,11.7
Competitive,Diamond,eichenwalde,Baptiste,SUPPORT,40.6,8.0
Competitive,Diamond,eichenwalde,Bastion,DAMAGE,45.5,4.7
Competitive,Diamond,eichenwalde,Brigitte,SUPPORT,46.8,4.1
Competitive,Diamond,eichenwalde,Cassidy,DAMAGE,45.6,27.8
Competitive,Diamond,eichenwalde,D.Va,TANK,50.9,7.9
Competitive,Diamond,eichenwalde,Domina,TANK,52.6,7.5
Competitive,Diamond,eichenwalde,Doomfist,TANK,46.7,9.5
Competitive,Diamond,eichenwalde,Echo,DAMAGE,54.2,11.5
Competitive,Diamond,eichenwalde,Emre,DAMAGE,50.8,21.2
Competitive,Diamond,eichenwalde,Freja,DAMAGE,48.2,5.4
Competitive,Diamond,eichenwalde,Genji,DAMAGE,50.7,16.0
Competitive,Diamond,eichenwalde,Hanzo,DAMAGE,45.5,9.8
Competitive,Diamond,eichenwalde,Hazard,TANK,54.4,2.9
Competitive,Diamond,eichenwalde,Illari,SUPPORT,52.6,15.2
Competitive,Diamond,eichenwalde,Jetpack Cat,SUPPORT,52.9,5.7
Competitive,Diamond,eichenwalde,Junker Queen,TANK,48.8,2.2
Competitive,Diamond,eichenwalde,Junkrat,DAMAGE,47.9,4.7
Competitive,Diamond,eichenwalde,Juno,SUPPORT,49.1,3.9
Competitive,Diamond,eichenwalde,Kiriko,SUPPORT,47.0,33.8
Competitive,Diamond,eichenwalde,Lifeweaver,SUPPORT,38.4,3.7
Competitive,Diamond,eichenwalde,Lúcio,SUPPORT,45.4,2.7
Competitive,Diamond,eichenwalde,Mauga,TANK,46.7,2.5
Competitive,Diamond,eichenwalde,Mei,DAMAGE,49.7,7.1
Competitive,Diamond,eichenwalde,Mercy,SUPPORT,48.2,6.6
Competitive,Diamond,eichenwalde,Mizuki,SUPPORT,51.9,13.2
Competitive,Diamond,eichenwalde,Moira,SUPPORT,42.6,7.5
Competitive,Diamond,eichenwalde,Orisa,TANK,44.0,7.8
Competitive,Diamond,eichenwalde,Pharah,DAMAGE,54.1,7.9
Competitive,Diamond,eichenwalde,Ramattra,TANK,44.8,3.4
Competitive,Diamond,eichenwalde,Reaper,DAMAGE,48.5,8.8
Competitive,Diamond,eichenwalde,Reinhardt,TANK,42.5,7.3
Competitive,Diamond,eichenwalde,Roadhog,TANK,44.3,7.8
Competitive,Diamond,eichenwalde,Sigma,TANK,54.4,14.0
Competitive,Diamond,eichenwalde,Sojourn,DAMAGE,44.3,12.9
Competitive,Diamond,eichenwalde,Soldier: 76,DAMAGE,48.7,8.6
Competitive,Diamond,eichenwalde,Sombra,DAMAGE,48.1,3.8
Competitive,Diamond,eichenwalde,Symmetra,DAMAGE,43.3,3.6
Competitive,Diamond,eichenwalde,Torbjörn,DAMAGE,50.4,5.2
Competitive,Diamond,eichenwalde,Tracer,DAMAGE,53.1,13.9
Competitive,Diamond,eichenwalde,Vendetta,DAMAGE,55.0,3.0
Competitive,Diamond,eichenwalde,Venture,DAMAGE,48.2,4.3
Competitive,Diamond,eichenwalde,Widowmaker,DAMAGE,39.5,2.2
Competitive,Diamond,eichenwalde,Winston,TANK,49.6,13.0
Competitive,Diamond,eichenwalde,Wrecking Ball,TANK,50.1,4.3
Competitive,Diamond,eichenwalde,Wuyang,SUPPORT,48.3,17.7
Competitive,Diamond,eichenwalde,Zarya,TANK,49.5,9.9
Competitive,Diamond,eichenwalde,Zenyatta,SUPPORT,52.0,17.1
Competitive,Diamond,blizzard-world,Ana,SUPPORT,54.3,61.0
Competitive,Diamond,blizzard-world,Anran,DAMAGE,49.1,5.4
Competitive,Diamond,blizzard-world,Ashe,DAMAGE,50.8,14.6
Competitive,Diamond,blizzard-world,Baptiste,SUPPORT,41.1,7.2
Competitive,Diamond,blizzard-world,Bastion,DAMAGE,43.7,4.0
Competitive,Diamond,blizzard-world,Brigitte,SUPPORT,43.4,4.3
Competitive,Diamond,blizzard-world,Cassidy,DAMAGE,42.9,22.8
Competitive,Diamond,blizzard-world,D.Va,TANK,51.1,10.0
Competitive,Diamond,blizzard-world,Domina,TANK,55.5,6.1
Competitive,Diamond,blizzard-world,Doomfist,TANK,51.7,9.1
Competitive,Diamond,blizzard-world,Echo,DAMAGE,50.6,6.2
Competitive,Diamond,blizzard-world,Emre,DAMAGE,52.9,24.9
Competitive,Diamond,blizzard-world,Freja,DAMAGE,43.1,6.2
Competitive,Diamond,blizzard-world,Genji,DAMAGE,48.5,17.0
Competitive,Diamond,blizzard-world,Hanzo,DAMAGE,46.7,9.6
Competitive,Diamond,blizzard-world,Hazard,TANK,46.5,2.7
Competitive,Diamond,blizzard-world,Illari,SUPPORT,53.3,15.7
Competitive,Diamond,blizzard-world,Jetpack Cat,SUPPORT,49.6,4.3
Competitive,Diamond,blizzard-world,Junker Queen,TANK,41.0,1.4
Competitive,Diamond,blizzard-world,Junkrat,DAMAGE,43.2,2.8
Competitive,Diamond,blizzard-world,Juno,SUPPORT,48.4,3.9
Competitive,Diamond,blizzard-world,Kiriko,SUPPORT,45.5,39.4
Competitive,Diamond,blizzard-world,Lifeweaver,SUPPORT,38.8,3.5
Competitive,Diamond,blizzard-world,Lúcio,SUPPORT,33.3,2.2
Competitive,Diamond,blizzard-world,Mauga,TANK,40.0,2.6
Competitive,Diamond,blizzard-world,Mei,DAMAGE,45.8,5.0
Competitive,Diamond,blizzard-world,Mercy,SUPPORT,48.3,7.2
Competitive,Diamond,blizzard-world,Mizuki,SUPPORT,48.2,11.3
Competitive,Diamond,blizzard-world,Moira,SUPPORT,43.1,7.7
Competitive,Diamond,blizzard-world,Orisa,TANK,45.7,6.4
Competitive,Diamond,blizzard-world,Pharah,DAMAGE,51.5,3.2
Competitive,Diamond,blizzard-world,Ramattra,TANK,32.3,2.5
Competitive,Diamond,blizzard-world,Reaper,DAMAGE,47.1,7.8
Competitive,Diamond,blizzard-world,Reinhardt,TANK,35.8,4.7
Competitive,Diamond,blizzard-world,Roadhog,TANK,38.6,6.6
Competitive,Diamond,blizzard-world,Sigma,TANK,50.3,15.2
Competitive,Diamond,blizzard-world,Sojourn,DAMAGE,47.8,15.4
Competitive,Diamond,blizzard-world,Soldier: 76,DAMAGE,48.9,11.9
Competitive,Diamond,blizzard-world,Sombra,DAMAGE,47.6,5.4
Competitive,Diamond,blizzard-world,Symmetra,DAMAGE,48.0,2.3
Competitive,Diamond,blizzard-world,Torbjörn,DAMAGE,52.3,5.2
Competitive,Diamond,blizzard-world,Tracer,DAMAGE,46.2,15.9
Competitive,Diamond,blizzard-world,Vendetta,DAMAGE,55.2,2.6
Competitive,Diamond,blizzard-world,Venture,DAMAGE,52.3,3.8
Competitive,Diamond,blizzard-world,Widowmaker,DAMAGE,49.7,8.0
Competitive,Diamond,blizzard-world,Winston,TANK,54.2,22.0
Competitive,Diamond,blizzard-world,Wrecking Ball,TANK,48.2,5.1
Competitive,Diamond,blizzard-world,Wuyang,SUPPORT,50.5,18.5
Competitive,Diamond,blizzard-world,Zarya,TANK,43.7,5.5
Competitive,Diamond,blizzard-world,Zenyatta,SUPPORT,48.7,13.7
Competitive,Diamond,esperanca,Ana,SUPPORT,46.5,46.4
Competitive,Diamond,esperanca,Anran,DAMAGE,49.8,8.2
Competitive,Diamond,esperanca,Ashe,DAMAGE,48.1,6.6
Competitive,Diamond,esperanca,Baptiste,SUPPORT,47.0,4.9
Competitive,Diamond,esperanca,Bastion,DAMAGE,46.0,2.8
Competitive,Diamond,esperanca,Brigitte,SUPPORT,45.3,6.5
Competitive,Diamond,esperanca,Cassidy,DAMAGE,45.9,32.4
Competitive,Diamond,esperanca,D.Va,TANK,48.6,9.3
Competitive,Diamond,esperanca,Domina,TANK,51.0,6.3
Competitive,Diamond,esperanca,Doomfist,TANK,49.8,10.0
Competitive,Diamond,esperanca,Echo,DAMAGE,54.5,6.9
Competitive,Diamond,esperanca,Emre,DAMAGE,53.4,23.2
Competitive,Diamond,esperanca,Freja,DAMAGE,45.1,3.8
Competitive,Diamond,esperanca,Genji,DAMAGE,52.6,16.3
Competitive,Diamond,esperanca,Hanzo,DAMAGE,50.8,3.3
Competitive,Diamond,esperanca,Hazard,TANK,52.0,4.0
Competitive,Diamond,esperanca,Illari,SUPPORT,55.0,10.5
Competitive,Diamond,esperanca,Jetpack Cat,SUPPORT,55.5,5.2
Competitive,Diamond,esperanca,Junker Queen,TANK,49.1,3.4
Competitive,Diamond,esperanca,Junkrat,DAMAGE,56.8,2.1
Competitive,Diamond,esperanca,Juno,SUPPORT,47.0,5.9
Competitive,Diamond,esperanca,Kiriko,SUPPORT,48.1,49.9
Competitive,Diamond,esperanca,Lifeweaver,SUPPORT,45.5,2.5
Competitive,Diamond,esperanca,Lúcio,SUPPORT,53.1,5.9
Competitive,Diamond,esperanca,Mauga,TANK,47.7,3.6
Competitive,Diamond,esperanca,Mei,DAMAGE,48.6,3.9
Competitive,Diamond,esperanca,Mercy,SUPPORT,53.0,4.7
Competitive,Diamond,esperanca,Mizuki,SUPPORT,50.7,18.0
Competitive,Diamond,esperanca,Moira,SUPPORT,49.3,11.8
Competitive,Diamond,esperanca,Orisa,TANK,42.2,6.4
Competitive,Diamond,esperanca,Pharah,DAMAGE,52.1,3.3
Competitive,Diamond,esperanca,Ramattra,TANK,44.4,2.4
Competitive,Diamond,esperanca,Reaper,DAMAGE,47.4,8.8
Competitive,Diamond,esperanca,Reinhardt,TANK,47.3,4.5
Competitive,Diamond,esperanca,Roadhog,TANK,48.1,7.7
Competitive,Diamond,esperanca,Sigma,TANK,54.6,7.8
Competitive,Diamond,esperanca,Sojourn,DAMAGE,48.7,17.3
Competitive,Diamond,esperanca,Soldier: 76,DAMAGE,49.7,14.6
Competitive,Diamond,esperanca,Sombra,DAMAGE,48.8,6.5
Competitive,Diamond,esperanca,Symmetra,DAMAGE,53.0,1.9
Competitive,Diamond,esperanca,Torbjörn,DAMAGE,53.5,2.9
Competitive,Diamond,esperanca,Tracer,DAMAGE,51.0,26.4
Competitive,Diamond,esperanca,Vendetta,DAMAGE,47.6,4.0
Competitive,Diamond,esperanca,Venture,DAMAGE,55.7,3.7
Competitive,Diamond,esperanca,Widowmaker,DAMAGE,38.2,0.8
Competitive,Diamond,esperanca,Winston,TANK,54.7,22.8
Competitive,Diamond,esperanca,Wrecking Ball,TANK,52.5,6.7
Competitive,Diamond,esperanca,Wuyang,SUPPORT,56.0,21.2
Competitive,Diamond,esperanca,Zarya,TANK,43.8,5.1
Competitive,Diamond,esperanca,Zenyatta,SUPPORT,47.8,6.7
Competitive,Diamond,new-queen-street,Ana,SUPPORT,48.5,48.0
Competitive,Diamond,new-queen-street,Anran,DAMAGE,48.6,7.2
Competitive,Diamond,new-queen-street,Ashe,DAMAGE,52.6,6.8
Competitive,Diamond,new-queen-street,Baptiste,SUPPORT,44.0,5.0
Competitive,Diamond,new-queen-street,Bastion,DAMAGE,47.5,3.1
Competitive,Diamond,new-queen-street,Brigitte,SUPPORT,42.8,5.9
Competitive,Diamond,new-queen-street,Cassidy,DAMAGE,43.2,30.1
Competitive,Diamond,new-queen-street,D.Va,TANK,52.6,8.7
Competitive,Diamond,new-queen-street,Domina,TANK,52.5,7.4
Competitive,Diamond,new-queen-street,Doomfist,TANK,50.0,9.7
Competitive,Diamond,new-queen-street,Echo,DAMAGE,49.0,5.5
Competitive,Diamond,new-queen-street,Emre,DAMAGE,52.6,23.8
Competitive,Diamond,new-queen-street,Freja,DAMAGE,46.2,3.2
Competitive,Diamond,new-queen-street,Genji,DAMAGE,48.4,15.1
Competitive,Diamond,new-queen-street,Hanzo,DAMAGE,50.1,4.3
Competitive,Diamond,new-queen-street,Hazard,TANK,54.5,3.9
Competitive,Diamond,new-queen-street,Illari,SUPPORT,53.9,10.9
Competitive,Diamond,new-queen-street,Jetpack Cat,SUPPORT,43.1,4.8
Competitive,Diamond,new-queen-street,Junker Queen,TANK,46.3,3.0
Competitive,Diamond,new-queen-street,Junkrat,DAMAGE,44.8,1.3
Competitive,Diamond,new-queen-street,Juno,SUPPORT,46.1,5.1
Competitive,Diamond,new-queen-street,Kiriko,SUPPORT,46.4,48.8
Competitive,Diamond,new-queen-street,Lifeweaver,SUPPORT,46.7,2.7
Competitive,Diamond,new-queen-street,Lúcio,SUPPORT,53.0,4.8
Competitive,Diamond,new-queen-street,Mauga,TANK,44.8,3.9
Competitive,Diamond,new-queen-street,Mei,DAMAGE,49.2,4.2
Competitive,Diamond,new-queen-street,Mercy,SUPPORT,48.4,4.8
Competitive,Diamond,new-queen-street,Mizuki,SUPPORT,49.9,16.5
Competitive,Diamond,new-queen-street,Moira,SUPPORT,48.0,12.0
Competitive,Diamond,new-queen-street,Orisa,TANK,46.1,7.8
Competitive,Diamond,new-queen-street,Pharah,DAMAGE,51.2,2.9
Competitive,Diamond,new-queen-street,Ramattra,TANK,48.0,2.9
Competitive,Diamond,new-queen-street,Reaper,DAMAGE,48.8,7.8
Competitive,Diamond,new-queen-street,Reinhardt,TANK,45.6,5.6
Competitive,Diamond,new-queen-street,Roadhog,TANK,46.9,8.8
Competitive,Diamond,new-queen-street,Sigma,TANK,51.5,9.5
Competitive,Diamond,new-queen-street,Sojourn,DAMAGE,49.2,18.8
Competitive,Diamond,new-queen-street,Soldier: 76,DAMAGE,54.9,22.5
Competitive,Diamond,new-queen-street,Sombra,DAMAGE,50.9,6.6
Competitive,Diamond,new-queen-street,Symmetra,DAMAGE,51.5,1.4
Competitive,Diamond,new-queen-street,Torbjörn,DAMAGE,50.2,2.9
Competitive,Diamond,new-queen-street,Tracer,DAMAGE,53.0,24.6
Competitive,Diamond,new-queen-street,Vendetta,DAMAGE,51.1,3.3
Competitive,Diamond,new-queen-street,Venture,DAMAGE,57.7,3.5
Competitive,Diamond,new-queen-street,Widowmaker,DAMAGE,43.1,1.1
Competitive,Diamond,new-queen-street,Winston,TANK,54.6,16.6
Competitive,Diamond,new-queen-street,Wrecking Ball,TANK,48.0,6.4
Competitive,Diamond,new-queen-street,Wuyang,SUPPORT,58.5,21.1
Competitive,Diamond,new-queen-street,Zarya,TANK,49.4,5.8
Competitive,Diamond,new-queen-street,Zenyatta,SUPPORT,58.5,9.6
Competitive,Diamond,runasapi,Ana,SUPPORT,46.9,46.1
Competitive,Diamond,runasapi,Anran,DAMAGE,54.3,8.4
Competitive,Diamond,runasapi,Ashe,DAMAGE,41.6,5.6
Competitive,Diamond,runasapi,Baptiste,SUPPORT,46.6,5.2
Competitive,Diamond,runasapi,Bastion,DAMAGE,46.5,3.1
Competitive,Diamond,runasapi,Brigitte,SUPPORT,48.3,6.5
Competitive,Diamond,runasapi,Cassidy,DAMAGE,45.9,33.8
Competitive,Diamond,runasapi,D.Va,TANK,56.0,8.2
Competitive,Diamond,runasapi,Domina,TANK,51.6,7.7
Competitive,Diamond,runasapi,Doomfist,TANK,50.2,9.9
Competitive,Diamond,runasapi,Echo,DAMAGE,52.1,4.9
Competitive,Diamond,runasapi,Emre,DAMAGE,53.6,23.5
Competitive,Diamond,runasapi,Freja,DAMAGE,54.6,3.0
Competitive,Diamond,runasapi,Genji,DAMAGE,51.9,14.4
Competitive,Diamond,runasapi,Hanzo,DAMAGE,44.7,3.5
Competitive,Diamond,runasapi,Hazard,TANK,52.7,3.8
Competitive,Diamond,runasapi,Illari,SUPPORT,55.2,10.9
Competitive,Diamond,runasapi,Jetpack Cat,SUPPORT,44.1,4.6
Competitive,Diamond,runasapi,Junker Queen,TANK,51.4,3.6
Competitive,Diamond,runasapi,Junkrat,DAMAGE,43.9,1.8
Competitive,Diamond,runasapi,Juno,SUPPORT,49.9,6.1
Competitive,Diamond,runasapi,Kiriko,SUPPORT,47.7,48.0
Competitive,Diamond,runasapi,Lifeweaver,SUPPORT,44.6,2.3
Competitive,Diamond,runasapi,Lúcio,SUPPORT,46.9,5.7
Competitive,Diamond,runasapi,Mauga,TANK,51.1,3.8
Competitive,Diamond,runasapi,Mei,DAMAGE,48.3,4.9
Competitive,Diamond,runasapi,Mercy,SUPPORT,48.3,3.9
Competitive,Diamond,runasapi,Mizuki,SUPPORT,53.3,18.3
Competitive,Diamond,runasapi,Moira,SUPPORT,48.1,13.3
Competitive,Diamond,runasapi,Orisa,TANK,46.9,8.0
Competitive,Diamond,runasapi,Pharah,DAMAGE,43.8,3.3
Competitive,Diamond,runasapi,Ramattra,TANK,46.1,3.2
Competitive,Diamond,runasapi,Reaper,DAMAGE,50.0,8.0
Competitive,Diamond,runasapi,Reinhardt,TANK,48.7,5.6
Competitive,Diamond,runasapi,Roadhog,TANK,45.8,7.8
Competitive,Diamond,runasapi,Sigma,TANK,55.6,9.4
Competitive,Diamond,runasapi,Sojourn,DAMAGE,49.5,18.9
Competitive,Diamond,runasapi,Soldier: 76,DAMAGE,50.0,17.0
Competitive,Diamond,runasapi,Sombra,DAMAGE,49.2,5.9
Competitive,Diamond,runasapi,Symmetra,DAMAGE,43.4,1.8
Competitive,Diamond,runasapi,Torbjörn,DAMAGE,50.1,2.8
Competitive,Diamond,runasapi,Tracer,DAMAGE,53.1,27.3
Competitive,Diamond,runasapi,Vendetta,DAMAGE,48.8,3.3
Competitive,Diamond,runasapi,Venture,DAMAGE,59.9,3.9
Competitive,Diamond,runasapi,Widowmaker,DAMAGE,35.3,0.7
Competitive,Diamond,runasapi,Winston,TANK,51.1,16.7
Competitive,Diamond,runasapi,Wrecking Ball,TANK,44.3,5.9
Competitive,Diamond,runasapi,Wuyang,SUPPORT,57.5,21.1
Competitive,Diamond,runasapi,Zarya,TANK,44.4,6.2
Competitive,Diamond,runasapi,Zenyatta,SUPPORT,49.9,7.9
Competitive,Diamond,colosseo,Ana,SUPPORT,47.6,52.9
Competitive,Diamond,colosseo,Anran,DAMAGE,54.9,8.1
Competitive,Diamond,colosseo,Ashe,DAMAGE,48.0,9.5
Competitive,Diamond,colosseo,Baptiste,SUPPORT,48.9,6.3
Competitive,Diamond,colosseo,Bastion,DAMAGE,42.2,2.9
Competitive,Diamond,colosseo,Brigitte,SUPPORT,45.6,5.2
Competitive,Diamond,colosseo,Cassidy,DAMAGE,42.5,30.5
Competitive,Diamond,colosseo,D.Va,TANK,48.3,7.8
Competitive,Diamond,colosseo,Domina,TANK,50.2,7.7
Competitive,Diamond,colosseo,Doomfist,TANK,53.3,9.8
Competitive,Diamond,colosseo,Echo,DAMAGE,58.1,6.3
Competitive,Diamond,colosseo,Emre,DAMAGE,50.4,24.5
Competitive,Diamond,colosseo,Freja,DAMAGE,47.5,4.2
Competitive,Diamond,colosseo,Genji,DAMAGE,53.3,15.4
Competitive,Diamond,colosseo,Hanzo,DAMAGE,53.9,5.3
Competitive,Diamond,colosseo,Hazard,TANK,48.5,3.6
Competitive,Diamond,colosseo,Illari,SUPPORT,54.4,12.2
Competitive,Diamond,colosseo,Jetpack Cat,SUPPORT,47.1,4.7
Competitive,Diamond,colosseo,Junker Queen,TANK,56.4,3.2
Competitive,Diamond,colosseo,Junkrat,DAMAGE,52.1,2.0
Competitive,Diamond,colosseo,Juno,SUPPORT,53.8,5.0
Competitive,Diamond,colosseo,Kiriko,SUPPORT,50.3,43.0
Competitive,Diamond,colosseo,Lifeweaver,SUPPORT,44.3,2.5
Competitive,Diamond,colosseo,Lúcio,SUPPORT,53.3,4.3
Competitive,Diamond,colosseo,Mauga,TANK,41.3,3.7
Competitive,Diamond,colosseo,Mei,DAMAGE,51.4,4.3
Competitive,Diamond,colosseo,Mercy,SUPPORT,50.6,4.6
Competitive,Diamond,colosseo,Mizuki,SUPPORT,48.3,17.2
Competitive,Diamond,colosseo,Moira,SUPPORT,44.5,10.2
Competitive,Diamond,colosseo,Orisa,TANK,44.1,7.2
Competitive,Diamond,colosseo,Pharah,DAMAGE,51.1,3.7
Competitive,Diamond,colosseo,Ramattra,TANK,44.7,2.8
Competitive,Diamond,colosseo,Reaper,DAMAGE,51.9,7.9
Competitive,Diamond,colosseo,Reinhardt,TANK,46.2,5.6
Competitive,Diamond,colosseo,Roadhog,TANK,48.3,7.9
Competitive,Diamond,colosseo,Sigma,TANK,50.4,10.8
Competitive,Diamond,colosseo,Sojourn,DAMAGE,46.5,19.1
Competitive,Diamond,colosseo,Soldier: 76,DAMAGE,52.9,11.7
Competitive,Diamond,colosseo,Sombra,DAMAGE,50.1,6.1
Competitive,Diamond,colosseo,Symmetra,DAMAGE,48.4,1.6
Competitive,Diamond,colosseo,Torbjörn,DAMAGE,50.0,2.8
Competitive,Diamond,colosseo,Tracer,DAMAGE,50.8,23.9
Competitive,Diamond,colosseo,Vendetta,DAMAGE,55.0,3.7
Competitive,Diamond,colosseo,Venture,DAMAGE,56.8,3.9
Competitive,Diamond,colosseo,Widowmaker,DAMAGE,44.0,2.7
Competitive,Diamond,colosseo,Winston,TANK,55.7,17.2
Competitive,Diamond,colosseo,Wrecking Ball,TANK,54.7,5.7
Competitive,Diamond,colosseo,Wuyang,SUPPORT,54.3,20.7
Competitive,Diamond,colosseo,Zarya,TANK,46.2,7.2
Competitive,Diamond,colosseo,Zenyatta,SUPPORT,51.0,11.0
Competitive,Master,all-maps,Ana,SUPPORT,51.4,51.5
Competitive,Master,all-maps,Anran,DAMAGE,47.6,4.0
Competitive,Master,all-maps,Ashe,DAMAGE,50.7,9.7
Competitive,Master,all-maps,Baptiste,SUPPORT,45.1,8.9
Competitive,Master,all-maps,Bastion,DAMAGE,47.0,2.4
Competitive,Master,all-maps,Brigitte,SUPPORT,48.9,6.3
Competitive,Master,all-maps,Cassidy,DAMAGE,46.4,27.6
Competitive,Master,all-maps,D.Va,TANK,49.6,6.9
Competitive,Master,all-maps,Domina,TANK,53.5,7.1
Competitive,Master,all-maps,Doomfist,TANK,47.5,9.9
Competitive,Master,all-maps,Echo,DAMAGE,53.6,9.4
Competitive,Master,all-maps,Emre,DAMAGE,53.0,23.5
Competitive,Master,all-maps,Freja,DAMAGE,48.3,5.0
Competitive,Master,all-maps,Genji,DAMAGE,50.4,15.6
Competitive,Master,all-maps,Hanzo,DAMAGE,47.7,7.8
Competitive,Master,all-maps,Hazard,TANK,54.3,3.8
Competitive,Master,all-maps,Illari,SUPPORT,54.4,17.6
Competitive,Master,all-maps,Jetpack Cat,SUPPORT,48.2,5.3
Competitive,Master,all-maps,Junker Queen,TANK,50.1,2.0
Competitive,Master,all-maps,Junkrat,DAMAGE,43.4,2.6
Competitive,Master,all-maps,Juno,SUPPORT,50.0,2.6
Competitive,Master,all-maps,Kiriko,SUPPORT,48.5,40.4
Competitive,Master,all-maps,Lifeweaver,SUPPORT,36.2,2.7
Competitive,Master,all-maps,Lúcio,SUPPORT,45.3,5.2
Competitive,Master,all-maps,Mauga,TANK,47.4,2.6
Competitive,Master,all-maps,Mei,DAMAGE,48.7,4.4
Competitive,Master,all-maps,Mercy,SUPPORT,48.4,5.2
Competitive,Master,all-maps,Mizuki,SUPPORT,51.7,13.8
Competitive,Master,all-maps,Moira,SUPPORT,47.9,7.2
Competitive,Master,all-maps,Orisa,TANK,45.3,5.3
Competitive,Master,all-maps,Pharah,DAMAGE,55.0,4.9
Competitive,Master,all-maps,Ramattra,TANK,46.5,2.7
Competitive,Master,all-maps,Reaper,DAMAGE,50.9,8.0
Competitive,Master,all-maps,Reinhardt,TANK,40.7,5.1
Competitive,Master,all-maps,Roadhog,TANK,46.3,7.2
Competitive,Master,all-maps,Sigma,TANK,53.8,13.7
Competitive,Master,all-maps,Sojourn,DAMAGE,47.1,17.3
Competitive,Master,all-maps,Soldier: 76,DAMAGE,48.3,7.9
Competitive,Master,all-maps,Sombra,DAMAGE,45.9,4.4
Competitive,Master,all-maps,Symmetra,DAMAGE,52.3,3.2
Competitive,Master,all-maps,Torbjörn,DAMAGE,45.4,3.4
Competitive,Master,all-maps,Tracer,DAMAGE,52.0,26.2
Competitive,Master,all-maps,Vendetta,DAMAGE,50.5,3.3
Competitive,Master,all-maps,Venture,DAMAGE,51.6,4.1
Competitive,Master,all-maps,Widowmaker,DAMAGE,47.3,5.4
Competitive,Master,all-maps,Winston,TANK,51.7,21.1
Competitive,Master,all-maps,Wrecking Ball,TANK,48.4,5.5
Competitive,Master,all-maps,Wuyang,SUPPORT,52.0,22.8
Competitive,Master,all-maps,Zarya,TANK,51.8,7.2
Competitive,Master,all-maps,Zenyatta,SUPPORT,48.4,10.5
Competitive,Master,ilios,Ana,SUPPORT,46.0,44.9
Competitive,Master,ilios,Anran,DAMAGE,44.3,4.3
Competitive,Master,ilios,Ashe,DAMAGE,48.8,5.8
Competitive,Master,ilios,Baptiste,SUPPORT,47.3,5.7
Competitive,Master,ilios,Bastion,DAMAGE,42.5,1.3
Competitive,Master,ilios,Brigitte,SUPPORT,50.3,9.6
Competitive,Master,ilios,Cassidy,DAMAGE,44.5,34.1
Competitive,Master,ilios,D.Va,TANK,49.0,9.5
Competitive,Master,ilios,Domina,TANK,45.2,4.2
Competitive,Master,ilios,Doomfist,TANK,47.7,8.6
Competitive,Master,ilios,Echo,DAMAGE,56.5,15.5
Competitive,Master,ilios,Emre,DAMAGE,51.5,19.6
Competitive,Master,ilios,Freja,DAMAGE,53.5,6.7
Competitive,Master,ilios,Genji,DAMAGE,53.3,16.1
Competitive,Master,ilios,Hanzo,DAMAGE,51.7,4.1
Competitive,Master,ilios,Hazard,TANK,60.8,5.4
Competitive,Master,ilios,Illari,SUPPORT,55.3,12.9
Competitive,Master,ilios,Jetpack Cat,SUPPORT,46.7,7.7
Competitive,Master,ilios,Junker Queen,TANK,40.3,1.5
Competitive,Master,ilios,Junkrat,DAMAGE,39.9,1.5
Competitive,Master,ilios,Juno,SUPPORT,53.9,2.5
Competitive,Master,ilios,Kiriko,SUPPORT,49.4,50.7
Competitive,Master,ilios,Lifeweaver,SUPPORT,42.1,2.0
Competitive,Master,ilios,Lúcio,SUPPORT,51.1,9.6
Competitive,Master,ilios,Mauga,TANK,45.0,3.0
Competitive,Master,ilios,Mei,DAMAGE,48.5,2.6
Competitive,Master,ilios,Mercy,SUPPORT,52.5,5.2
Competitive,Master,ilios,Mizuki,SUPPORT,55.5,16.7
Competitive,Master,ilios,Moira,SUPPORT,44.8,9.1
Competitive,Master,ilios,Orisa,TANK,49.1,4.7
Competitive,Master,ilios,Pharah,DAMAGE,53.2,5.8
Competitive,Master,ilios,Ramattra,TANK,48.1,0.8
Competitive,Master,ilios,Reaper,DAMAGE,50.2,10.6
Competitive,Master,ilios,Reinhardt,TANK,35.2,2.6
Competitive,Master,ilios,Roadhog,TANK,51.9,10.7
Competitive,Master,ilios,Sigma,TANK,52.2,6.0
Competitive,Master,ilios,Sojourn,DAMAGE,49.8,8.9
Competitive,Master,ilios,Soldier: 76,DAMAGE,42.1,5.2
Competitive,Master,ilios,Sombra,DAMAGE,47.7,5.3
Competitive,Master,ilios,Symmetra,DAMAGE,58.3,3.8
Competitive,Master,ilios,Torbjörn,DAMAGE,47.3,2.8
Competitive,Master,ilios,Tracer,DAMAGE,51.9,33.8
Competitive,Master,ilios,Vendetta,DAMAGE,48.8,3.5
Competitive,Master,ilios,Venture,DAMAGE,48.8,4.0
Competitive,Master,ilios,Widowmaker,DAMAGE,42.6,4.7
Competitive,Master,ilios,Winston,TANK,51.7,32.2
Competitive,Master,ilios,Wrecking Ball,TANK,44.6,7.1
Competitive,Master,ilios,Wuyang,SUPPORT,50.9,18.5
Competitive,Master,ilios,Zarya,TANK,58.3,3.8
Competitive,Master,ilios,Zenyatta,SUPPORT,48.8,5.0
Competitive,Master,nepal,Ana,SUPPORT,49.6,47.3
Competitive,Master,nepal,Anran,DAMAGE,47.4,4.7
Competitive,Master,nepal,Ashe,DAMAGE,50.4,5.6
Competitive,Master,nepal,Baptiste,SUPPORT,48.6,6.8
Competitive,Master,nepal,Bastion,DAMAGE,39.5,2.0
Competitive,Master,nepal,Brigitte,SUPPORT,51.1,7.3
Competitive,Master,nepal,Cassidy,DAMAGE,46.2,31.7
Competitive,Master,nepal,D.Va,TANK,48.2,5.7
Competitive,Master,nepal,Domina,TANK,55.7,7.3
Competitive,Master,nepal,Doomfist,TANK,42.5,12.1
Competitive,Master,nepal,Echo,DAMAGE,54.0,9.1
Competitive,Master,nepal,Emre,DAMAGE,55.1,22.8
Competitive,Master,nepal,Freja,DAMAGE,50.5,2.9
Competitive,Master,nepal,Genji,DAMAGE,48.5,15.5
Competitive,Master,nepal,Hanzo,DAMAGE,48.5,4.9
Competitive,Master,nepal,Hazard,TANK,50.7,3.8
Competitive,Master,nepal,Illari,SUPPORT,53.0,13.9
Competitive,Master,nepal,Jetpack Cat,SUPPORT,51.4,5.9
Competitive,Master,nepal,Junker Queen,TANK,56.9,2.2
Competitive,Master,nepal,Junkrat,DAMAGE,48.8,2.6
Competitive,Master,nepal,Juno,SUPPORT,55.4,2.8
Competitive,Master,nepal,Kiriko,SUPPORT,50.0,43.3
Competitive,Master,nepal,Lifeweaver,SUPPORT,38.5,2.4
Competitive,Master,nepal,Lúcio,SUPPORT,44.0,6.7
Competitive,Master,nepal,Mauga,TANK,53.8,3.0
Competitive,Master,nepal,Mei,DAMAGE,50.7,4.6
Competitive,Master,nepal,Mercy,SUPPORT,50.3,3.7
Competitive,Master,nepal,Mizuki,SUPPORT,48.7,15.5
Competitive,Master,nepal,Moira,SUPPORT,51.9,9.2
Competitive,Master,nepal,Orisa,TANK,53.9,6.3
Competitive,Master,nepal,Pharah,DAMAGE,61.0,6.5
Competitive,Master,nepal,Ramattra,TANK,51.7,2.6
Competitive,Master,nepal,Reaper,DAMAGE,52.7,8.4
Competitive,Master,nepal,Reinhardt,TANK,43.6,5.9
Competitive,Master,nepal,Roadhog,TANK,48.6,7.5
Competitive,Master,nepal,Sigma,TANK,55.4,12.1
Competitive,Master,nepal,Sojourn,DAMAGE,47.6,19.6
Competitive,Master,nepal,Soldier: 76,DAMAGE,48.8,8.0
Competitive,Master,nepal,Sombra,DAMAGE,48.2,4.3
Competitive,Master,nepal,Symmetra,DAMAGE,59.1,5.8
Competitive,Master,nepal,Torbjörn,DAMAGE,47.2,2.7
Competitive,Master,nepal,Tracer,DAMAGE,47.5,29.3
Competitive,Master,nepal,Vendetta,DAMAGE,58.1,3.7
Competitive,Master,nepal,Venture,DAMAGE,46.3,4.1
Competitive,Master,nepal,Widowmaker,DAMAGE,31.0,1.1
Competitive,Master,nepal,Winston,TANK,48.7,16.9
Competitive,Master,nepal,Wrecking Ball,TANK,49.4,6.1
Competitive,Master,nepal,Wuyang,SUPPORT,54.3,26.5
Competitive,Master,nepal,Zarya,TANK,49.7,8.5
Competitive,Master,nepal,Zenyatta,SUPPORT,40.8,8.7
Competitive,Master,lijiang-tower,Ana,SUPPORT,47.5,43.1
Competitive,Master,lijiang-tower,Anran,DAMAGE,43.1,4.4
Competitive,Master,lijiang-tower,Ashe,DAMAGE,46.1,3.0
Competitive,Master,lijiang-tower,Baptiste,SUPPORT,46.1,7.5
Competitive,Master,lijiang-tower,Bastion,DAMAGE,53.1,2.0
Competitive,Master,lijiang-tower,Brigitte,SUPPORT,46.1,5.8
Competitive,Master,lijiang-tower,Cassidy,DAMAGE,48.0,34.5
Competitive,Master,lijiang-tower,D.Va,TANK,47.1,6.1
Competitive,Master,lijiang-tower,Domina,TANK,54.4,7.2
Competitive,Master,lijiang-tower,Doomfist,TANK,50.9,10.0
Competitive,Master,lijiang-tower,Echo,DAMAGE,52.5,9.2
Competitive,Master,lijiang-tower,Emre,DAMAGE,51.1,21.7
Competitive,Master,lijiang-tower,Freja,DAMAGE,47.0,3.3
Competitive,Master,lijiang-tower,Genji,DAMAGE,49.2,13.8
Competitive,Master,lijiang-tower,Hanzo,DAMAGE,51.0,4.6
Competitive,Master,lijiang-tower,Hazard,TANK,59.4,3.7
Competitive,Master,lijiang-tower,Illari,SUPPORT,57.4,12.2
Competitive,Master,lijiang-tower,Jetpack Cat,SUPPORT,49.0,5.5
Competitive,Master,lijiang-tower,Junker Queen,TANK,53.6,2.9
Competitive,Master,lijiang-tower,Junkrat,DAMAGE,44.6,2.7
Competitive,Master,lijiang-tower,Juno,SUPPORT,48.5,2.3
Competitive,Master,lijiang-tower,Kiriko,SUPPORT,50.1,46.6
Competitive,Master,lijiang-tower,Lifeweaver,SUPPORT,40.6,2.0
Competitive,Master,lijiang-tower,Lúcio,SUPPORT,47.9,10.3
Competitive,Master,lijiang-tower,Mauga,TANK,46.4,3.3
Competitive,Master,lijiang-tower,Mei,DAMAGE,42.3,4.7
Competitive,Master,lijiang-tower,Mercy,SUPPORT,43.3,4.2
Competitive,Master,lijiang-tower,Mizuki,SUPPORT,52.8,17.1
Competitive,Master,lijiang-tower,Moira,SUPPORT,51.5,9.6
Competitive,Master,lijiang-tower,Orisa,TANK,44.9,7.7
Competitive,Master,lijiang-tower,Pharah,DAMAGE,62.1,10.0
Competitive,Master,lijiang-tower,Ramattra,TANK,42.6,4.3
Competitive,Master,lijiang-tower,Reaper,DAMAGE,48.5,8.4
Competitive,Master,lijiang-tower,Reinhardt,TANK,48.5,7.1
Competitive,Master,lijiang-tower,Roadhog,TANK,47.4,5.7
Competitive,Master,lijiang-tower,Sigma,TANK,53.0,8.4
Competitive,Master,lijiang-tower,Sojourn,DAMAGE,51.1,19.0
Competitive,Master,lijiang-tower,Soldier: 76,DAMAGE,49.1,5.9
Competitive,Master,lijiang-tower,Sombra,DAMAGE,45.1,3.7
Competitive,Master,lijiang-tower,Symmetra,DAMAGE,55.9,5.9
Competitive,Master,lijiang-tower,Torbjörn,DAMAGE,50.3,2.7
Competitive,Master,lijiang-tower,Tracer,DAMAGE,49.1,31.3
Competitive,Master,lijiang-tower,Vendetta,DAMAGE,53.1,3.7
Competitive,Master,lijiang-tower,Venture,DAMAGE,52.6,4.2
Competitive,Master,lijiang-tower,Widowmaker,DAMAGE,36.1,1.3
Competitive,Master,lijiang-tower,Winston,TANK,49.3,15.6
Competitive,Master,lijiang-tower,Wrecking Ball,TANK,48.4,7.2
Competitive,Master,lijiang-tower,Wuyang,SUPPORT,50.7,25.9
Competitive,Master,lijiang-tower,Zarya,TANK,54.6,10.6
Competitive,Master,lijiang-tower,Zenyatta,SUPPORT,53.2,8.0
Competitive,Master,oasis,Ana,SUPPORT,52.2,43.5
Competitive,Master,oasis,Anran,DAMAGE,40.0,5.0
Competitive,Master,oasis,Ashe,DAMAGE,54.5,2.9
Competitive,Master,oasis,Baptiste,SUPPORT,42.6,7.3
Competitive,Master,oasis,Bastion,DAMAGE,47.4,1.8
Competitive,Master,oasis,Brigitte,SUPPORT,54.7,8.7
Competitive,Master,oasis,Cassidy,DAMAGE,52.5,39.6
Competitive,Master,oasis,D.Va,TANK,49.3,8.2
Competitive,Master,oasis,Domina,TANK,52.8,5.5
Competitive,Master,oasis,Doomfist,TANK,48.4,10.8
Competitive,Master,oasis,Echo,DAMAGE,49.9,9.4
Competitive,Master,oasis,Emre,DAMAGE,50.4,20.5
Competitive,Master,oasis,Freja,DAMAGE,45.9,2.9
Competitive,Master,oasis,Genji,DAMAGE,48.9,15.9
Competitive,Master,oasis,Hanzo,DAMAGE,48.9,3.6
Competitive,Master,oasis,Hazard,TANK,54.5,5.8
Competitive,Master,oasis,Illari,SUPPORT,56.7,13.3
Competitive,Master,oasis,Jetpack Cat,SUPPORT,50.0,5.5
Competitive,Master,oasis,Junker Queen,TANK,54.0,2.9
Competitive,Master,oasis,Junkrat,DAMAGE,46.7,2.1
Competitive,Master,oasis,Juno,SUPPORT,50.9,2.5
Competitive,Master,oasis,Kiriko,SUPPORT,46.5,48.3
Competitive,Master,oasis,Lifeweaver,SUPPORT,38.5,2.3
Competitive,Master,oasis,Lúcio,SUPPORT,43.3,7.7
Competitive,Master,oasis,Mauga,TANK,43.1,3.1
Competitive,Master,oasis,Mei,DAMAGE,45.8,4.2
Competitive,Master,oasis,Mercy,SUPPORT,53.3,4.4
Competitive,Master,oasis,Mizuki,SUPPORT,48.4,17.1
Competitive,Master,oasis,Moira,SUPPORT,47.6,8.6
Competitive,Master,oasis,Orisa,TANK,53.6,5.7
Competitive,Master,oasis,Pharah,DAMAGE,56.6,4.7
Competitive,Master,oasis,Ramattra,TANK,54.8,2.0
Competitive,Master,oasis,Reaper,DAMAGE,52.6,9.5
Competitive,Master,oasis,Reinhardt,TANK,35.0,4.4
Competitive,Master,oasis,Roadhog,TANK,49.8,9.0
Competitive,Master,oasis,Sigma,TANK,55.2,8.4
Competitive,Master,oasis,Sojourn,DAMAGE,45.9,14.9
Competitive,Master,oasis,Soldier: 76,DAMAGE,53.6,8.2
Competitive,Master,oasis,Sombra,DAMAGE,46.9,5.1
Competitive,Master,oasis,Symmetra,DAMAGE,49.9,3.6
Competitive,Master,oasis,Torbjörn,DAMAGE,47.6,2.8
Competitive,Master,oasis,Tracer,DAMAGE,52.3,34.3
Competitive,Master,oasis,Vendetta,DAMAGE,52.5,3.9
Competitive,Master,oasis,Venture,DAMAGE,49.2,4.0
Competitive,Master,oasis,Widowmaker,DAMAGE,29.1,1.0
Competitive,Master,oasis,Winston,TANK,49.2,21.7
Competitive,Master,oasis,Wrecking Ball,TANK,48.0,5.9
Competitive,Master,oasis,Wuyang,SUPPORT,53.4,23.7
Competitive,Master,oasis,Zarya,TANK,50.3,6.5
Competitive,Master,oasis,Zenyatta,SUPPORT,53.0,7.0
Competitive,Master,samoa,Ana,SUPPORT,49.9,47.0
Competitive,Master,samoa,Anran,DAMAGE,50.2,4.9
Competitive,Master,samoa,Ashe,DAMAGE,45.6,5.5
Competitive,Master,samoa,Baptiste,SUPPORT,42.5,6.7
Competitive,Master,samoa,Bastion,DAMAGE,48.0,2.2
Competitive,Master,samoa,Brigitte,SUPPORT,49.4,6.6
Competitive,Master,samoa,Cassidy,DAMAGE,46.6,35.0
Competitive,Master,samoa,D.Va,TANK,45.6,5.8
Competitive,Master,samoa,Domina,TANK,52.2,7.0
Competitive,Master,samoa,Doomfist,TANK,44.1,10.4
Competitive,Master,samoa,Echo,DAMAGE,53.9,6.0
Competitive,Master,samoa,Emre,DAMAGE,52.5,23.9
Competitive,Master,samoa,Freja,DAMAGE,35.7,2.8
Competitive,Master,samoa,Genji,DAMAGE,47.1,12.2
Competitive,Master,samoa,Hanzo,DAMAGE,45.0,5.1
Competitive,Master,samoa,Hazard,TANK,56.8,4.1
Competitive,Master,samoa,Illari,SUPPORT,52.5,15.0
Competitive,Master,samoa,Jetpack Cat,SUPPORT,44.4,4.6
Competitive,Master,samoa,Junker Queen,TANK,46.7,2.1
Competitive,Master,samoa,Junkrat,DAMAGE,44.9,2.1
Competitive,Master,samoa,Juno,SUPPORT,53.0,2.4
Competitive,Master,samoa,Kiriko,SUPPORT,46.0,42.8
Competitive,Master,samoa,Lifeweaver,SUPPORT,43.5,2.4
Competitive,Master,samoa,Lúcio,SUPPORT,54.3,6.7
Competitive,Master,samoa,Mauga,TANK,42.8,3.3
Competitive,Master,samoa,Mei,DAMAGE,48.7,3.8
Competitive,Master,samoa,Mercy,SUPPORT,50.6,5.3
Competitive,Master,samoa,Mizuki,SUPPORT,54.0,18.4
Competitive,Master,samoa,Moira,SUPPORT,52.6,9.5
Competitive,Master,samoa,Orisa,TANK,45.4,6.1
Competitive,Master,samoa,Pharah,DAMAGE,54.5,4.2
Competitive,Master,samoa,Ramattra,TANK,51.6,3.8
Competitive,Master,samoa,Reaper,DAMAGE,50.7,10.6
Competitive,Master,samoa,Reinhardt,TANK,54.5,5.6
Competitive,Master,samoa,Roadhog,TANK,56.5,8.4
Competitive,Master,samoa,Sigma,TANK,51.7,11.4
Competitive,Master,samoa,Sojourn,DAMAGE,50.9,19.2
Competitive,Master,samoa,Soldier: 76,DAMAGE,52.3,7.1
Competitive,Master,samoa,Sombra,DAMAGE,47.1,4.6
Competitive,Master,samoa,Symmetra,DAMAGE,53.6,4.8
Competitive,Master,samoa,Torbjörn,DAMAGE,47.2,3.7
Competitive,Master,samoa,Tracer,DAMAGE,54.0,34.0
Competitive,Master,samoa,Vendetta,DAMAGE,51.5,3.2
Competitive,Master,samoa,Venture,DAMAGE,55.2,4.3
Competitive,Master,samoa,Widowmaker,DAMAGE,30.5,0.8
Competitive,Master,samoa,Winston,TANK,50.2,17.1
Competitive,Master,samoa,Wrecking Ball,TANK,45.9,6.2
Competitive,Master,samoa,Wuyang,SUPPORT,53.9,25.1
Competitive,Master,samoa,Zarya,TANK,53.1,8.7
Competitive,Master,samoa,Zenyatta,SUPPORT,44.0,7.5
Competitive,Master,busan,Ana,SUPPORT,49.1,47.0
Competitive,Master,busan,Anran,DAMAGE,51.7,4.9
Competitive,Master,busan,Ashe,DAMAGE,50.7,7.1
Competitive,Master,busan,Baptiste,SUPPORT,43.1,5.9
Competitive,Master,busan,Bastion,DAMAGE,40.8,1.8
Competitive,Master,busan,Brigitte,SUPPORT,40.7,7.6
Competitive,Master,busan,Cassidy,DAMAGE,50.6,31.7
Competitive,Master,busan,D.Va,TANK,44.9,7.3
Competitive,Master,busan,Domina,TANK,54.2,6.2
Competitive,Master,busan,Doomfist,TANK,48.4,11.4
Competitive,Master,busan,Echo,DAMAGE,47.1,5.3
Competitive,Master,busan,Emre,DAMAGE,58.2,23.4
Competitive,Master,busan,Freja,DAMAGE,51.7,3.0
Competitive,Master,busan,Genji,DAMAGE,49.3,15.9
Competitive,Master,busan,Hanzo,DAMAGE,48.5,5.1
Competitive,Master,busan,Hazard,TANK,50.6,4.3
Competitive,Master,busan,Illari,SUPPORT,52.3,13.3
Competitive,Master,busan,Jetpack Cat,SUPPORT,54.6,4.8
Competitive,Master,busan,Junker Queen,TANK,47.7,2.7
Competitive,Master,busan,Junkrat,DAMAGE,43.9,2.2
Competitive,Master,busan,Juno,SUPPORT,59.6,2.1
Competitive,Master,busan,Kiriko,SUPPORT,54.4,45.8
Competitive,Master,busan,Lifeweaver,SUPPORT,38.9,2.0
Competitive,Master,busan,Lúcio,SUPPORT,44.2,6.6
Competitive,Master,busan,Mauga,TANK,51.1,2.7
Competitive,Master,busan,Mei,DAMAGE,41.0,3.6
Competitive,Master,busan,Mercy,SUPPORT,47.1,5.0
Competitive,Master,busan,Mizuki,SUPPORT,51.8,17.7
Competitive,Master,busan,Moira,SUPPORT,53.4,10.6
Competitive,Master,busan,Orisa,TANK,33.3,4.7
Competitive,Master,busan,Pharah,DAMAGE,54.5,1.8
Competitive,Master,busan,Ramattra,TANK,44.5,3.2
Competitive,Master,busan,Reaper,DAMAGE,48.4,9.1
Competitive,Master,busan,Reinhardt,TANK,49.8,5.1
Competitive,Master,busan,Roadhog,TANK,57.7,6.2
Competitive,Master,busan,Sigma,TANK,50.0,9.9
Competitive,Master,busan,Sojourn,DAMAGE,45.5,16.5
Competitive,Master,busan,Soldier: 76,DAMAGE,50.7,12.5
Competitive,Master,busan,Sombra,DAMAGE,45.1,5.0
Competitive,Master,busan,Symmetra,DAMAGE,54.6,4.3
Competitive,Master,busan,Torbjörn,DAMAGE,53.4,2.9
Competitive,Master,busan,Tracer,DAMAGE,51.3,32.7
Competitive,Master,busan,Vendetta,DAMAGE,44.4,3.9
Competitive,Master,busan,Venture,DAMAGE,55.2,4.1
Competitive,Master,busan,Widowmaker,DAMAGE,32.9,3.2
Competitive,Master,busan,Winston,TANK,51.3,23.8
Competitive,Master,busan,Wrecking Ball,TANK,52.9,5.7
Competitive,Master,busan,Wuyang,SUPPORT,51.7,24.1
Competitive,Master,busan,Zarya,TANK,56.3,6.7
Competitive,Master,busan,Zenyatta,SUPPORT,42.6,7.3
Competitive,Master,route-66,Ana,SUPPORT,57.0,62.0
Competitive,Master,route-66,Anran,DAMAGE,52.7,3.6
Competitive,Master,route-66,Ashe,DAMAGE,55.5,18.4
Competitive,Master,route-66,Baptiste,SUPPORT,45.1,8.3
Competitive,Master,route-66,Bastion,DAMAGE,37.7,2.6
Competitive,Master,route-66,Brigitte,SUPPORT,47.0,5.9
Competitive,Master,route-66,Cassidy,DAMAGE,39.2,24.9
Competitive,Master,route-66,D.Va,TANK,57.0,7.1
Competitive,Master,route-66,Domina,TANK,47.0,5.6
Competitive,Master,route-66,Doomfist,TANK,36.2,8.9
Competitive,Master,route-66,Echo,DAMAGE,52.5,9.4
Competitive,Master,route-66,Emre,DAMAGE,54.4,27.0
Competitive,Master,route-66,Freja,DAMAGE,48.4,6.7
Competitive,Master,route-66,Genji,DAMAGE,51.5,18.2
Competitive,Master,route-66,Hanzo,DAMAGE,48.6,8.4
Competitive,Master,route-66,Hazard,TANK,65.6,3.4
Competitive,Master,route-66,Illari,SUPPORT,58.9,23.8
Competitive,Master,route-66,Jetpack Cat,SUPPORT,50.9,4.3
Competitive,Master,route-66,Junker Queen,TANK,54.6,1.2
Competitive,Master,route-66,Junkrat,DAMAGE,52.8,2.4
Competitive,Master,route-66,Juno,SUPPORT,42.2,2.3
Competitive,Master,route-66,Kiriko,SUPPORT,46.6,35.1
Competitive,Master,route-66,Lifeweaver,SUPPORT,36.1,3.4
Competitive,Master,route-66,Lúcio,SUPPORT,35.6,2.1
Competitive,Master,route-66,Mauga,TANK,46.4,2.2
Competitive,Master,route-66,Mei,DAMAGE,47.4,4.0
Competitive,Master,route-66,Mercy,SUPPORT,49.7,7.3
Competitive,Master,route-66,Mizuki,SUPPORT,39.9,9.7
Competitive,Master,route-66,Moira,SUPPORT,52.7,4.5
Competitive,Master,route-66,Orisa,TANK,44.1,3.7
Competitive,Master,route-66,Pharah,DAMAGE,54.8,3.0
Competitive,Master,route-66,Ramattra,TANK,47.9,1.2
Competitive,Master,route-66,Reaper,DAMAGE,61.9,7.9
Competitive,Master,route-66,Reinhardt,TANK,24.1,4.5
Competitive,Master,route-66,Roadhog,TANK,56.5,9.0
Competitive,Master,route-66,Sigma,TANK,55.9,14.1
Competitive,Master,route-66,Sojourn,DAMAGE,48.4,14.9
Competitive,Master,route-66,Soldier: 76,DAMAGE,46.0,7.1
Competitive,Master,route-66,Sombra,DAMAGE,45.9,4.6
Competitive,Master,route-66,Symmetra,DAMAGE,58.5,2.0
Competitive,Master,route-66,Torbjörn,DAMAGE,54.8,3.8
Competitive,Master,route-66,Tracer,DAMAGE,48.9,19.2
Competitive,Master,route-66,Vendetta,DAMAGE,44.0,2.6
Competitive,Master,route-66,Venture,DAMAGE,58.5,3.2
Competitive,Master,route-66,Widowmaker,DAMAGE,44.3,6.2
Competitive,Master,route-66,Winston,TANK,52.4,26.6
Competitive,Master,route-66,Wrecking Ball,TANK,48.5,6.5
Competitive,Master,route-66,Wuyang,SUPPORT,52.1,20.9
Competitive,Master,route-66,Zarya,TANK,55.8,5.9
Competitive,Master,route-66,Zenyatta,SUPPORT,49.1,10.4
Competitive,Master,havana,Ana,SUPPORT,59.9,62.2
Competitive,Master,havana,Anran,DAMAGE,27.4,2.0
Competitive,Master,havana,Ashe,DAMAGE,47.5,13.9
Competitive,Master,havana,Baptiste,SUPPORT,46.2,14.8
Competitive,Master,havana,Bastion,DAMAGE,44.5,3.0
Competitive,Master,havana,Brigitte,SUPPORT,46.8,2.5
Competitive,Master,havana,Cassidy,DAMAGE,42.1,12.9
Competitive,Master,havana,D.Va,TANK,64.9,4.1
Competitive,Master,havana,Domina,TANK,54.6,11.5
Competitive,Master,havana,Doomfist,TANK,35.0,9.8
Competitive,Master,havana,Echo,DAMAGE,51.0,3.1
Competitive,Master,havana,Emre,DAMAGE,57.7,25.2
Competitive,Master,havana,Freja,DAMAGE,48.6,7.7
Competitive,Master,havana,Genji,DAMAGE,55.2,16.6
Competitive,Master,havana,Hanzo,DAMAGE,48.1,19.4
Competitive,Master,havana,Hazard,TANK,63.8,1.9
Competitive,Master,havana,Illari,SUPPORT,55.2,26.6
Competitive,Master,havana,Jetpack Cat,SUPPORT,44.9,2.7
Competitive,Master,havana,Junker Queen,TANK,75.4,0.5
Competitive,Master,havana,Junkrat,DAMAGE,37.0,1.6
Competitive,Master,havana,Juno,SUPPORT,51.1,2.7
Competitive,Master,havana,Kiriko,SUPPORT,39.6,24.1
Competitive,Master,havana,Lifeweaver,SUPPORT,23.3,3.5
Competitive,Master,havana,Lúcio,SUPPORT,21.5,1.0
Competitive,Master,havana,Mauga,TANK,47.6,1.4
Competitive,Master,havana,Mei,DAMAGE,56.7,6.3
Competitive,Master,havana,Mercy,SUPPORT,35.8,5.0
Competitive,Master,havana,Mizuki,SUPPORT,54.5,7.0
Competitive,Master,havana,Moira,SUPPORT,34.2,4.0
Competitive,Master,havana,Orisa,TANK,51.2,4.3
Competitive,Master,havana,Pharah,DAMAGE,60.2,1.3
Competitive,Master,havana,Ramattra,TANK,46.7,2.7
Competitive,Master,havana,Reaper,DAMAGE,52.4,4.1
Competitive,Master,havana,Reinhardt,TANK,30.9,6.2
Competitive,Master,havana,Roadhog,TANK,47.2,6.5
Competitive,Master,havana,Sigma,TANK,60.2,31.7
Competitive,Master,havana,Sojourn,DAMAGE,51.5,24.7
Competitive,Master,havana,Soldier: 76,DAMAGE,41.6,6.4
Competitive,Master,havana,Sombra,DAMAGE,48.4,4.0
Competitive,Master,havana,Symmetra,DAMAGE,56.0,2.5
Competitive,Master,havana,Torbjörn,DAMAGE,48.4,3.7
Competitive,Master,havana,Tracer,DAMAGE,45.3,12.5
Competitive,Master,havana,Vendetta,DAMAGE,51.8,2.0
Competitive,Master,havana,Venture,DAMAGE,52.7,3.1
Competitive,Master,havana,Widowmaker,DAMAGE,52.4,24.0
Competitive,Master,havana,Winston,TANK,49.1,12.7
Competitive,Master,havana,Wrecking Ball,TANK,42.8,3.0
Competitive,Master,havana,Wuyang,SUPPORT,54.8,16.9
Competitive,Master,havana,Zarya,TANK,43.3,3.8
Competitive,Master,havana,Zenyatta,SUPPORT,57.2,27.1
Competitive,Master,junkertown,Ana,SUPPORT,52.1,60.8
Competitive,Master,junkertown,Anran,DAMAGE,47.1,3.4
Competitive,Master,junkertown,Ashe,DAMAGE,56.4,14.3
Competitive,Master,junkertown,Baptiste,SUPPORT,49.9,9.8
Competitive,Master,junkertown,Bastion,DAMAGE,50.7,1.9
Competitive,Master,junkertown,Brigitte,SUPPORT,51.2,5.0
Competitive,Master,junkertown,Cassidy,DAMAGE,44.9,20.8
Competitive,Master,junkertown,D.Va,TANK,54.2,8.1
Competitive,Master,junkertown,Domina,TANK,55.6,8.4
Competitive,Master,junkertown,Doomfist,TANK,42.6,9.6
Competitive,Master,junkertown,Echo,DAMAGE,64.1,6.1
Competitive,Master,junkertown,Emre,DAMAGE,53.9,24.7
Competitive,Master,junkertown,Freja,DAMAGE,47.3,6.0
Competitive,Master,junkertown,Genji,DAMAGE,42.0,17.3
Competitive,Master,junkertown,Hanzo,DAMAGE,49.9,10.6
Competitive,Master,junkertown,Hazard,TANK,45.3,2.4
Competitive,Master,junkertown,Illari,SUPPORT,61.2,27.8
Competitive,Master,junkertown,Jetpack Cat,SUPPORT,40.4,4.3
Competitive,Master,junkertown,Junker Queen,TANK,6.0,0.4
Competitive,Master,junkertown,Junkrat,DAMAGE,47.3,2.9
Competitive,Master,junkertown,Juno,SUPPORT,38.1,1.9
Competitive,Master,junkertown,Kiriko,SUPPORT,55.3,32.7
Competitive,Master,junkertown,Lifeweaver,SUPPORT,43.8,3.9
Competitive,Master,junkertown,Lúcio,SUPPORT,24.5,2.3
Competitive,Master,junkertown,Mauga,TANK,62.0,1.7
Competitive,Master,junkertown,Mei,DAMAGE,34.2,4.1
Competitive,Master,junkertown,Mercy,SUPPORT,46.1,6.1
Competitive,Master,junkertown,Mizuki,SUPPORT,46.6,7.8
Competitive,Master,junkertown,Moira,SUPPORT,27.2,4.4
Competitive,Master,junkertown,Orisa,TANK,55.3,3.8
Competitive,Master,junkertown,Pharah,DAMAGE,54.1,2.2
Competitive,Master,junkertown,Ramattra,TANK,28.4,0.8
Competitive,Master,junkertown,Reaper,DAMAGE,58.8,6.8
Competitive,Master,junkertown,Reinhardt,TANK,39.6,3.9
Competitive,Master,junkertown,Roadhog,TANK,37.7,7.9
Competitive,Master,junkertown,Sigma,TANK,55.0,24.0
Competitive,Master,junkertown,Sojourn,DAMAGE,42.0,16.1
Competitive,Master,junkertown,Soldier: 76,DAMAGE,47.6,10.6
Competitive,Master,junkertown,Sombra,DAMAGE,50.8,5.7
Competitive,Master,junkertown,Symmetra,DAMAGE,74.8,1.4
Competitive,Master,junkertown,Torbjörn,DAMAGE,48.2,4.6
Competitive,Master,junkertown,Tracer,DAMAGE,51.9,17.5
Competitive,Master,junkertown,Vendetta,DAMAGE,28.3,3.9
Competitive,Master,junkertown,Venture,DAMAGE,56.0,4.1
Competitive,Master,junkertown,Widowmaker,DAMAGE,61.7,15.0
Competitive,Master,junkertown,Winston,TANK,52.8,20.4
Competitive,Master,junkertown,Wrecking Ball,TANK,57.1,6.4
Competitive,Master,junkertown,Wuyang,SUPPORT,48.2,19.2
Competitive,Master,junkertown,Zarya,TANK,35.1,2.3
Competitive,Master,junkertown,Zenyatta,SUPPORT,46.2,14.1
Competitive,Master,dorado,Ana,SUPPORT,52.9,63.6
Competitive,Master,dorado,Anran,DAMAGE,70.7,3.7
Competitive,Master,dorado,Ashe,DAMAGE,48.1,20.2
Competitive,Master,dorado,Baptiste,SUPPORT,45.6,7.1
Competitive,Master,dorado,Bastion,DAMAGE,46.8,2.0
Competitive,Master,dorado,Brigitte,SUPPORT,57.4,9.5
Competitive,Master,dorado,Cassidy,DAMAGE,46.1,24.7
Competitive,Master,dorado,D.Va,TANK,52.7,9.6
Competitive,Master,dorado,Domina,TANK,49.0,3.6
Competitive,Master,dorado,Doomfist,TANK,54.3,9.7
Competitive,Master,dorado,Echo,DAMAGE,48.1,14.5
Competitive,Master,dorado,Emre,DAMAGE,50.5,24.6
Competitive,Master,dorado,Freja,DAMAGE,48.6,6.7
Competitive,Master,dorado,Genji,DAMAGE,47.7,18.5
Competitive,Master,dorado,Hanzo,DAMAGE,55.2,7.2
Competitive,Master,dorado,Hazard,TANK,52.7,5.6
Competitive,Master,dorado,Illari,SUPPORT,50.1,18.1
Competitive,Master,dorado,Jetpack Cat,SUPPORT,56.8,7.4
Competitive,Master,dorado,Junker Queen,TANK,45.6,1.0
Competitive,Master,dorado,Junkrat,DAMAGE,54.4,2.9
Competitive,Master,dorado,Juno,SUPPORT,47.3,2.1
Competitive,Master,dorado,Kiriko,SUPPORT,50.8,39.6
Competitive,Master,dorado,Lifeweaver,SUPPORT,35.8,3.0
Competitive,Master,dorado,Lúcio,SUPPORT,44.4,2.2
Competitive,Master,dorado,Mauga,TANK,45.6,1.9
Competitive,Master,dorado,Mei,DAMAGE,52.0,3.9
Competitive,Master,dorado,Mercy,SUPPORT,51.5,7.8
Competitive,Master,dorado,Mizuki,SUPPORT,46.8,10.4
Competitive,Master,dorado,Moira,SUPPORT,48.5,3.5
Competitive,Master,dorado,Orisa,TANK,33.3,2.8
Competitive,Master,dorado,Pharah,DAMAGE,60.5,4.5
Competitive,Master,dorado,Ramattra,TANK,56.8,0.8
Competitive,Master,dorado,Reaper,DAMAGE,55.1,8.8
Competitive,Master,dorado,Reinhardt,TANK,38.9,3.5
Competitive,Master,dorado,Roadhog,TANK,44.3,6.6
Competitive,Master,dorado,Sigma,TANK,51.6,8.3
Competitive,Master,dorado,Sojourn,DAMAGE,49.6,9.8
Competitive,Master,dorado,Soldier: 76,DAMAGE,44.7,9.4
Competitive,Master,dorado,Sombra,DAMAGE,40.0,3.4
Competitive,Master,dorado,Symmetra,DAMAGE,60.7,1.5
Competitive,Master,dorado,Torbjörn,DAMAGE,37.9,2.7
Competitive,Master,dorado,Tracer,DAMAGE,56.0,21.1
Competitive,Master,dorado,Vendetta,DAMAGE,40.2,2.7
Competitive,Master,dorado,Venture,DAMAGE,55.2,3.7
Competitive,Master,dorado,Widowmaker,DAMAGE,35.7,3.3
Competitive,Master,dorado,Winston,TANK,54.0,39.7
Competitive,Master,dorado,Wrecking Ball,TANK,45.1,4.3
Competitive,Master,dorado,Wuyang,SUPPORT,49.2,18.3
Competitive,Master,dorado,Zarya,TANK,45.8,2.7
Competitive,Master,dorado,Zenyatta,SUPPORT,39.2,7.2
Competitive,Master,watchpoint-gibraltar,Ana,SUPPORT,55.9,59.1
Competitive,Master,watchpoint-gibraltar,Anran,DAMAGE,49.8,2.3
Competitive,Master,watchpoint-gibraltar,Ashe,DAMAGE,49.3,20.2
Competitive,Master,watchpoint-gibraltar,Baptiste,SUPPORT,42.6,8.5
Competitive,Master,watchpoint-gibraltar,Bastion,DAMAGE,46.3,2.4
Competitive,Master,watchpoint-gibraltar,Brigitte,SUPPORT,48.5,10.7
Competitive,Master,watchpoint-gibraltar,Cassidy,DAMAGE,48.8,24.4
Competitive,Master,watchpoint-gibraltar,D.Va,TANK,46.3,8.0
Competitive,Master,watchpoint-gibraltar,Domina,TANK,37.7,3.7
Competitive,Master,watchpoint-gibraltar,Doomfist,TANK,55.7,9.0
Competitive,Master,watchpoint-gibraltar,Echo,DAMAGE,54.4,10.6
Competitive,Master,watchpoint-gibraltar,Emre,DAMAGE,52.0,23.7
Competitive,Master,watchpoint-gibraltar,Freja,DAMAGE,54.7,6.1
Competitive,Master,watchpoint-gibraltar,Genji,DAMAGE,49.8,19.2
Competitive,Master,watchpoint-gibraltar,Hanzo,DAMAGE,50.0,8.3
Competitive,Master,watchpoint-gibraltar,Hazard,TANK,54.7,6.0
Competitive,Master,watchpoint-gibraltar,Illari,SUPPORT,46.6,20.6
Competitive,Master,watchpoint-gibraltar,Jetpack Cat,SUPPORT,52.0,7.7
Competitive,Master,watchpoint-gibraltar,Junker Queen,TANK,37.9,0.7
Competitive,Master,watchpoint-gibraltar,Junkrat,DAMAGE,28.0,3.2
Competitive,Master,watchpoint-gibraltar,Juno,SUPPORT,42.0,2.2
Competitive,Master,watchpoint-gibraltar,Kiriko,SUPPORT,52.4,44.0
Competitive,Master,watchpoint-gibraltar,Lifeweaver,SUPPORT,43.3,4.3
Competitive,Master,watchpoint-gibraltar,Lúcio,SUPPORT,39.9,1.9
Competitive,Master,watchpoint-gibraltar,Mauga,TANK,47.1,2.1
Competitive,Master,watchpoint-gibraltar,Mei,DAMAGE,43.6,2.3
Competitive,Master,watchpoint-gibraltar,Mercy,SUPPORT,56.9,7.4
Competitive,Master,watchpoint-gibraltar,Mizuki,SUPPORT,50.2,10.0
Competitive,Master,watchpoint-gibraltar,Moira,SUPPORT,42.0,3.5
Competitive,Master,watchpoint-gibraltar,Orisa,TANK,43.9,2.6
Competitive,Master,watchpoint-gibraltar,Pharah,DAMAGE,33.8,1.8
Competitive,Master,watchpoint-gibraltar,Ramattra,TANK,33.0,0.8
Competitive,Master,watchpoint-gibraltar,Reaper,DAMAGE,43.4,10.1
Competitive,Master,watchpoint-gibraltar,Reinhardt,TANK,19.1,2.3
Competitive,Master,watchpoint-gibraltar,Roadhog,TANK,43.1,8.8
Competitive,Master,watchpoint-gibraltar,Sigma,TANK,40.4,5.4
Competitive,Master,watchpoint-gibraltar,Sojourn,DAMAGE,54.4,8.1
Competitive,Master,watchpoint-gibraltar,Soldier: 76,DAMAGE,48.2,7.2
Competitive,Master,watchpoint-gibraltar,Sombra,DAMAGE,38.9,4.3
Competitive,Master,watchpoint-gibraltar,Symmetra,DAMAGE,50.9,2.3
Competitive,Master,watchpoint-gibraltar,Torbjörn,DAMAGE,38.2,3.9
Competitive,Master,watchpoint-gibraltar,Tracer,DAMAGE,59.5,27.1
Competitive,Master,watchpoint-gibraltar,Vendetta,DAMAGE,52.8,3.4
Competitive,Master,watchpoint-gibraltar,Venture,DAMAGE,56.7,4.0
Competitive,Master,watchpoint-gibraltar,Widowmaker,DAMAGE,43.2,5.3
Competitive,Master,watchpoint-gibraltar,Winston,TANK,59.4,42.9
Competitive,Master,watchpoint-gibraltar,Wrecking Ball,TANK,58.2,5.7
Competitive,Master,watchpoint-gibraltar,Wuyang,SUPPORT,44.2,12.3
Competitive,Master,watchpoint-gibraltar,Zarya,TANK,45.6,1.9
Competitive,Master,watchpoint-gibraltar,Zenyatta,SUPPORT,56.3,7.8
Competitive,Master,circuit-royal,Ana,SUPPORT,52.0,57.0
Competitive,Master,circuit-royal,Anran,DAMAGE,47.4,2.5
Competitive,Master,circuit-royal,Ashe,DAMAGE,51.5,16.6
Competitive,Master,circuit-royal,Baptiste,SUPPORT,51.1,23.9
Competitive,Master,circuit-royal,Bastion,DAMAGE,55.5,3.8
Competitive,Master,circuit-royal,Brigitte,SUPPORT,52.8,1.3
Competitive,Master,circuit-royal,Cassidy,DAMAGE,42.8,9.2
Competitive,Master,circuit-royal,D.Va,TANK,40.1,3.8
Competitive,Master,circuit-royal,Domina,TANK,56.3,10.5
Competitive,Master,circuit-royal,Doomfist,TANK,47.7,7.6
Competitive,Master,circuit-royal,Echo,DAMAGE,59.4,8.3
Competitive,Master,circuit-royal,Emre,DAMAGE,55.0,25.8
Competitive,Master,circuit-royal,Freja,DAMAGE,52.8,12.6
Competitive,Master,circuit-royal,Genji,DAMAGE,50.3,14.0
Competitive,Master,circuit-royal,Hanzo,DAMAGE,48.6,17.6
Competitive,Master,circuit-royal,Hazard,TANK,50.8,1.0
Competitive,Master,circuit-royal,Illari,SUPPORT,55.4,26.6
Competitive,Master,circuit-royal,Jetpack Cat,SUPPORT,47.3,4.8
Competitive,Master,circuit-royal,Junker Queen,TANK,47.4,0.8
Competitive,Master,circuit-royal,Junkrat,DAMAGE,33.9,2.4
Competitive,Master,circuit-royal,Juno,SUPPORT,44.7,4.7
Competitive,Master,circuit-royal,Kiriko,SUPPORT,46.1,15.3
Competitive,Master,circuit-royal,Lifeweaver,SUPPORT,26.0,3.3
Competitive,Master,circuit-royal,Lúcio,SUPPORT,26.8,1.5
Competitive,Master,circuit-royal,Mauga,TANK,45.2,2.0
Competitive,Master,circuit-royal,Mei,DAMAGE,49.2,6.4
Competitive,Master,circuit-royal,Mercy,SUPPORT,51.9,6.2
Competitive,Master,circuit-royal,Mizuki,SUPPORT,55.2,4.6
Competitive,Master,circuit-royal,Moira,SUPPORT,38.8,4.1
Competitive,Master,circuit-royal,Orisa,TANK,43.6,5.2
Competitive,Master,circuit-royal,Pharah,DAMAGE,47.7,5.7
Competitive,Master,circuit-royal,Ramattra,TANK,47.4,6.1
Competitive,Master,circuit-royal,Reaper,DAMAGE,46.2,3.3
Competitive,Master,circuit-royal,Reinhardt,TANK,41.1,6.8
Competitive,Master,circuit-royal,Roadhog,TANK,33.9,2.2
Competitive,Master,circuit-royal,Sigma,TANK,67.5,37.5
Competitive,Master,circuit-royal,Sojourn,DAMAGE,49.4,29.7
Competitive,Master,circuit-royal,Soldier: 76,DAMAGE,46.6,6.3
Competitive,Master,circuit-royal,Sombra,DAMAGE,41.2,2.3
Competitive,Master,circuit-royal,Symmetra,DAMAGE,56.6,3.0
Competitive,Master,circuit-royal,Torbjörn,DAMAGE,33.8,2.7
Competitive,Master,circuit-royal,Tracer,DAMAGE,38.5,3.8
Competitive,Master,circuit-royal,Vendetta,DAMAGE,43.4,1.9
Competitive,Master,circuit-royal,Venture,DAMAGE,40.1,2.7
Competitive,Master,circuit-royal,Widowmaker,DAMAGE,55.3,19.5
Competitive,Master,circuit-royal,Winston,TANK,36.0,6.5
Competitive,Master,circuit-royal,Wrecking Ball,TANK,41.8,2.5
Competitive,Master,circuit-royal,Wuyang,SUPPORT,50.8,20.2
Competitive,Master,circuit-royal,Zarya,TANK,44.2,7.4
Competitive,Master,circuit-royal,Zenyatta,SUPPORT,51.2,26.5
Competitive,Master,rialto,Ana,SUPPORT,54.1,61.3
Competitive,Master,rialto,Anran,DAMAGE,48.5,2.9
Competitive,Master,rialto,Ashe,DAMAGE,52.2,15.5
Competitive,Master,rialto,Baptiste,SUPPORT,42.8,8.8
Competitive,Master,rialto,Bastion,DAMAGE,49.2,2.9
Competitive,Master,rialto,Brigitte,SUPPORT,55.5,5.9
Competitive,Master,rialto,Cassidy,DAMAGE,44.9,19.5
Competitive,Master,rialto,D.Va,TANK,47.9,8.6
Competitive,Master,rialto,Domina,TANK,55.7,7.2
Competitive,Master,rialto,Doomfist,TANK,51.5,10.1
Competitive,Master,rialto,Echo,DAMAGE,57.7,14.7
Competitive,Master,rialto,Emre,DAMAGE,53.0,25.2
Competitive,Master,rialto,Freja,DAMAGE,38.0,6.1
Competitive,Master,rialto,Genji,DAMAGE,50.3,14.4
Competitive,Master,rialto,Hanzo,DAMAGE,48.6,9.7
Competitive,Master,rialto,Hazard,TANK,46.7,3.6
Competitive,Master,rialto,Illari,SUPPORT,53.1,23.4
Competitive,Master,rialto,Jetpack Cat,SUPPORT,54.0,6.1
Competitive,Master,rialto,Junker Queen,TANK,40.4,1.7
Competitive,Master,rialto,Junkrat,DAMAGE,48.7,1.6
Competitive,Master,rialto,Juno,SUPPORT,62.6,2.6
Competitive,Master,rialto,Kiriko,SUPPORT,50.1,34.7
Competitive,Master,rialto,Lifeweaver,SUPPORT,39.5,3.6
Competitive,Master,rialto,Lúcio,SUPPORT,36.4,2.3
Competitive,Master,rialto,Mauga,TANK,57.6,2.0
Competitive,Master,rialto,Mei,DAMAGE,59.0,4.6
Competitive,Master,rialto,Mercy,SUPPORT,40.8,5.8
Competitive,Master,rialto,Mizuki,SUPPORT,51.5,10.3
Competitive,Master,rialto,Moira,SUPPORT,43.9,4.7
Competitive,Master,rialto,Orisa,TANK,47.1,4.3
Competitive,Master,rialto,Pharah,DAMAGE,57.1,5.8
Competitive,Master,rialto,Ramattra,TANK,39.3,2.2
Competitive,Master,rialto,Reaper,DAMAGE,58.4,7.0
Competitive,Master,rialto,Reinhardt,TANK,33.6,4.7
Competitive,Master,rialto,Roadhog,TANK,42.6,6.7
Competitive,Master,rialto,Sigma,TANK,52.2,15.2
Competitive,Master,rialto,Sojourn,DAMAGE,43.3,12.8
Competitive,Master,rialto,Soldier: 76,DAMAGE,43.2,7.6
Competitive,Master,rialto,Sombra,DAMAGE,46.5,4.4
Competitive,Master,rialto,Symmetra,DAMAGE,39.4,2.0
Competitive,Master,rialto,Torbjörn,DAMAGE,43.2,3.4
Competitive,Master,rialto,Tracer,DAMAGE,53.9,20.6
Competitive,Master,rialto,Vendetta,DAMAGE,51.2,3.2
Competitive,Master,rialto,Venture,DAMAGE,40.5,3.5
Competitive,Master,rialto,Widowmaker,DAMAGE,51.4,12.5
Competitive,Master,rialto,Winston,TANK,60.2,23.7
Competitive,Master,rialto,Wrecking Ball,TANK,51.1,4.9
Competitive,Master,rialto,Wuyang,SUPPORT,51.1,19.6
Competitive,Master,rialto,Zarya,TANK,37.5,5.2
Competitive,Master,rialto,Zenyatta,SUPPORT,45.2,10.8
Competitive,Master,shambali-monastery,Ana,SUPPORT,54.6,53.8
Competitive,Master,shambali-monastery,Anran,DAMAGE,44.0,4.6
Competitive,Master,shambali-monastery,Ashe,DAMAGE,51.4,12.2
Competitive,Master,shambali-monastery,Baptiste,SUPPORT,43.9,12.5
Competitive,Master,shambali-monastery,Bastion,DAMAGE,42.6,3.2
Competitive,Master,shambali-monastery,Brigitte,SUPPORT,44.8,4.3
Competitive,Master,shambali-monastery,Cassidy,DAMAGE,47.0,21.1
Competitive,Master,shambali-monastery,D.Va,TANK,51.5,5.0
Competitive,Master,shambali-monastery,Domina,TANK,52.8,8.3
Competitive,Master,shambali-monastery,Doomfist,TANK,42.0,6.6
Competitive,Master,shambali-monastery,Echo,DAMAGE,54.5,15.3
Competitive,Master,shambali-monastery,Emre,DAMAGE,57.7,30.2
Competitive,Master,shambali-monastery,Freja,DAMAGE,51.5,7.3
Competitive,Master,shambali-monastery,Genji,DAMAGE,55.6,14.7
Competitive,Master,shambali-monastery,Hanzo,DAMAGE,55.1,9.3
Competitive,Master,shambali-monastery,Hazard,TANK,56.5,1.8
Competitive,Master,shambali-monastery,Illari,SUPPORT,58.7,23.5
Competitive,Master,shambali-monastery,Jetpack Cat,SUPPORT,53.7,5.3
Competitive,Master,shambali-monastery,Junker Queen,TANK,53.8,2.1
Competitive,Master,shambali-monastery,Junkrat,DAMAGE,35.5,3.3
Competitive,Master,shambali-monastery,Juno,SUPPORT,57.3,2.9
Competitive,Master,shambali-monastery,Kiriko,SUPPORT,44.8,32.8
Competitive,Master,shambali-monastery,Lifeweaver,SUPPORT,26.4,2.4
Competitive,Master,shambali-monastery,Lúcio,SUPPORT,33.2,2.7
Competitive,Master,shambali-monastery,Mauga,TANK,47.6,2.9
Competitive,Master,shambali-monastery,Mei,DAMAGE,51.5,5.0
Competitive,Master,shambali-monastery,Mercy,SUPPORT,44.9,4.7
Competitive,Master,shambali-monastery,Mizuki,SUPPORT,50.2,11.9
Competitive,Master,shambali-monastery,Moira,SUPPORT,56.9,7.5
Competitive,Master,shambali-monastery,Orisa,TANK,35.6,6.3
Competitive,Master,shambali-monastery,Pharah,DAMAGE,58.6,6.7
Competitive,Master,shambali-monastery,Ramattra,TANK,61.3,5.3
Competitive,Master,shambali-monastery,Reaper,DAMAGE,48.8,6.4
Competitive,Master,shambali-monastery,Reinhardt,TANK,51.8,6.9
Competitive,Master,shambali-monastery,Roadhog,TANK,35.0,7.3
Competitive,Master,shambali-monastery,Sigma,TANK,57.5,23.1
Competitive,Master,shambali-monastery,Sojourn,DAMAGE,43.6,16.2
Competitive,Master,shambali-monastery,Soldier: 76,DAMAGE,44.7,6.8
Competitive,Master,shambali-monastery,Sombra,DAMAGE,39.8,3.7
Competitive,Master,shambali-monastery,Symmetra,DAMAGE,35.4,3.1
Competitive,Master,shambali-monastery,Torbjörn,DAMAGE,46.4,3.1
Competitive,Master,shambali-monastery,Tracer,DAMAGE,44.2,15.0
Competitive,Master,shambali-monastery,Vendetta,DAMAGE,50.1,2.9
Competitive,Master,shambali-monastery,Venture,DAMAGE,50.1,4.6
Competitive,Master,shambali-monastery,Widowmaker,DAMAGE,45.3,5.4
Competitive,Master,shambali-monastery,Winston,TANK,54.3,11.4
Competitive,Master,shambali-monastery,Wrecking Ball,TANK,39.3,4.6
Competitive,Master,shambali-monastery,Wuyang,SUPPORT,51.1,22.7
Competitive,Master,shambali-monastery,Zarya,TANK,48.4,8.4
Competitive,Master,shambali-monastery,Zenyatta,SUPPORT,46.3,13.0
Competitive,Master,aatlis,Ana,SUPPORT,44.9,30.0
Competitive,Master,aatlis,Anran,DAMAGE,46.8,6.7
Competitive,Master,aatlis,Ashe,DAMAGE,32.4,1.2
Competitive,Master,aatlis,Baptiste,SUPPORT,58.4,6.3
Competitive,Master,aatlis,Bastion,DAMAGE,51.1,2.3
Competitive,Master,aatlis,Brigitte,SUPPORT,50.9,7.5
Competitive,Master,aatlis,Cassidy,DAMAGE,49.6,36.7
Competitive,Master,aatlis,D.Va,TANK,46.4,6.2
Competitive,Master,aatlis,Domina,TANK,60.6,6.8
Competitive,Master,aatlis,Doomfist,TANK,43.3,12.2
Competitive,Master,aatlis,Echo,DAMAGE,43.0,4.5
Competitive,Master,aatlis,Emre,DAMAGE,55.7,17.5
Competitive,Master,aatlis,Freja,DAMAGE,48.3,1.7
Competitive,Master,aatlis,Genji,DAMAGE,49.9,14.7
Competitive,Master,aatlis,Hanzo,DAMAGE,41.1,2.8
Competitive,Master,aatlis,Hazard,TANK,52.5,6.0
Competitive,Master,aatlis,Illari,SUPPORT,55.8,8.2
Competitive,Master,aatlis,Jetpack Cat,SUPPORT,42.7,3.4
Competitive,Master,aatlis,Junker Queen,TANK,61.3,4.6
Competitive,Master,aatlis,Junkrat,DAMAGE,49.8,3.4
Competitive,Master,aatlis,Juno,SUPPORT,47.5,2.1
Competitive,Master,aatlis,Kiriko,SUPPORT,49.2,52.9
Competitive,Master,aatlis,Lifeweaver,SUPPORT,44.4,2.0
Competitive,Master,aatlis,Lúcio,SUPPORT,51.5,13.6
Competitive,Master,aatlis,Mauga,TANK,48.7,3.7
Competitive,Master,aatlis,Mei,DAMAGE,47.2,4.4
Competitive,Master,aatlis,Mercy,SUPPORT,39.0,2.9
Competitive,Master,aatlis,Mizuki,SUPPORT,56.5,21.9
Competitive,Master,aatlis,Moira,SUPPORT,47.7,16.5
Competitive,Master,aatlis,Orisa,TANK,45.8,6.5
Competitive,Master,aatlis,Pharah,DAMAGE,48.8,3.1
Competitive,Master,aatlis,Ramattra,TANK,48.1,4.9
Competitive,Master,aatlis,Reaper,DAMAGE,53.1,14.0
Competitive,Master,aatlis,Reinhardt,TANK,42.8,5.4
Competitive,Master,aatlis,Roadhog,TANK,49.1,7.9
Competitive,Master,aatlis,Sigma,TANK,53.5,8.9
Competitive,Master,aatlis,Sojourn,DAMAGE,44.2,19.4
Competitive,Master,aatlis,Soldier: 76,DAMAGE,50.0,5.7
Competitive,Master,aatlis,Sombra,DAMAGE,45.5,4.4
Competitive,Master,aatlis,Symmetra,DAMAGE,52.2,2.7
Competitive,Master,aatlis,Torbjörn,DAMAGE,52.6,3.3
Competitive,Master,aatlis,Tracer,DAMAGE,52.6,37.9
Competitive,Master,aatlis,Vendetta,DAMAGE,56.5,5.6
Competitive,Master,aatlis,Venture,DAMAGE,55.9,7.4
Competitive,Master,aatlis,Widowmaker,DAMAGE,21.3,0.6
Competitive,Master,aatlis,Winston,TANK,48.3,12.4
Competitive,Master,aatlis,Wrecking Ball,TANK,43.5,5.1
Competitive,Master,aatlis,Wuyang,SUPPORT,50.6,28.4
Competitive,Master,aatlis,Zarya,TANK,57.8,9.6
Competitive,Master,aatlis,Zenyatta,SUPPORT,46.3,4.4
Competitive,Master,new-junk-city,Ana,SUPPORT,51.4,36.3
Competitive,Master,new-junk-city,Anran,DAMAGE,53.9,6.0
Competitive,Master,new-junk-city,Ashe,DAMAGE,47.9,1.9
Competitive,Master,new-junk-city,Baptiste,SUPPORT,40.4,6.4
Competitive,Master,new-junk-city,Bastion,DAMAGE,57.0,1.9
Competitive,Master,new-junk-city,Brigitte,SUPPORT,42.5,6.3
Competitive,Master,new-junk-city,Cassidy,DAMAGE,47.6,35.5
Competitive,Master,new-junk-city,D.Va,TANK,48.5,6.9
Competitive,Master,new-junk-city,Domina,TANK,52.3,6.5
Competitive,Master,new-junk-city,Doomfist,TANK,45.8,10.9
Competitive,Master,new-junk-city,Echo,DAMAGE,72.4,3.9
Competitive,Master,new-junk-city,Emre,DAMAGE,56.3,20.0
Competitive,Master,new-junk-city,Freja,DAMAGE,37.8,1.3
Competitive,Master,new-junk-city,Genji,DAMAGE,50.4,16.3
Competitive,Master,new-junk-city,Hanzo,DAMAGE,43.4,3.9
Competitive,Master,new-junk-city,Hazard,TANK,50.0,5.3
Competitive,Master,new-junk-city,Illari,SUPPORT,52.6,9.1
Competitive,Master,new-junk-city,Jetpack Cat,SUPPORT,46.7,4.4
Competitive,Master,new-junk-city,Junker Queen,TANK,51.9,3.8
Competitive,Master,new-junk-city,Junkrat,DAMAGE,48.6,2.7
Competitive,Master,new-junk-city,Juno,SUPPORT,41.5,2.4
Competitive,Master,new-junk-city,Kiriko,SUPPORT,49.2,51.2
Competitive,Master,new-junk-city,Lifeweaver,SUPPORT,46.1,2.2
Competitive,Master,new-junk-city,Lúcio,SUPPORT,47.2,9.8
Competitive,Master,new-junk-city,Mauga,TANK,54.1,4.3
Competitive,Master,new-junk-city,Mei,DAMAGE,47.9,6.2
Competitive,Master,new-junk-city,Mercy,SUPPORT,63.6,3.6
Competitive,Master,new-junk-city,Mizuki,SUPPORT,48.9,17.9
Competitive,Master,new-junk-city,Moira,SUPPORT,52.1,13.3
Competitive,Master,new-junk-city,Orisa,TANK,55.3,8.1
Competitive,Master,new-junk-city,Pharah,DAMAGE,50.2,2.6
Competitive,Master,new-junk-city,Ramattra,TANK,44.2,4.5
Competitive,Master,new-junk-city,Reaper,DAMAGE,44.4,10.7
Competitive,Master,new-junk-city,Reinhardt,TANK,39.1,5.9
Competitive,Master,new-junk-city,Roadhog,TANK,46.7,9.0
Competitive,Master,new-junk-city,Sigma,TANK,50.7,10.1
Competitive,Master,new-junk-city,Sojourn,DAMAGE,45.2,22.3
Competitive,Master,new-junk-city,Soldier: 76,DAMAGE,49.8,7.9
Competitive,Master,new-junk-city,Sombra,DAMAGE,32.7,3.5
Competitive,Master,new-junk-city,Symmetra,DAMAGE,51.6,4.5
Competitive,Master,new-junk-city,Torbjörn,DAMAGE,35.5,3.3
Competitive,Master,new-junk-city,Tracer,DAMAGE,56.0,34.7
Competitive,Master,new-junk-city,Vendetta,DAMAGE,48.3,4.2
Competitive,Master,new-junk-city,Venture,DAMAGE,52.3,6.2
Competitive,Master,new-junk-city,Widowmaker,DAMAGE,46.2,0.5
Competitive,Master,new-junk-city,Winston,TANK,46.4,10.8
Competitive,Master,new-junk-city,Wrecking Ball,TANK,54.7,4.8
Competitive,Master,new-junk-city,Wuyang,SUPPORT,56.9,30.1
Competitive,Master,new-junk-city,Zarya,TANK,61.8,9.1
Competitive,Master,new-junk-city,Zenyatta,SUPPORT,40.6,7.0
Competitive,Master,suravasa,Ana,SUPPORT,47.7,38.2
Competitive,Master,suravasa,Anran,DAMAGE,46.1,4.8
Competitive,Master,suravasa,Ashe,DAMAGE,56.9,2.5
Competitive,Master,suravasa,Baptiste,SUPPORT,40.1,5.6
Competitive,Master,suravasa,Bastion,DAMAGE,46.2,2.1
Competitive,Master,suravasa,Brigitte,SUPPORT,49.0,6.8
Competitive,Master,suravasa,Cassidy,DAMAGE,48.4,33.8
Competitive,Master,suravasa,D.Va,TANK,50.7,7.2
Competitive,Master,suravasa,Domina,TANK,56.6,6.0
Competitive,Master,suravasa,Doomfist,TANK,46.0,11.9
Competitive,Master,suravasa,Echo,DAMAGE,57.3,5.9
Competitive,Master,suravasa,Emre,DAMAGE,54.6,22.1
Competitive,Master,suravasa,Freja,DAMAGE,38.2,2.2
Competitive,Master,suravasa,Genji,DAMAGE,49.6,14.6
Competitive,Master,suravasa,Hanzo,DAMAGE,48.6,4.0
Competitive,Master,suravasa,Hazard,TANK,56.9,4.4
Competitive,Master,suravasa,Illari,SUPPORT,59.5,13.5
Competitive,Master,suravasa,Jetpack Cat,SUPPORT,47.9,5.7
Competitive,Master,suravasa,Junker Queen,TANK,54.9,3.5
Competitive,Master,suravasa,Junkrat,DAMAGE,42.2,2.7
Competitive,Master,suravasa,Juno,SUPPORT,61.2,2.9
Competitive,Master,suravasa,Kiriko,SUPPORT,50.5,52.2
Competitive,Master,suravasa,Lifeweaver,SUPPORT,31.1,1.9
Competitive,Master,suravasa,Lúcio,SUPPORT,51.9,9.8
Competitive,Master,suravasa,Mauga,TANK,51.5,4.2
Competitive,Master,suravasa,Mei,DAMAGE,61.5,4.3
Competitive,Master,suravasa,Mercy,SUPPORT,45.8,3.7
Competitive,Master,suravasa,Mizuki,SUPPORT,54.0,19.2
Competitive,Master,suravasa,Moira,SUPPORT,41.0,8.9
Competitive,Master,suravasa,Orisa,TANK,49.2,5.5
Competitive,Master,suravasa,Pharah,DAMAGE,52.2,3.6
Competitive,Master,suravasa,Ramattra,TANK,51.1,2.1
Competitive,Master,suravasa,Reaper,DAMAGE,53.8,9.7
Competitive,Master,suravasa,Reinhardt,TANK,38.5,3.9
Competitive,Master,suravasa,Roadhog,TANK,42.3,7.0
Competitive,Master,suravasa,Sigma,TANK,48.9,9.8
Competitive,Master,suravasa,Sojourn,DAMAGE,43.5,21.2
Competitive,Master,suravasa,Soldier: 76,DAMAGE,51.1,9.2
Competitive,Master,suravasa,Sombra,DAMAGE,39.4,5.5
Competitive,Master,suravasa,Symmetra,DAMAGE,55.4,2.8
Competitive,Master,suravasa,Torbjörn,DAMAGE,61.2,3.4
Competitive,Master,suravasa,Tracer,DAMAGE,51.2,35.9
Competitive,Master,suravasa,Vendetta,DAMAGE,43.4,3.7
Competitive,Master,suravasa,Venture,DAMAGE,50.1,5.0
Competitive,Master,suravasa,Widowmaker,DAMAGE,23.2,0.9
Competitive,Master,suravasa,Winston,TANK,52.5,20.3
Competitive,Master,suravasa,Wrecking Ball,TANK,51.3,6.6
Competitive,Master,suravasa,Wuyang,SUPPORT,52.3,26.6
Competitive,Master,suravasa,Zarya,TANK,50.9,7.6
Competitive,Master,suravasa,Zenyatta,SUPPORT,42.7,5.1
Competitive,Master,midtown,Ana,SUPPORT,55.3,52.9
Competitive,Master,midtown,Anran,DAMAGE,52.1,2.5
Competitive,Master,midtown,Ashe,DAMAGE,52.9,14.2
Competitive,Master,midtown,Baptiste,SUPPORT,41.3,13.6
Competitive,Master,midtown,Bastion,DAMAGE,43.8,2.8
Competitive,Master,midtown,Brigitte,SUPPORT,51.4,2.3
Competitive,Master,midtown,Cassidy,DAMAGE,41.2,22.4
Competitive,Master,midtown,D.Va,TANK,44.1,4.0
Competitive,Master,midtown,Domina,TANK,59.2,12.4
Competitive,Master,midtown,Doomfist,TANK,52.3,7.5
Competitive,Master,midtown,Echo,DAMAGE,55.7,6.6
Competitive,Master,midtown,Emre,DAMAGE,53.2,27.0
Competitive,Master,midtown,Freja,DAMAGE,49.5,5.4
Competitive,Master,midtown,Genji,DAMAGE,54.3,14.4
Competitive,Master,midtown,Hanzo,DAMAGE,44.2,11.9
Competitive,Master,midtown,Hazard,TANK,51.1,2.0
Competitive,Master,midtown,Illari,SUPPORT,58.4,24.7
Competitive,Master,midtown,Jetpack Cat,SUPPORT,47.4,2.7
Competitive,Master,midtown,Junker Queen,TANK,62.4,1.1
Competitive,Master,midtown,Junkrat,DAMAGE,23.3,2.8
Competitive,Master,midtown,Juno,SUPPORT,47.3,2.1
Competitive,Master,midtown,Kiriko,SUPPORT,47.8,32.9
Competitive,Master,midtown,Lifeweaver,SUPPORT,40.9,4.0
Competitive,Master,midtown,Lúcio,SUPPORT,23.7,2.0
Competitive,Master,midtown,Mauga,TANK,43.2,2.0
Competitive,Master,midtown,Mei,DAMAGE,48.0,5.6
Competitive,Master,midtown,Mercy,SUPPORT,43.0,4.2
Competitive,Master,midtown,Mizuki,SUPPORT,44.1,12.7
Competitive,Master,midtown,Moira,SUPPORT,40.7,5.5
Competitive,Master,midtown,Orisa,TANK,36.2,5.9
Competitive,Master,midtown,Pharah,DAMAGE,46.3,4.1
Competitive,Master,midtown,Ramattra,TANK,45.6,3.7
Competitive,Master,midtown,Reaper,DAMAGE,53.4,7.1
Competitive,Master,midtown,Reinhardt,TANK,39.3,6.4
Competitive,Master,midtown,Roadhog,TANK,42.6,5.7
Competitive,Master,midtown,Sigma,TANK,55.7,25.2
Competitive,Master,midtown,Sojourn,DAMAGE,39.9,21.1
Competitive,Master,midtown,Soldier: 76,DAMAGE,56.8,7.2
Competitive,Master,midtown,Sombra,DAMAGE,52.4,3.9
Competitive,Master,midtown,Symmetra,DAMAGE,54.6,3.2
Competitive,Master,midtown,Torbjörn,DAMAGE,46.7,4.1
Competitive,Master,midtown,Tracer,DAMAGE,51.2,19.9
Competitive,Master,midtown,Vendetta,DAMAGE,63.8,3.7
Competitive,Master,midtown,Venture,DAMAGE,47.9,3.0
Competitive,Master,midtown,Widowmaker,DAMAGE,47.4,7.1
Competitive,Master,midtown,Winston,TANK,47.8,10.4
Competitive,Master,midtown,Wrecking Ball,TANK,44.3,3.3
Competitive,Master,midtown,Wuyang,SUPPORT,54.7,25.9
Competitive,Master,midtown,Zarya,TANK,44.1,10.4
Competitive,Master,midtown,Zenyatta,SUPPORT,42.8,14.5
Competitive,Master,numbani,Ana,SUPPORT,55.9,63.5
Competitive,Master,numbani,Anran,DAMAGE,53.4,3.0
Competitive,Master,numbani,Ashe,DAMAGE,54.0,20.2
Competitive,Master,numbani,Baptiste,SUPPORT,36.6,7.6
Competitive,Master,numbani,Bastion,DAMAGE,35.3,1.6
Competitive,Master,numbani,Brigitte,SUPPORT,42.7,7.4
Competitive,Master,numbani,Cassidy,DAMAGE,43.1,22.2
Competitive,Master,numbani,D.Va,TANK,62.6,8.6
Competitive,Master,numbani,Domina,TANK,43.8,4.4
Competitive,Master,numbani,Doomfist,TANK,38.9,10.7
Competitive,Master,numbani,Echo,DAMAGE,51.9,14.4
Competitive,Master,numbani,Emre,DAMAGE,49.7,21.2
Competitive,Master,numbani,Freja,DAMAGE,47.0,5.4
Competitive,Master,numbani,Genji,DAMAGE,48.8,17.6
Competitive,Master,numbani,Hanzo,DAMAGE,50.2,9.9
Competitive,Master,numbani,Hazard,TANK,44.5,5.0
Competitive,Master,numbani,Illari,SUPPORT,56.9,17.3
Competitive,Master,numbani,Jetpack Cat,SUPPORT,45.6,5.6
Competitive,Master,numbani,Junker Queen,TANK,22.1,1.3
Competitive,Master,numbani,Junkrat,DAMAGE,31.1,2.9
Competitive,Master,numbani,Juno,SUPPORT,40.3,2.1
Competitive,Master,numbani,Kiriko,SUPPORT,50.3,44.6
Competitive,Master,numbani,Lifeweaver,SUPPORT,25.3,3.1
Competitive,Master,numbani,Lúcio,SUPPORT,45.6,1.8
Competitive,Master,numbani,Mauga,TANK,58.7,1.8
Competitive,Master,numbani,Mei,DAMAGE,51.1,4.4
Competitive,Master,numbani,Mercy,SUPPORT,50.0,8.9
Competitive,Master,numbani,Mizuki,SUPPORT,47.2,11.7
Competitive,Master,numbani,Moira,SUPPORT,36.0,2.6
Competitive,Master,numbani,Orisa,TANK,42.7,3.7
Competitive,Master,numbani,Pharah,DAMAGE,51.4,4.0
Competitive,Master,numbani,Ramattra,TANK,43.6,1.1
Competitive,Master,numbani,Reaper,DAMAGE,45.3,8.6
Competitive,Master,numbani,Reinhardt,TANK,21.4,3.1
Competitive,Master,numbani,Roadhog,TANK,40.9,6.4
Competitive,Master,numbani,Sigma,TANK,50.2,8.8
Competitive,Master,numbani,Sojourn,DAMAGE,44.6,9.5
Competitive,Master,numbani,Soldier: 76,DAMAGE,46.2,9.9
Competitive,Master,numbani,Sombra,DAMAGE,37.1,4.6
Competitive,Master,numbani,Symmetra,DAMAGE,44.5,1.8
Competitive,Master,numbani,Torbjörn,DAMAGE,46.4,4.1
Competitive,Master,numbani,Tracer,DAMAGE,55.0,24.9
Competitive,Master,numbani,Vendetta,DAMAGE,45.8,3.3
Competitive,Master,numbani,Venture,DAMAGE,62.7,3.2
Competitive,Master,numbani,Widowmaker,DAMAGE,29.4,3.3
Competitive,Master,numbani,Winston,TANK,62.0,36.3
Competitive,Master,numbani,Wrecking Ball,TANK,43.3,4.9
Competitive,Master,numbani,Wuyang,SUPPORT,46.3,16.6
Competitive,Master,numbani,Zarya,TANK,36.2,4.1
Competitive,Master,numbani,Zenyatta,SUPPORT,52.0,7.3
Competitive,Master,kings-row,Ana,SUPPORT,55.9,59.3
Competitive,Master,kings-row,Anran,DAMAGE,47.8,3.4
Competitive,Master,kings-row,Ashe,DAMAGE,50.7,10.8
Competitive,Master,kings-row,Baptiste,SUPPORT,44.4,11.3
Competitive,Master,kings-row,Bastion,DAMAGE,50.1,3.9
Competitive,Master,kings-row,Brigitte,SUPPORT,49.5,3.9
Competitive,Master,kings-row,Cassidy,DAMAGE,43.7,24.0
Competitive,Master,kings-row,D.Va,TANK,47.6,5.7
Competitive,Master,kings-row,Domina,TANK,56.3,8.7
Competitive,Master,kings-row,Doomfist,TANK,44.4,9.1
Competitive,Master,kings-row,Echo,DAMAGE,49.7,8.7
Competitive,Master,kings-row,Emre,DAMAGE,50.8,22.9
Competitive,Master,kings-row,Freja,DAMAGE,47.7,6.0
Competitive,Master,kings-row,Genji,DAMAGE,49.2,16.6
Competitive,Master,kings-row,Hanzo,DAMAGE,47.0,13.1
Competitive,Master,kings-row,Hazard,TANK,47.0,2.5
Competitive,Master,kings-row,Illari,SUPPORT,51.2,17.7
Competitive,Master,kings-row,Jetpack Cat,SUPPORT,38.2,3.9
Competitive,Master,kings-row,Junker Queen,TANK,49.1,1.8
Competitive,Master,kings-row,Junkrat,DAMAGE,45.6,3.5
Competitive,Master,kings-row,Juno,SUPPORT,58.2,2.7
Competitive,Master,kings-row,Kiriko,SUPPORT,45.8,32.0
Competitive,Master,kings-row,Lifeweaver,SUPPORT,37.1,3.2
Competitive,Master,kings-row,Lúcio,SUPPORT,37.6,2.5
Competitive,Master,kings-row,Mauga,TANK,51.7,1.6
Competitive,Master,kings-row,Mei,DAMAGE,44.5,6.3
Competitive,Master,kings-row,Mercy,SUPPORT,42.5,5.5
Competitive,Master,kings-row,Mizuki,SUPPORT,53.5,12.5
Competitive,Master,kings-row,Moira,SUPPORT,53.9,6.0
Competitive,Master,kings-row,Orisa,TANK,51.9,6.3
Competitive,Master,kings-row,Pharah,DAMAGE,51.7,5.5
Competitive,Master,kings-row,Ramattra,TANK,38.7,3.4
Competitive,Master,kings-row,Reaper,DAMAGE,53.0,7.2
Competitive,Master,kings-row,Reinhardt,TANK,39.2,7.2
Competitive,Master,kings-row,Roadhog,TANK,41.9,7.0
Competitive,Master,kings-row,Sigma,TANK,52.3,15.7
Competitive,Master,kings-row,Sojourn,DAMAGE,45.9,17.7
Competitive,Master,kings-row,Soldier: 76,DAMAGE,44.9,5.0
Competitive,Master,kings-row,Sombra,DAMAGE,52.5,4.0
Competitive,Master,kings-row,Symmetra,DAMAGE,49.7,2.6
Competitive,Master,kings-row,Torbjörn,DAMAGE,42.2,3.8
Competitive,Master,kings-row,Tracer,DAMAGE,53.7,18.7
Competitive,Master,kings-row,Vendetta,DAMAGE,48.8,3.6
Competitive,Master,kings-row,Venture,DAMAGE,53.4,4.6
Competitive,Master,kings-row,Widowmaker,DAMAGE,52.3,8.2
Competitive,Master,kings-row,Winston,TANK,50.6,16.8
Competitive,Master,kings-row,Wrecking Ball,TANK,42.4,3.4
Competitive,Master,kings-row,Wuyang,SUPPORT,47.9,23.8
Competitive,Master,kings-row,Zarya,TANK,55.5,10.8
Competitive,Master,kings-row,Zenyatta,SUPPORT,48.5,15.7
Competitive,Master,hollywood,Ana,SUPPORT,55.1,61.6
Competitive,Master,hollywood,Anran,DAMAGE,52.4,3.8
Competitive,Master,hollywood,Ashe,DAMAGE,47.2,15.4
Competitive,Master,hollywood,Baptiste,SUPPORT,46.7,10.3
Competitive,Master,hollywood,Bastion,DAMAGE,52.3,3.1
Competitive,Master,hollywood,Brigitte,SUPPORT,40.2,6.7
Competitive,Master,hollywood,Cassidy,DAMAGE,47.8,26.9
Competitive,Master,hollywood,D.Va,TANK,54.3,6.5
Competitive,Master,hollywood,Domina,TANK,53.2,7.6
Competitive,Master,hollywood,Doomfist,TANK,56.7,10.3
Competitive,Master,hollywood,Echo,DAMAGE,53.0,8.4
Competitive,Master,hollywood,Emre,DAMAGE,48.9,23.7
Competitive,Master,hollywood,Freja,DAMAGE,46.2,5.3
Competitive,Master,hollywood,Genji,DAMAGE,58.1,18.9
Competitive,Master,hollywood,Hanzo,DAMAGE,40.9,10.6
Competitive,Master,hollywood,Hazard,TANK,57.9,3.6
Competitive,Master,hollywood,Illari,SUPPORT,55.1,19.9
Competitive,Master,hollywood,Jetpack Cat,SUPPORT,45.0,4.5
Competitive,Master,hollywood,Junker Queen,TANK,46.4,0.9
Competitive,Master,hollywood,Junkrat,DAMAGE,36.8,3.0
Competitive,Master,hollywood,Juno,SUPPORT,39.5,2.0
Competitive,Master,hollywood,Kiriko,SUPPORT,46.1,34.0
Competitive,Master,hollywood,Lifeweaver,SUPPORT,38.1,2.5
Competitive,Master,hollywood,Lúcio,SUPPORT,39.0,2.1
Competitive,Master,hollywood,Mauga,TANK,44.7,2.2
Competitive,Master,hollywood,Mei,DAMAGE,51.9,4.0
Competitive,Master,hollywood,Mercy,SUPPORT,45.8,6.3
Competitive,Master,hollywood,Mizuki,SUPPORT,48.5,11.8
Competitive,Master,hollywood,Moira,SUPPORT,42.7,4.6
Competitive,Master,hollywood,Orisa,TANK,42.9,4.1
Competitive,Master,hollywood,Pharah,DAMAGE,54.4,3.4
Competitive,Master,hollywood,Ramattra,TANK,50.2,1.7
Competitive,Master,hollywood,Reaper,DAMAGE,51.8,6.9
Competitive,Master,hollywood,Reinhardt,TANK,33.7,4.3
Competitive,Master,hollywood,Roadhog,TANK,41.5,7.1
Competitive,Master,hollywood,Sigma,TANK,47.4,14.9
Competitive,Master,hollywood,Sojourn,DAMAGE,48.7,15.0
Competitive,Master,hollywood,Soldier: 76,DAMAGE,48.2,5.8
Competitive,Master,hollywood,Sombra,DAMAGE,35.7,3.8
Competitive,Master,hollywood,Symmetra,DAMAGE,50.4,2.3
Competitive,Master,hollywood,Torbjörn,DAMAGE,45.9,3.6
Competitive,Master,hollywood,Tracer,DAMAGE,50.0,23.0
Competitive,Master,hollywood,Vendetta,DAMAGE,49.8,2.6
Competitive,Master,hollywood,Venture,DAMAGE,48.6,3.5
Competitive,Master,hollywood,Widowmaker,DAMAGE,48.8,7.2
Competitive,Master,hollywood,Winston,TANK,46.5,24.5
Competitive,Master,hollywood,Wrecking Ball,TANK,53.3,4.4
Competitive,Master,hollywood,Wuyang,SUPPORT,55.4,20.6
Competitive,Master,hollywood,Zarya,TANK,54.7,7.9
Competitive,Master,hollywood,Zenyatta,SUPPORT,47.6,13.1
Competitive,Master,paraiso,Ana,SUPPORT,58.1,60.2
Competitive,Master,paraiso,Anran,DAMAGE,34.4,4.4
Competitive,Master,paraiso,Ashe,DAMAGE,66.9,15.0
Competitive,Master,paraiso,Baptiste,SUPPORT,32.2,9.1
Competitive,Master,paraiso,Bastion,DAMAGE,32.6,2.2
Competitive,Master,paraiso,Brigitte,SUPPORT,40.6,6.6
Competitive,Master,paraiso,Cassidy,DAMAGE,44.4,23.8
Competitive,Master,paraiso,D.Va,TANK,67.8,11.0
Competitive,Master,paraiso,Domina,TANK,66.5,4.3
Competitive,Master,paraiso,Doomfist,TANK,40.3,7.5
Competitive,Master,paraiso,Echo,DAMAGE,48.4,13.4
Competitive,Master,paraiso,Emre,DAMAGE,54.9,21.5
Competitive,Master,paraiso,Freja,DAMAGE,63.7,7.8
Competitive,Master,paraiso,Genji,DAMAGE,61.7,19.6
Competitive,Master,paraiso,Hanzo,DAMAGE,36.8,8.0
Competitive,Master,paraiso,Hazard,TANK,33.9,6.8
Competitive,Master,paraiso,Illari,SUPPORT,58.8,19.7
Competitive,Master,paraiso,Jetpack Cat,SUPPORT,29.5,6.0
Competitive,Master,paraiso,Junker Queen,TANK,29.2,0.6
Competitive,Master,paraiso,Junkrat,DAMAGE,29.7,0.8
Competitive,Master,paraiso,Juno,SUPPORT,43.9,2.0
Competitive,Master,paraiso,Kiriko,SUPPORT,50.6,39.5
Competitive,Master,paraiso,Lifeweaver,SUPPORT,21.0,4.0
Competitive,Master,paraiso,Lúcio,SUPPORT,64.1,2.7
Competitive,Master,paraiso,Mauga,TANK,2.7,3.1
Competitive,Master,paraiso,Mei,DAMAGE,35.5,2.9
Competitive,Master,paraiso,Mercy,SUPPORT,38.5,9.1
Competitive,Master,paraiso,Mizuki,SUPPORT,47.7,10.1
Competitive,Master,paraiso,Moira,SUPPORT,49.2,5.5
Competitive,Master,paraiso,Orisa,TANK,32.6,2.6
Competitive,Master,paraiso,Pharah,DAMAGE,38.4,6.0
Competitive,Master,paraiso,Ramattra,TANK,37.6,0.8
Competitive,Master,paraiso,Reaper,DAMAGE,62.3,8.6
Competitive,Master,paraiso,Reinhardt,TANK,6.5,1.5
Competitive,Master,paraiso,Roadhog,TANK,40.9,8.4
Competitive,Master,paraiso,Sigma,TANK,55.8,13.6
Competitive,Master,paraiso,Sojourn,DAMAGE,48.3,16.8
Competitive,Master,paraiso,Soldier: 76,DAMAGE,30.8,6.1
Competitive,Master,paraiso,Sombra,DAMAGE,52.5,4.9
Competitive,Master,paraiso,Symmetra,DAMAGE,2.5,2.3
Competitive,Master,paraiso,Torbjörn,DAMAGE,31.5,7.1
Competitive,Master,paraiso,Tracer,DAMAGE,58.9,18.9
Competitive,Master,paraiso,Vendetta,DAMAGE,0.0,1.1
Competitive,Master,paraiso,Venture,DAMAGE,43.1,4.3
Competitive,Master,paraiso,Widowmaker,DAMAGE,46.7,4.4
Competitive,Master,paraiso,Winston,TANK,53.9,27.7
Competitive,Master,paraiso,Wrecking Ball,TANK,50.0,4.9
Competitive,Master,paraiso,Wuyang,SUPPORT,50.5,14.8
Competitive,Master,paraiso,Zarya,TANK,68.3,7.2
Competitive,Master,paraiso,Zenyatta,SUPPORT,58.1,10.6
Competitive,Master,eichenwalde,Ana,SUPPORT,54.4,54.3
Competitive,Master,eichenwalde,Anran,DAMAGE,48.2,4.1
Competitive,Master,eichenwalde,Ashe,DAMAGE,45.3,9.1
Competitive,Master,eichenwalde,Baptiste,SUPPORT,47.4,10.3
Competitive,Master,eichenwalde,Bastion,DAMAGE,50.7,2.6
Competitive,Master,eichenwalde,Brigitte,SUPPORT,49.9,5.1
Competitive,Master,eichenwalde,Cassidy,DAMAGE,48.9,28.4
Competitive,Master,eichenwalde,D.Va,TANK,58.2,6.6
Competitive,Master,eichenwalde,Domina,TANK,48.0,7.4
Competitive,Master,eichenwalde,Doomfist,TANK,56.3,10.3
Competitive,Master,eichenwalde,Echo,DAMAGE,51.7,14.3
Competitive,Master,eichenwalde,Emre,DAMAGE,47.7,22.7
Competitive,Master,eichenwalde,Freja,DAMAGE,48.5,5.2
Competitive,Master,eichenwalde,Genji,DAMAGE,51.8,14.9
Competitive,Master,eichenwalde,Hanzo,DAMAGE,41.8,10.8
Competitive,Master,eichenwalde,Hazard,TANK,54.0,3.1
Competitive,Master,eichenwalde,Illari,SUPPORT,46.9,19.2
Competitive,Master,eichenwalde,Jetpack Cat,SUPPORT,49.3,6.8
Competitive,Master,eichenwalde,Junker Queen,TANK,54.8,1.8
Competitive,Master,eichenwalde,Junkrat,DAMAGE,47.2,4.1
Competitive,Master,eichenwalde,Juno,SUPPORT,52.9,2.1
Competitive,Master,eichenwalde,Kiriko,SUPPORT,45.0,33.9
Competitive,Master,eichenwalde,Lifeweaver,SUPPORT,27.0,2.8
Competitive,Master,eichenwalde,Lúcio,SUPPORT,40.3,3.0
Competitive,Master,eichenwalde,Mauga,TANK,38.7,2.2
Competitive,Master,eichenwalde,Mei,DAMAGE,52.0,4.7
Competitive,Master,eichenwalde,Mercy,SUPPORT,43.7,5.4
Competitive,Master,eichenwalde,Mizuki,SUPPORT,57.7,13.5
Competitive,Master,eichenwalde,Moira,SUPPORT,43.7,6.3
Competitive,Master,eichenwalde,Orisa,TANK,39.4,5.5
Competitive,Master,eichenwalde,Pharah,DAMAGE,53.5,7.7
Competitive,Master,eichenwalde,Ramattra,TANK,43.3,2.6
Competitive,Master,eichenwalde,Reaper,DAMAGE,46.9,7.5
Competitive,Master,eichenwalde,Reinhardt,TANK,47.0,4.9
Competitive,Master,eichenwalde,Roadhog,TANK,38.9,7.3
Competitive,Master,eichenwalde,Sigma,TANK,51.9,16.6
Competitive,Master,eichenwalde,Sojourn,DAMAGE,50.9,13.6
Competitive,Master,eichenwalde,Soldier: 76,DAMAGE,45.8,6.5
Competitive,Master,eichenwalde,Sombra,DAMAGE,41.9,4.0
Competitive,Master,eichenwalde,Symmetra,DAMAGE,45.3,2.9
Competitive,Master,eichenwalde,Torbjörn,DAMAGE,37.8,4.9
Competitive,Master,eichenwalde,Tracer,DAMAGE,56.2,21.9
Competitive,Master,eichenwalde,Vendetta,DAMAGE,49.6,2.5
Competitive,Master,eichenwalde,Venture,DAMAGE,55.9,4.5
Competitive,Master,eichenwalde,Widowmaker,DAMAGE,37.5,3.2
Competitive,Master,eichenwalde,Winston,TANK,42.7,16.5
Competitive,Master,eichenwalde,Wrecking Ball,TANK,44.8,4.5
Competitive,Master,eichenwalde,Wuyang,SUPPORT,50.2,22.9
Competitive,Master,eichenwalde,Zarya,TANK,58.7,10.4
Competitive,Master,eichenwalde,Zenyatta,SUPPORT,53.0,14.2
Competitive,Master,blizzard-world,Ana,SUPPORT,49.7,57.3
Competitive,Master,blizzard-world,Anran,DAMAGE,46.4,3.2
Competitive,Master,blizzard-world,Ashe,DAMAGE,46.2,13.2
Competitive,Master,blizzard-world,Baptiste,SUPPORT,46.7,9.0
Competitive,Master,blizzard-world,Bastion,DAMAGE,36.9,3.2
Competitive,Master,blizzard-world,Brigitte,SUPPORT,49.3,5.8
Competitive,Master,blizzard-world,Cassidy,DAMAGE,46.4,22.1
Competitive,Master,blizzard-world,D.Va,TANK,49.5,7.2
Competitive,Master,blizzard-world,Domina,TANK,50.1,6.8
Competitive,Master,blizzard-world,Doomfist,TANK,47.8,8.5
Competitive,Master,blizzard-world,Echo,DAMAGE,61.2,7.6
Competitive,Master,blizzard-world,Emre,DAMAGE,56.2,25.5
Competitive,Master,blizzard-world,Freja,DAMAGE,40.6,6.1
Competitive,Master,blizzard-world,Genji,DAMAGE,40.5,15.6
Competitive,Master,blizzard-world,Hanzo,DAMAGE,41.9,8.5
Competitive,Master,blizzard-world,Hazard,TANK,51.7,2.5
Competitive,Master,blizzard-world,Illari,SUPPORT,53.5,21.3
Competitive,Master,blizzard-world,Jetpack Cat,SUPPORT,40.0,4.5
Competitive,Master,blizzard-world,Junker Queen,TANK,35.9,1.5
Competitive,Master,blizzard-world,Junkrat,DAMAGE,40.9,2.2
Competitive,Master,blizzard-world,Juno,SUPPORT,41.5,2.6
Competitive,Master,blizzard-world,Kiriko,SUPPORT,43.9,36.8
Competitive,Master,blizzard-world,Lifeweaver,SUPPORT,28.3,3.1
Competitive,Master,blizzard-world,Lúcio,SUPPORT,26.9,2.3
Competitive,Master,blizzard-world,Mauga,TANK,47.2,2.8
Competitive,Master,blizzard-world,Mei,DAMAGE,48.6,4.3
Competitive,Master,blizzard-world,Mercy,SUPPORT,59.1,6.7
Competitive,Master,blizzard-world,Mizuki,SUPPORT,51.7,11.3
Competitive,Master,blizzard-world,Moira,SUPPORT,35.0,5.7
Competitive,Master,blizzard-world,Orisa,TANK,41.9,5.0
Competitive,Master,blizzard-world,Pharah,DAMAGE,39.5,2.4
Competitive,Master,blizzard-world,Ramattra,TANK,51.7,1.9
Competitive,Master,blizzard-world,Reaper,DAMAGE,39.4,4.4
Competitive,Master,blizzard-world,Reinhardt,TANK,20.0,3.1
Competitive,Master,blizzard-world,Roadhog,TANK,33.5,6.5
Competitive,Master,blizzard-world,Sigma,TANK,51.7,16.8
Competitive,Master,blizzard-world,Sojourn,DAMAGE,36.2,18.7
Competitive,Master,blizzard-world,Soldier: 76,DAMAGE,50.8,8.5
Competitive,Master,blizzard-world,Sombra,DAMAGE,51.1,5.5
Competitive,Master,blizzard-world,Symmetra,DAMAGE,47.5,2.3
Competitive,Master,blizzard-world,Torbjörn,DAMAGE,55.6,4.4
Competitive,Master,blizzard-world,Tracer,DAMAGE,55.2,24.9
Competitive,Master,blizzard-world,Vendetta,DAMAGE,55.8,2.7
Competitive,Master,blizzard-world,Venture,DAMAGE,56.1,4.5
Competitive,Master,blizzard-world,Widowmaker,DAMAGE,51.6,10.3
Competitive,Master,blizzard-world,Winston,TANK,53.2,24.4
Competitive,Master,blizzard-world,Wrecking Ball,TANK,45.7,7.9
Competitive,Master,blizzard-world,Wuyang,SUPPORT,49.5,21.0
Competitive,Master,blizzard-world,Zarya,TANK,57.4,5.3
Competitive,Master,blizzard-world,Zenyatta,SUPPORT,52.4,12.6
Competitive,Master,esperanca,Ana,SUPPORT,44.8,43.6
Competitive,Master,esperanca,Anran,DAMAGE,43.7,4.1
Competitive,Master,esperanca,Ashe,DAMAGE,52.7,6.3
Competitive,Master,esperanca,Baptiste,SUPPORT,36.9,4.8
Competitive,Master,esperanca,Bastion,DAMAGE,49.6,1.8
Competitive,Master,esperanca,Brigitte,SUPPORT,49.3,7.9
Competitive,Master,esperanca,Cassidy,DAMAGE,46.2,28.9
Competitive,Master,esperanca,D.Va,TANK,52.7,9.7
Competitive,Master,esperanca,Domina,TANK,49.2,6.0
Competitive,Master,esperanca,Doomfist,TANK,47.0,9.0
Competitive,Master,esperanca,Echo,DAMAGE,52.5,9.4
Competitive,Master,esperanca,Emre,DAMAGE,61.7,24.8
Competitive,Master,esperanca,Freja,DAMAGE,42.6,4.6
Competitive,Master,esperanca,Genji,DAMAGE,53.3,13.6
Competitive,Master,esperanca,Hanzo,DAMAGE,42.2,2.8
Competitive,Master,esperanca,Hazard,TANK,62.8,4.9
Competitive,Master,esperanca,Illari,SUPPORT,51.5,14.9
Competitive,Master,esperanca,Jetpack Cat,SUPPORT,49.9,7.4
Competitive,Master,esperanca,Junker Queen,TANK,41.7,2.7
Competitive,Master,esperanca,Junkrat,DAMAGE,56.1,1.7
Competitive,Master,esperanca,Juno,SUPPORT,44.4,2.2
Competitive,Master,esperanca,Kiriko,SUPPORT,50.8,51.2
Competitive,Master,esperanca,Lifeweaver,SUPPORT,24.9,2.3
Competitive,Master,esperanca,Lúcio,SUPPORT,49.3,7.1
Competitive,Master,esperanca,Mauga,TANK,47.5,3.6
Competitive,Master,esperanca,Mei,DAMAGE,57.9,3.3
Competitive,Master,esperanca,Mercy,SUPPORT,56.5,4.3
Competitive,Master,esperanca,Mizuki,SUPPORT,49.8,15.4
Competitive,Master,esperanca,Moira,SUPPORT,53.9,8.2
Competitive,Master,esperanca,Orisa,TANK,33.0,3.2
Competitive,Master,esperanca,Pharah,DAMAGE,51.1,3.2
Competitive,Master,esperanca,Ramattra,TANK,38.9,1.3
Competitive,Master,esperanca,Reaper,DAMAGE,42.1,7.3
Competitive,Master,esperanca,Reinhardt,TANK,47.9,4.1
Competitive,Master,esperanca,Roadhog,TANK,50.8,6.9
Competitive,Master,esperanca,Sigma,TANK,52.3,7.3
Competitive,Master,esperanca,Sojourn,DAMAGE,46.8,19.3
Competitive,Master,esperanca,Soldier: 76,DAMAGE,43.4,11.8
Competitive,Master,esperanca,Sombra,DAMAGE,48.7,5.5
Competitive,Master,esperanca,Symmetra,DAMAGE,40.1,1.7
Competitive,Master,esperanca,Torbjörn,DAMAGE,44.1,3.2
Competitive,Master,esperanca,Tracer,DAMAGE,52.4,37.2
Competitive,Master,esperanca,Vendetta,DAMAGE,51.8,4.3
Competitive,Master,esperanca,Venture,DAMAGE,53.1,4.2
Competitive,Master,esperanca,Widowmaker,DAMAGE,17.6,1.0
Competitive,Master,esperanca,Winston,TANK,49.8,30.1
Competitive,Master,esperanca,Wrecking Ball,TANK,58.3,6.5
Competitive,Master,esperanca,Wuyang,SUPPORT,59.9,25.6
Competitive,Master,esperanca,Zarya,TANK,46.8,4.6
Competitive,Master,esperanca,Zenyatta,SUPPORT,40.5,5.2
Competitive,Master,new-queen-street,Ana,SUPPORT,43.2,47.4
Competitive,Master,new-queen-street,Anran,DAMAGE,43.4,3.1
Competitive,Master,new-queen-street,Ashe,DAMAGE,55.3,5.0
Competitive,Master,new-queen-street,Baptiste,SUPPORT,45.5,5.4
Competitive,Master,new-queen-street,Bastion,DAMAGE,34.6,2.0
Competitive,Master,new-queen-street,Brigitte,SUPPORT,50.8,7.7
Competitive,Master,new-queen-street,Cassidy,DAMAGE,43.8,26.5
Competitive,Master,new-queen-street,D.Va,TANK,40.4,8.1
Competitive,Master,new-queen-street,Domina,TANK,51.3,7.6
Competitive,Master,new-queen-street,Doomfist,TANK,47.3,10.9
Competitive,Master,new-queen-street,Echo,DAMAGE,59.8,5.7
Competitive,Master,new-queen-street,Emre,DAMAGE,49.6,25.2
Competitive,Master,new-queen-street,Freja,DAMAGE,50.2,3.1
Competitive,Master,new-queen-street,Genji,DAMAGE,55.1,13.9
Competitive,Master,new-queen-street,Hanzo,DAMAGE,57.3,3.5
Competitive,Master,new-queen-street,Hazard,TANK,59.4,4.6
Competitive,Master,new-queen-street,Illari,SUPPORT,54.3,15.4
Competitive,Master,new-queen-street,Jetpack Cat,SUPPORT,44.8,4.2
Competitive,Master,new-queen-street,Junker Queen,TANK,51.9,1.7
Competitive,Master,new-queen-street,Junkrat,DAMAGE,48.4,1.9
Competitive,Master,new-queen-street,Juno,SUPPORT,38.1,2.8
Competitive,Master,new-queen-street,Kiriko,SUPPORT,46.1,49.0
Competitive,Master,new-queen-street,Lifeweaver,SUPPORT,53.1,1.9
Competitive,Master,new-queen-street,Lúcio,SUPPORT,39.7,4.3
Competitive,Master,new-queen-street,Mauga,TANK,38.1,3.3
Competitive,Master,new-queen-street,Mei,DAMAGE,40.7,3.0
Competitive,Master,new-queen-street,Mercy,SUPPORT,53.4,4.1
Competitive,Master,new-queen-street,Mizuki,SUPPORT,58.0,15.1
Competitive,Master,new-queen-street,Moira,SUPPORT,48.7,7.1
Competitive,Master,new-queen-street,Orisa,TANK,38.5,4.6
Competitive,Master,new-queen-street,Pharah,DAMAGE,60.5,3.5
Competitive,Master,new-queen-street,Ramattra,TANK,44.2,2.3
Competitive,Master,new-queen-street,Reaper,DAMAGE,55.3,7.2
Competitive,Master,new-queen-street,Reinhardt,TANK,43.5,4.5
Competitive,Master,new-queen-street,Roadhog,TANK,48.1,6.9
Competitive,Master,new-queen-street,Sigma,TANK,54.8,9.6
Competitive,Master,new-queen-street,Sojourn,DAMAGE,49.1,19.9
Competitive,Master,new-queen-street,Soldier: 76,DAMAGE,52.2,22.5
Competitive,Master,new-queen-street,Sombra,DAMAGE,56.5,5.9
Competitive,Master,new-queen-street,Symmetra,DAMAGE,54.5,1.7
Competitive,Master,new-queen-street,Torbjörn,DAMAGE,38.0,3.0
Competitive,Master,new-queen-street,Tracer,DAMAGE,47.6,34.5
Competitive,Master,new-queen-street,Vendetta,DAMAGE,56.6,3.5
Competitive,Master,new-queen-street,Venture,DAMAGE,47.0,3.7
Competitive,Master,new-queen-street,Widowmaker,DAMAGE,20.5,1.5
Competitive,Master,new-queen-street,Winston,TANK,57.9,23.7
Competitive,Master,new-queen-street,Wrecking Ball,TANK,50.8,7.7
Competitive,Master,new-queen-street,Wuyang,SUPPORT,57.3,28.6
Competitive,Master,new-queen-street,Zarya,TANK,48.6,4.4
Competitive,Master,new-queen-street,Zenyatta,SUPPORT,52.3,6.8
Competitive,Master,runasapi,Ana,SUPPORT,45.6,42.1
Competitive,Master,runasapi,Anran,DAMAGE,48.8,4.7
Competitive,Master,runasapi,Ashe,DAMAGE,53.8,3.9
Competitive,Master,runasapi,Baptiste,SUPPORT,38.0,6.0
Competitive,Master,runasapi,Bastion,DAMAGE,45.1,2.5
Competitive,Master,runasapi,Brigitte,SUPPORT,52.2,6.8
Competitive,Master,runasapi,Cassidy,DAMAGE,46.5,30.1
Competitive,Master,runasapi,D.Va,TANK,49.4,7.5
Competitive,Master,runasapi,Domina,TANK,61.1,7.6
Competitive,Master,runasapi,Doomfist,TANK,50.5,10.0
Competitive,Master,runasapi,Echo,DAMAGE,41.7,6.0
Competitive,Master,runasapi,Emre,DAMAGE,54.5,24.9
Competitive,Master,runasapi,Freja,DAMAGE,55.3,3.3
Competitive,Master,runasapi,Genji,DAMAGE,53.0,12.8
Competitive,Master,runasapi,Hanzo,DAMAGE,42.5,3.4
Competitive,Master,runasapi,Hazard,TANK,63.3,4.4
Competitive,Master,runasapi,Illari,SUPPORT,59.1,17.4
Competitive,Master,runasapi,Jetpack Cat,SUPPORT,48.9,4.5
Competitive,Master,runasapi,Junker Queen,TANK,49.6,3.1
Competitive,Master,runasapi,Junkrat,DAMAGE,32.3,1.6
Competitive,Master,runasapi,Juno,SUPPORT,42.9,3.7
Competitive,Master,runasapi,Kiriko,SUPPORT,51.2,49.7
Competitive,Master,runasapi,Lifeweaver,SUPPORT,34.7,2.3
Competitive,Master,runasapi,Lúcio,SUPPORT,51.0,8.0
Competitive,Master,runasapi,Mauga,TANK,52.0,3.5
Competitive,Master,runasapi,Mei,DAMAGE,48.8,2.9
Competitive,Master,runasapi,Mercy,SUPPORT,54.4,3.0
Competitive,Master,runasapi,Mizuki,SUPPORT,56.4,16.5
Competitive,Master,runasapi,Moira,SUPPORT,48.0,9.0
Competitive,Master,runasapi,Orisa,TANK,36.3,4.9
Competitive,Master,runasapi,Pharah,DAMAGE,53.3,3.8
Competitive,Master,runasapi,Ramattra,TANK,44.2,1.5
Competitive,Master,runasapi,Reaper,DAMAGE,50.1,7.1
Competitive,Master,runasapi,Reinhardt,TANK,44.7,5.6
Competitive,Master,runasapi,Roadhog,TANK,43.1,6.9
Competitive,Master,runasapi,Sigma,TANK,52.4,9.5
Competitive,Master,runasapi,Sojourn,DAMAGE,48.3,22.1
Competitive,Master,runasapi,Soldier: 76,DAMAGE,55.5,15.6
Competitive,Master,runasapi,Sombra,DAMAGE,48.9,5.6
Competitive,Master,runasapi,Symmetra,DAMAGE,59.2,1.9
Competitive,Master,runasapi,Torbjörn,DAMAGE,45.6,2.9
Competitive,Master,runasapi,Tracer,DAMAGE,50.7,37.3
Competitive,Master,runasapi,Vendetta,DAMAGE,56.1,3.6
Competitive,Master,runasapi,Venture,DAMAGE,49.3,2.9
Competitive,Master,runasapi,Widowmaker,DAMAGE,23.5,1.2
Competitive,Master,runasapi,Winston,TANK,51.7,22.5
Competitive,Master,runasapi,Wrecking Ball,TANK,44.1,7.6
Competitive,Master,runasapi,Wuyang,SUPPORT,48.2,25.8
Competitive,Master,runasapi,Zarya,TANK,50.2,5.3
Competitive,Master,runasapi,Zenyatta,SUPPORT,48.0,5.2
Competitive,Master,colosseo,Ana,SUPPORT,46.0,46.9
Competitive,Master,colosseo,Anran,DAMAGE,50.5,4.2
Competitive,Master,colosseo,Ashe,DAMAGE,49.0,7.1
Competitive,Master,colosseo,Baptiste,SUPPORT,38.3,5.6
Competitive,Master,colosseo,Bastion,DAMAGE,44.5,1.7
Competitive,Master,colosseo,Brigitte,SUPPORT,41.1,6.7
Competitive,Master,colosseo,Cassidy,DAMAGE,44.3,28.2
Competitive,Master,colosseo,D.Va,TANK,45.5,7.6
Competitive,Master,colosseo,Domina,TANK,52.6,7.1
Competitive,Master,colosseo,Doomfist,TANK,51.4,12.0
Competitive,Master,colosseo,Echo,DAMAGE,57.4,8.6
Competitive,Master,colosseo,Emre,DAMAGE,49.3,25.9
Competitive,Master,colosseo,Freja,DAMAGE,55.5,2.2
Competitive,Master,colosseo,Genji,DAMAGE,48.7,15.2
Competitive,Master,colosseo,Hanzo,DAMAGE,53.9,4.5
Competitive,Master,colosseo,Hazard,TANK,48.6,3.5
Competitive,Master,colosseo,Illari,SUPPORT,54.7,18.1
Competitive,Master,colosseo,Jetpack Cat,SUPPORT,52.9,4.8
Competitive,Master,colosseo,Junker Queen,TANK,48.4,2.9
Competitive,Master,colosseo,Junkrat,DAMAGE,65.3,2.5
Competitive,Master,colosseo,Juno,SUPPORT,45.4,2.8
Competitive,Master,colosseo,Kiriko,SUPPORT,50.6,44.5
Competitive,Master,colosseo,Lifeweaver,SUPPORT,32.2,2.6
Competitive,Master,colosseo,Lúcio,SUPPORT,46.0,5.2
Competitive,Master,colosseo,Mauga,TANK,46.0,2.3
Competitive,Master,colosseo,Mei,DAMAGE,60.0,3.2
Competitive,Master,colosseo,Mercy,SUPPORT,50.3,3.9
Competitive,Master,colosseo,Mizuki,SUPPORT,54.1,16.5
Competitive,Master,colosseo,Moira,SUPPORT,43.7,7.9
Competitive,Master,colosseo,Orisa,TANK,32.9,5.0
Competitive,Master,colosseo,Pharah,DAMAGE,59.7,4.0
Competitive,Master,colosseo,Ramattra,TANK,40.7,2.2
Competitive,Master,colosseo,Reaper,DAMAGE,42.7,7.6
Competitive,Master,colosseo,Reinhardt,TANK,41.3,4.5
Competitive,Master,colosseo,Roadhog,TANK,53.4,7.8
Competitive,Master,colosseo,Sigma,TANK,47.9,10.2
Competitive,Master,colosseo,Sojourn,DAMAGE,47.8,22.5
Competitive,Master,colosseo,Soldier: 76,DAMAGE,46.5,9.7
Competitive,Master,colosseo,Sombra,DAMAGE,46.2,5.7
Competitive,Master,colosseo,Symmetra,DAMAGE,43.4,1.8
Competitive,Master,colosseo,Torbjörn,DAMAGE,35.0,3.3
Competitive,Master,colosseo,Tracer,DAMAGE,57.8,34.3
Competitive,Master,colosseo,Vendetta,DAMAGE,55.7,2.5
Competitive,Master,colosseo,Venture,DAMAGE,53.2,3.4
Competitive,Master,colosseo,Widowmaker,DAMAGE,45.0,2.1
Competitive,Master,colosseo,Winston,TANK,56.3,22.8
Competitive,Master,colosseo,Wrecking Ball,TANK,57.6,6.6
Competitive,Master,colosseo,Wuyang,SUPPORT,60.9,26.7
Competitive,Master,colosseo,Zarya,TANK,50.2,5.7
Competitive,Master,colosseo,Zenyatta,SUPPORT,42.8,7.8
Competitive,Grandmaster,all-maps,Ana,SUPPORT,52.0,44.1
Competitive,Grandmaster,all-maps,Anran,DAMAGE,41.6,2.0
Competitive,Grandmaster,all-maps,Ashe,DAMAGE,50.4,7.9
Competitive,Grandmaster,all-maps,Baptiste,SUPPORT,44.6,9.4
Competitive,Grandmaster,all-maps,Bastion,DAMAGE,43.1,1.4
Competitive,Grandmaster,all-maps,Brigitte,SUPPORT,47.5,8.0
Competitive,Grandmaster,all-maps,Cassidy,DAMAGE,46.7,25.1
Competitive,Grandmaster,all-maps,D.Va,TANK,47.9,10.8
Competitive,Grandmaster,all-maps,Domina,TANK,53.2,8.9
Competitive,Grandmaster,all-maps,Doomfist,TANK,46.2,8.5
Competitive,Grandmaster,all-maps,Echo,DAMAGE,52.7,11.1
Competitive,Grandmaster,all-maps,Emre,DAMAGE,50.9,28.0
Competitive,Grandmaster,all-maps,Freja,DAMAGE,47.7,5.1
Competitive,Grandmaster,all-maps,Genji,DAMAGE,47.1,10.3
Competitive,Grandmaster,all-maps,Hanzo,DAMAGE,50.2,7.1
Competitive,Grandmaster,all-maps,Hazard,TANK,52.3,4.4
Competitive,Grandmaster,all-maps,Illari,SUPPORT,51.6,20.3
Competitive,Grandmaster,all-maps,Jetpack Cat,SUPPORT,48.3,6.8
Competitive,Grandmaster,all-maps,Junker Queen,TANK,41.9,0.9
Competitive,Grandmaster,all-maps,Junkrat,DAMAGE,38.7,2.0
Competitive,Grandmaster,all-maps,Juno,SUPPORT,50.4,2.9
Competitive,Grandmaster,all-maps,Kiriko,SUPPORT,47.4,45.3
Competitive,Grandmaster,all-maps,Lifeweaver,SUPPORT,48.0,2.6
Competitive,Grandmaster,all-maps,Lúcio,SUPPORT,49.8,9.2
Competitive,Grandmaster,all-maps,Mauga,TANK,46.4,2.0
Competitive,Grandmaster,all-maps,Mei,DAMAGE,49.2,3.1
Competitive,Grandmaster,all-maps,Mercy,SUPPORT,46.5,2.4
Competitive,Grandmaster,all-maps,Mizuki,SUPPORT,53.0,16.7
Competitive,Grandmaster,all-maps,Moira,SUPPORT,51.0,4.1
Competitive,Grandmaster,all-maps,Orisa,TANK,46.6,4.4
Competitive,Grandmaster,all-maps,Pharah,DAMAGE,55.6,4.5
Competitive,Grandmaster,all-maps,Ramattra,TANK,44.5,1.8
Competitive,Grandmaster,all-maps,Reaper,DAMAGE,43.8,4.7
Competitive,Grandmaster,all-maps,Reinhardt,TANK,39.5,3.6
Competitive,Grandmaster,all-maps,Roadhog,TANK,45.7,5.9
Competitive,Grandmaster,all-maps,Sigma,TANK,53.2,14.7
Competitive,Grandmaster,all-maps,Sojourn,DAMAGE,49.6,20.3
Competitive,Grandmaster,all-maps,Soldier: 76,DAMAGE,49.3,4.7
Competitive,Grandmaster,all-maps,Sombra,DAMAGE,45.6,3.1
Competitive,Grandmaster,all-maps,Symmetra,DAMAGE,52.6,4.6
Competitive,Grandmaster,all-maps,Torbjörn,DAMAGE,46.9,2.2
Competitive,Grandmaster,all-maps,Tracer,DAMAGE,55.3,39.6
Competitive,Grandmaster,all-maps,Vendetta,DAMAGE,51.4,4.5
Competitive,Grandmaster,all-maps,Venture,DAMAGE,45.3,3.2
Competitive,Grandmaster,all-maps,Widowmaker,DAMAGE,45.3,5.6
Competitive,Grandmaster,all-maps,Winston,TANK,53.8,20.0
Competitive,Grandmaster,all-maps,Wrecking Ball,TANK,47.5,6.4
Competitive,Grandmaster,all-maps,Wuyang,SUPPORT,50.0,22.3
Competitive,Grandmaster,all-maps,Zarya,TANK,53.5,7.6
Competitive,Grandmaster,all-maps,Zenyatta,SUPPORT,47.6,5.9
Competitive,Grandmaster,ilios,Ana,SUPPORT,48.6,44.4
Competitive,Grandmaster,ilios,Anran,DAMAGE,57.6,1.4
Competitive,Grandmaster,ilios,Ashe,DAMAGE,56.5,6.0
Competitive,Grandmaster,ilios,Baptiste,SUPPORT,31.3,3.8
Competitive,Grandmaster,ilios,Bastion,DAMAGE,46.6,1.1
Competitive,Grandmaster,ilios,Brigitte,SUPPORT,53.8,12.2
Competitive,Grandmaster,ilios,Cassidy,DAMAGE,48.9,31.0
Competitive,Grandmaster,ilios,D.Va,TANK,48.3,11.6
Competitive,Grandmaster,ilios,Domina,TANK,48.7,4.4
Competitive,Grandmaster,ilios,Doomfist,TANK,34.0,7.1
Competitive,Grandmaster,ilios,Echo,DAMAGE,52.6,17.1
Competitive,Grandmaster,ilios,Emre,DAMAGE,53.4,21.6
Competitive,Grandmaster,ilios,Freja,DAMAGE,45.6,9.2
Competitive,Grandmaster,ilios,Genji,DAMAGE,38.0,8.5
Competitive,Grandmaster,ilios,Hanzo,DAMAGE,63.3,2.5
Competitive,Grandmaster,ilios,Hazard,TANK,65.1,7.3
Competitive,Grandmaster,ilios,Illari,SUPPORT,54.8,15.1
Competitive,Grandmaster,ilios,Jetpack Cat,SUPPORT,44.7,12.5
Competitive,Grandmaster,ilios,Junker Queen,TANK,49.1,0.8
Competitive,Grandmaster,ilios,Junkrat,DAMAGE,49.7,0.8
Competitive,Grandmaster,ilios,Juno,SUPPORT,53.6,1.3
Competitive,Grandmaster,ilios,Kiriko,SUPPORT,47.3,54.3
Competitive,Grandmaster,ilios,Lifeweaver,SUPPORT,41.8,1.8
Competitive,Grandmaster,ilios,Lúcio,SUPPORT,49.7,10.7
Competitive,Grandmaster,ilios,Mauga,TANK,52.4,1.9
Competitive,Grandmaster,ilios,Mei,DAMAGE,33.7,2.3
Competitive,Grandmaster,ilios,Mercy,SUPPORT,51.3,1.7
Competitive,Grandmaster,ilios,Mizuki,SUPPORT,54.9,18.8
Competitive,Grandmaster,ilios,Moira,SUPPORT,58.2,3.7
Competitive,Grandmaster,ilios,Orisa,TANK,38.9,3.2
Competitive,Grandmaster,ilios,Pharah,DAMAGE,62.4,3.3
Competitive,Grandmaster,ilios,Ramattra,TANK,33.4,0.4
Competitive,Grandmaster,ilios,Reaper,DAMAGE,38.1,5.9
Competitive,Grandmaster,ilios,Reinhardt,TANK,42.8,0.6
Competitive,Grandmaster,ilios,Roadhog,TANK,56.9,8.7
Competitive,Grandmaster,ilios,Sigma,TANK,40.6,5.7
Competitive,Grandmaster,ilios,Sojourn,DAMAGE,37.4,10.6
Competitive,Grandmaster,ilios,Soldier: 76,DAMAGE,45.5,4.8
Competitive,Grandmaster,ilios,Sombra,DAMAGE,36.2,5.7
Competitive,Grandmaster,ilios,Symmetra,DAMAGE,49.9,5.3
Competitive,Grandmaster,ilios,Torbjörn,DAMAGE,53.2,1.3
Competitive,Grandmaster,ilios,Tracer,DAMAGE,59.3,47.6
Competitive,Grandmaster,ilios,Vendetta,DAMAGE,53.4,5.7
Competitive,Grandmaster,ilios,Venture,DAMAGE,50.5,2.3
Competitive,Grandmaster,ilios,Widowmaker,DAMAGE,49.7,5.9
Competitive,Grandmaster,ilios,Winston,TANK,52.9,32.4
Competitive,Grandmaster,ilios,Wrecking Ball,TANK,51.2,14.2
Competitive,Grandmaster,ilios,Wuyang,SUPPORT,46.0,15.7
Competitive,Grandmaster,ilios,Zarya,TANK,51.7,1.8
Competitive,Grandmaster,ilios,Zenyatta,SUPPORT,67.4,4.0
Competitive,Grandmaster,nepal,Ana,SUPPORT,47.4,37.1
Competitive,Grandmaster,nepal,Anran,DAMAGE,37.5,2.4
Competitive,Grandmaster,nepal,Ashe,DAMAGE,59.4,5.1
Competitive,Grandmaster,nepal,Baptiste,SUPPORT,53.4,10.5
Competitive,Grandmaster,nepal,Bastion,DAMAGE,21.3,0.9
Competitive,Grandmaster,nepal,Brigitte,SUPPORT,41.2,5.0
Competitive,Grandmaster,nepal,Cassidy,DAMAGE,45.2,24.7
Competitive,Grandmaster,nepal,D.Va,TANK,48.6,10.8
Competitive,Grandmaster,nepal,Domina,TANK,54.2,9.7
Competitive,Grandmaster,nepal,Doomfist,TANK,51.4,9.2
Competitive,Grandmaster,nepal,Echo,DAMAGE,53.9,11.2
Competitive,Grandmaster,nepal,Emre,DAMAGE,48.1,29.3
Competitive,Grandmaster,nepal,Freja,DAMAGE,52.1,4.0
Competitive,Grandmaster,nepal,Genji,DAMAGE,43.6,8.8
Competitive,Grandmaster,nepal,Hanzo,DAMAGE,60.8,5.1
Competitive,Grandmaster,nepal,Hazard,TANK,56.7,4.6
Competitive,Grandmaster,nepal,Illari,SUPPORT,52.3,18.2
Competitive,Grandmaster,nepal,Jetpack Cat,SUPPORT,45.4,4.5
Competitive,Grandmaster,nepal,Junker Queen,TANK,43.2,1.3
Competitive,Grandmaster,nepal,Junkrat,DAMAGE,44.7,2.0
Competitive,Grandmaster,nepal,Juno,SUPPORT,38.5,3.4
Competitive,Grandmaster,nepal,Kiriko,SUPPORT,50.9,50.0
Competitive,Grandmaster,nepal,Lifeweaver,SUPPORT,33.0,1.9
Competitive,Grandmaster,nepal,Lúcio,SUPPORT,53.2,11.5
Competitive,Grandmaster,nepal,Mauga,TANK,61.3,2.3
Competitive,Grandmaster,nepal,Mei,DAMAGE,49.5,3.5
Competitive,Grandmaster,nepal,Mercy,SUPPORT,37.5,1.8
Competitive,Grandmaster,nepal,Mizuki,SUPPORT,60.0,19.7
Competitive,Grandmaster,nepal,Moira,SUPPORT,50.1,5.1
Competitive,Grandmaster,nepal,Orisa,TANK,39.5,4.2
Competitive,Grandmaster,nepal,Pharah,DAMAGE,49.2,8.6
Competitive,Grandmaster,nepal,Ramattra,TANK,64.4,2.3
Competitive,Grandmaster,nepal,Reaper,DAMAGE,38.5,5.7
Competitive,Grandmaster,nepal,Reinhardt,TANK,45.1,5.6
Competitive,Grandmaster,nepal,Roadhog,TANK,36.1,6.4
Competitive,Grandmaster,nepal,Sigma,TANK,51.5,15.7
Competitive,Grandmaster,nepal,Sojourn,DAMAGE,54.0,23.5
Competitive,Grandmaster,nepal,Soldier: 76,DAMAGE,51.8,3.9
Competitive,Grandmaster,nepal,Sombra,DAMAGE,66.2,2.1
Competitive,Grandmaster,nepal,Symmetra,DAMAGE,50.6,7.2
Competitive,Grandmaster,nepal,Torbjörn,DAMAGE,44.0,2.0
Competitive,Grandmaster,nepal,Tracer,DAMAGE,50.3,39.6
Competitive,Grandmaster,nepal,Vendetta,DAMAGE,60.1,5.8
Competitive,Grandmaster,nepal,Venture,DAMAGE,59.7,2.7
Competitive,Grandmaster,nepal,Widowmaker,DAMAGE,29.8,1.7
Competitive,Grandmaster,nepal,Winston,TANK,55.5,12.6
Competitive,Grandmaster,nepal,Wrecking Ball,TANK,47.6,5.7
Competitive,Grandmaster,nepal,Wuyang,SUPPORT,45.4,26.3
Competitive,Grandmaster,nepal,Zarya,TANK,44.3,9.7
Competitive,Grandmaster,nepal,Zenyatta,SUPPORT,51.1,4.8
Competitive,Grandmaster,lijiang-tower,Ana,SUPPORT,48.7,37.5
Competitive,Grandmaster,lijiang-tower,Anran,DAMAGE,59.8,2.8
Competitive,Grandmaster,lijiang-tower,Ashe,DAMAGE,26.2,2.5
Competitive,Grandmaster,lijiang-tower,Baptiste,SUPPORT,47.7,7.7
Competitive,Grandmaster,lijiang-tower,Bastion,DAMAGE,42.1,1.1
Competitive,Grandmaster,lijiang-tower,Brigitte,SUPPORT,47.1,7.2
Competitive,Grandmaster,lijiang-tower,Cassidy,DAMAGE,47.0,30.1
Competitive,Grandmaster,lijiang-tower,D.Va,TANK,40.6,7.7
Competitive,Grandmaster,lijiang-tower,Domina,TANK,52.4,10.9
Competitive,Grandmaster,lijiang-tower,Doomfist,TANK,51.0,9.0
Competitive,Grandmaster,lijiang-tower,Echo,DAMAGE,49.2,9.3
Competitive,Grandmaster,lijiang-tower,Emre,DAMAGE,50.7,27.2
Competitive,Grandmaster,lijiang-tower,Freja,DAMAGE,51.2,3.8
Competitive,Grandmaster,lijiang-tower,Genji,DAMAGE,46.5,7.0
Competitive,Grandmaster,lijiang-tower,Hanzo,DAMAGE,43.8,4.1
Competitive,Grandmaster,lijiang-tower,Hazard,TANK,54.6,4.6
Competitive,Grandmaster,lijiang-tower,Illari,SUPPORT,48.1,14.5
Competitive,Grandmaster,lijiang-tower,Jetpack Cat,SUPPORT,43.1,7.2
Competitive,Grandmaster,lijiang-tower,Junker Queen,TANK,48.0,0.9
Competitive,Grandmaster,lijiang-tower,Junkrat,DAMAGE,67.5,2.0
Competitive,Grandmaster,lijiang-tower,Juno,SUPPORT,45.8,3.6
Competitive,Grandmaster,lijiang-tower,Kiriko,SUPPORT,47.6,53.3
Competitive,Grandmaster,lijiang-tower,Lifeweaver,SUPPORT,75.7,2.4
Competitive,Grandmaster,lijiang-tower,Lúcio,SUPPORT,49.9,13.1
Competitive,Grandmaster,lijiang-tower,Mauga,TANK,48.4,2.4
Competitive,Grandmaster,lijiang-tower,Mei,DAMAGE,64.6,2.4
Competitive,Grandmaster,lijiang-tower,Mercy,SUPPORT,41.0,1.1
Competitive,Grandmaster,lijiang-tower,Mizuki,SUPPORT,51.6,19.8
Competitive,Grandmaster,lijiang-tower,Moira,SUPPORT,56.1,5.2
Competitive,Grandmaster,lijiang-tower,Orisa,TANK,51.5,6.3
Competitive,Grandmaster,lijiang-tower,Pharah,DAMAGE,58.4,8.7
Competitive,Grandmaster,lijiang-tower,Ramattra,TANK,47.9,3.7
Competitive,Grandmaster,lijiang-tower,Reaper,DAMAGE,57.6,4.4
Competitive,Grandmaster,lijiang-tower,Reinhardt,TANK,47.4,4.4
Competitive,Grandmaster,lijiang-tower,Roadhog,TANK,52.9,5.1
Competitive,Grandmaster,lijiang-tower,Sigma,TANK,51.5,10.9
Competitive,Grandmaster,lijiang-tower,Sojourn,DAMAGE,48.2,27.5
Competitive,Grandmaster,lijiang-tower,Soldier: 76,DAMAGE,58.1,3.7
Competitive,Grandmaster,lijiang-tower,Sombra,DAMAGE,58.3,3.4
Competitive,Grandmaster,lijiang-tower,Symmetra,DAMAGE,51.3,7.1
Competitive,Grandmaster,lijiang-tower,Torbjörn,DAMAGE,49.7,2.0
Competitive,Grandmaster,lijiang-tower,Tracer,DAMAGE,51.0,41.2
Competitive,Grandmaster,lijiang-tower,Vendetta,DAMAGE,45.2,4.7
Competitive,Grandmaster,lijiang-tower,Venture,DAMAGE,34.8,3.1
Competitive,Grandmaster,lijiang-tower,Widowmaker,DAMAGE,31.8,1.8
Competitive,Grandmaster,lijiang-tower,Winston,TANK,48.2,14.4
Competitive,Grandmaster,lijiang-tower,Wrecking Ball,TANK,42.8,7.7
Competitive,Grandmaster,lijiang-tower,Wuyang,SUPPORT,53.1,22.9
Competitive,Grandmaster,lijiang-tower,Zarya,TANK,57.5,12.0
Competitive,Grandmaster,lijiang-tower,Zenyatta,SUPPORT,54.1,4.4
Competitive,Grandmaster,oasis,Ana,SUPPORT,48.3,31.3
Competitive,Grandmaster,oasis,Anran,DAMAGE,60.2,2.3
Competitive,Grandmaster,oasis,Ashe,DAMAGE,27.0,1.8
Competitive,Grandmaster,oasis,Baptiste,SUPPORT,35.6,6.4
Competitive,Grandmaster,oasis,Bastion,DAMAGE,67.8,1.1
Competitive,Grandmaster,oasis,Brigitte,SUPPORT,50.1,6.7
Competitive,Grandmaster,oasis,Cassidy,DAMAGE,55.7,40.1
Competitive,Grandmaster,oasis,D.Va,TANK,49.3,10.4
Competitive,Grandmaster,oasis,Domina,TANK,36.5,7.8
Competitive,Grandmaster,oasis,Doomfist,TANK,51.8,9.0
Competitive,Grandmaster,oasis,Echo,DAMAGE,53.4,9.6
Competitive,Grandmaster,oasis,Emre,DAMAGE,44.7,22.1
Competitive,Grandmaster,oasis,Freja,DAMAGE,60.3,2.6
Competitive,Grandmaster,oasis,Genji,DAMAGE,38.9,8.9
Competitive,Grandmaster,oasis,Hanzo,DAMAGE,49.7,4.3
Competitive,Grandmaster,oasis,Hazard,TANK,48.8,6.4
Competitive,Grandmaster,oasis,Illari,SUPPORT,47.5,16.9
Competitive,Grandmaster,oasis,Jetpack Cat,SUPPORT,71.8,10.3
Competitive,Grandmaster,oasis,Junker Queen,TANK,0.0,0.3
Competitive,Grandmaster,oasis,Junkrat,DAMAGE,30.7,3.4
Competitive,Grandmaster,oasis,Juno,SUPPORT,28.6,2.4
Competitive,Grandmaster,oasis,Kiriko,SUPPORT,42.1,58.6
Competitive,Grandmaster,oasis,Lifeweaver,SUPPORT,45.7,3.0
Competitive,Grandmaster,oasis,Lúcio,SUPPORT,52.2,12.4
Competitive,Grandmaster,oasis,Mauga,TANK,47.3,3.7
Competitive,Grandmaster,oasis,Mei,DAMAGE,48.8,2.2
Competitive,Grandmaster,oasis,Mercy,SUPPORT,47.3,1.1
Competitive,Grandmaster,oasis,Mizuki,SUPPORT,65.6,23.6
Competitive,Grandmaster,oasis,Moira,SUPPORT,46.5,4.1
Competitive,Grandmaster,oasis,Orisa,TANK,45.8,5.7
Competitive,Grandmaster,oasis,Pharah,DAMAGE,63.1,5.4
Competitive,Grandmaster,oasis,Ramattra,TANK,43.9,0.6
Competitive,Grandmaster,oasis,Reaper,DAMAGE,46.3,4.3
Competitive,Grandmaster,oasis,Reinhardt,TANK,48.5,4.9
Competitive,Grandmaster,oasis,Roadhog,TANK,53.4,8.0
Competitive,Grandmaster,oasis,Sigma,TANK,58.5,8.8
Competitive,Grandmaster,oasis,Sojourn,DAMAGE,51.1,18.7
Competitive,Grandmaster,oasis,Soldier: 76,DAMAGE,48.1,5.4
Competitive,Grandmaster,oasis,Sombra,DAMAGE,49.2,2.6
Competitive,Grandmaster,oasis,Symmetra,DAMAGE,47.1,4.7
Competitive,Grandmaster,oasis,Torbjörn,DAMAGE,51.5,1.6
Competitive,Grandmaster,oasis,Tracer,DAMAGE,54.1,49.3
Competitive,Grandmaster,oasis,Vendetta,DAMAGE,40.6,5.5
Competitive,Grandmaster,oasis,Venture,DAMAGE,37.5,3.1
Competitive,Grandmaster,oasis,Widowmaker,DAMAGE,13.6,1.0
Competitive,Grandmaster,oasis,Winston,TANK,51.5,21.4
Competitive,Grandmaster,oasis,Wrecking Ball,TANK,49.8,6.9
Competitive,Grandmaster,oasis,Wuyang,SUPPORT,47.2,19.4
Competitive,Grandmaster,oasis,Zarya,TANK,52.3,6.1
Competitive,Grandmaster,oasis,Zenyatta,SUPPORT,35.3,3.9
Competitive,Grandmaster,samoa,Ana,SUPPORT,46.6,38.0
Competitive,Grandmaster,samoa,Anran,DAMAGE,38.8,1.6
Competitive,Grandmaster,samoa,Ashe,DAMAGE,65.8,3.3
Competitive,Grandmaster,samoa,Baptiste,SUPPORT,39.8,6.7
Competitive,Grandmaster,samoa,Bastion,DAMAGE,0.0,0.8
Competitive,Grandmaster,samoa,Brigitte,SUPPORT,41.6,6.9
Competitive,Grandmaster,samoa,Cassidy,DAMAGE,45.4,30.4
Competitive,Grandmaster,samoa,D.Va,TANK,44.8,7.6
Competitive,Grandmaster,samoa,Domina,TANK,64.7,12.8
Competitive,Grandmaster,samoa,Doomfist,TANK,49.9,9.6
Competitive,Grandmaster,samoa,Echo,DAMAGE,53.1,6.3
Competitive,Grandmaster,samoa,Emre,DAMAGE,60.1,30.2
Competitive,Grandmaster,samoa,Freja,DAMAGE,45.0,3.2
Competitive,Grandmaster,samoa,Genji,DAMAGE,33.3,7.8
Competitive,Grandmaster,samoa,Hanzo,DAMAGE,41.2,3.6
Competitive,Grandmaster,samoa,Hazard,TANK,43.5,6.0
Competitive,Grandmaster,samoa,Illari,SUPPORT,51.8,16.4
Competitive,Grandmaster,samoa,Jetpack Cat,SUPPORT,34.2,3.5
Competitive,Grandmaster,samoa,Junker Queen,TANK,0.0,0.5
Competitive,Grandmaster,samoa,Junkrat,DAMAGE,47.9,3.5
Competitive,Grandmaster,samoa,Juno,SUPPORT,64.4,1.2
Competitive,Grandmaster,samoa,Kiriko,SUPPORT,53.0,58.0
Competitive,Grandmaster,samoa,Lifeweaver,SUPPORT,50.9,2.2
Competitive,Grandmaster,samoa,Lúcio,SUPPORT,46.0,13.2
Competitive,Grandmaster,samoa,Mauga,TANK,47.5,2.8
Competitive,Grandmaster,samoa,Mei,DAMAGE,32.1,2.7
Competitive,Grandmaster,samoa,Mercy,SUPPORT,61.2,2.5
Competitive,Grandmaster,samoa,Mizuki,SUPPORT,56.6,17.1
Competitive,Grandmaster,samoa,Moira,SUPPORT,55.2,5.5
Competitive,Grandmaster,samoa,Orisa,TANK,50.0,3.2
Competitive,Grandmaster,samoa,Pharah,DAMAGE,51.9,2.8
Competitive,Grandmaster,samoa,Ramattra,TANK,37.1,1.2
Competitive,Grandmaster,samoa,Reaper,DAMAGE,58.6,6.0
Competitive,Grandmaster,samoa,Reinhardt,TANK,36.1,5.2
Competitive,Grandmaster,samoa,Roadhog,TANK,56.2,5.4
Competitive,Grandmaster,samoa,Sigma,TANK,50.5,14.5
Competitive,Grandmaster,samoa,Sojourn,DAMAGE,44.9,25.6
Competitive,Grandmaster,samoa,Soldier: 76,DAMAGE,40.4,3.7
Competitive,Grandmaster,samoa,Sombra,DAMAGE,58.0,2.0
Competitive,Grandmaster,samoa,Symmetra,DAMAGE,56.4,5.5
Competitive,Grandmaster,samoa,Torbjörn,DAMAGE,54.7,1.9
Competitive,Grandmaster,samoa,Tracer,DAMAGE,65.6,48.7
Competitive,Grandmaster,samoa,Vendetta,DAMAGE,42.8,4.1
Competitive,Grandmaster,samoa,Venture,DAMAGE,22.1,4.9
Competitive,Grandmaster,samoa,Widowmaker,DAMAGE,27.0,1.1
Competitive,Grandmaster,samoa,Winston,TANK,45.7,16.9
Competitive,Grandmaster,samoa,Wrecking Ball,TANK,47.9,6.2
Competitive,Grandmaster,samoa,Wuyang,SUPPORT,53.2,25.8
Competitive,Grandmaster,samoa,Zarya,TANK,60.5,7.9
Competitive,Grandmaster,samoa,Zenyatta,SUPPORT,36.6,2.9
Competitive,Grandmaster,busan,Ana,SUPPORT,46.7,39.5
Competitive,Grandmaster,busan,Anran,DAMAGE,41.6,2.4
Competitive,Grandmaster,busan,Ashe,DAMAGE,63.5,3.9
Competitive,Grandmaster,busan,Baptiste,SUPPORT,32.9,4.9
Competitive,Grandmaster,busan,Bastion,DAMAGE,50.5,1.1
Competitive,Grandmaster,busan,Brigitte,SUPPORT,38.1,9.1
Competitive,Grandmaster,busan,Cassidy,DAMAGE,37.9,20.2
Competitive,Grandmaster,busan,D.Va,TANK,42.2,14.0
Competitive,Grandmaster,busan,Domina,TANK,48.9,7.3
Competitive,Grandmaster,busan,Doomfist,TANK,44.1,7.4
Competitive,Grandmaster,busan,Echo,DAMAGE,46.8,4.5
Competitive,Grandmaster,busan,Emre,DAMAGE,56.7,35.8
Competitive,Grandmaster,busan,Freja,DAMAGE,44.7,2.5
Competitive,Grandmaster,busan,Genji,DAMAGE,55.5,9.3
Competitive,Grandmaster,busan,Hanzo,DAMAGE,68.9,4.3
Competitive,Grandmaster,busan,Hazard,TANK,50.2,4.9
Competitive,Grandmaster,busan,Illari,SUPPORT,61.9,16.1
Competitive,Grandmaster,busan,Jetpack Cat,SUPPORT,68.5,6.6
Competitive,Grandmaster,busan,Junker Queen,TANK,9.9,0.6
Competitive,Grandmaster,busan,Junkrat,DAMAGE,0.0,0.5
Competitive,Grandmaster,busan,Juno,SUPPORT,44.4,1.9
Competitive,Grandmaster,busan,Kiriko,SUPPORT,45.5,54.9
Competitive,Grandmaster,busan,Lifeweaver,SUPPORT,66.2,2.5
Competitive,Grandmaster,busan,Lúcio,SUPPORT,44.8,12.3
Competitive,Grandmaster,busan,Mauga,TANK,39.9,3.3
Competitive,Grandmaster,busan,Mei,DAMAGE,62.9,1.8
Competitive,Grandmaster,busan,Mercy,SUPPORT,53.4,1.8
Competitive,Grandmaster,busan,Mizuki,SUPPORT,60.2,18.6
Competitive,Grandmaster,busan,Moira,SUPPORT,55.5,5.2
Competitive,Grandmaster,busan,Orisa,TANK,52.8,4.9
Competitive,Grandmaster,busan,Pharah,DAMAGE,80.6,1.8
Competitive,Grandmaster,busan,Ramattra,TANK,50.4,2.0
Competitive,Grandmaster,busan,Reaper,DAMAGE,32.5,4.1
Competitive,Grandmaster,busan,Reinhardt,TANK,43.4,5.3
Competitive,Grandmaster,busan,Roadhog,TANK,36.6,6.6
Competitive,Grandmaster,busan,Sigma,TANK,54.1,12.3
Competitive,Grandmaster,busan,Sojourn,DAMAGE,51.4,24.0
Competitive,Grandmaster,busan,Soldier: 76,DAMAGE,46.9,7.9
Competitive,Grandmaster,busan,Sombra,DAMAGE,46.5,3.5
Competitive,Grandmaster,busan,Symmetra,DAMAGE,47.8,7.3
Competitive,Grandmaster,busan,Torbjörn,DAMAGE,22.2,2.2
Competitive,Grandmaster,busan,Tracer,DAMAGE,55.0,52.7
Competitive,Grandmaster,busan,Vendetta,DAMAGE,37.0,3.4
Competitive,Grandmaster,busan,Venture,DAMAGE,48.8,2.7
Competitive,Grandmaster,busan,Widowmaker,DAMAGE,35.2,4.2
Competitive,Grandmaster,busan,Winston,TANK,59.5,16.9
Competitive,Grandmaster,busan,Wrecking Ball,TANK,61.9,9.2
Competitive,Grandmaster,busan,Wuyang,SUPPORT,45.2,21.3
Competitive,Grandmaster,busan,Zarya,TANK,50.4,5.3
Competitive,Grandmaster,busan,Zenyatta,SUPPORT,51.1,5.4
Competitive,Grandmaster,route-66,Ana,SUPPORT,60.8,57.9
Competitive,Grandmaster,route-66,Anran,DAMAGE,43.2,2.2
Competitive,Grandmaster,route-66,Ashe,DAMAGE,52.2,16.4
Competitive,Grandmaster,route-66,Baptiste,SUPPORT,49.5,8.1
Competitive,Grandmaster,route-66,Bastion,DAMAGE,31.0,2.3
Competitive,Grandmaster,route-66,Brigitte,SUPPORT,51.3,12.9
Competitive,Grandmaster,route-66,Cassidy,DAMAGE,50.7,23.3
Competitive,Grandmaster,route-66,D.Va,TANK,36.5,11.1
Competitive,Grandmaster,route-66,Domina,TANK,47.9,6.7
Competitive,Grandmaster,route-66,Doomfist,TANK,31.7,8.8
Competitive,Grandmaster,route-66,Echo,DAMAGE,53.4,13.7
Competitive,Grandmaster,route-66,Emre,DAMAGE,52.0,30.4
Competitive,Grandmaster,route-66,Freja,DAMAGE,34.8,6.5
Competitive,Grandmaster,route-66,Genji,DAMAGE,43.0,13.9
Competitive,Grandmaster,route-66,Hanzo,DAMAGE,56.4,6.2
Competitive,Grandmaster,route-66,Hazard,TANK,34.0,3.9
Competitive,Grandmaster,route-66,Illari,SUPPORT,52.2,25.3
Competitive,Grandmaster,route-66,Jetpack Cat,SUPPORT,50.1,5.0
Competitive,Grandmaster,route-66,Junker Queen,TANK,0.0,0.3
Competitive,Grandmaster,route-66,Junkrat,DAMAGE,2.6,1.1
Competitive,Grandmaster,route-66,Juno,SUPPORT,38.3,1.6
Competitive,Grandmaster,route-66,Kiriko,SUPPORT,42.2,32.3
Competitive,Grandmaster,route-66,Lifeweaver,SUPPORT,34.1,2.5
Competitive,Grandmaster,route-66,Lúcio,SUPPORT,55.1,3.9
Competitive,Grandmaster,route-66,Mauga,TANK,52.4,1.9
Competitive,Grandmaster,route-66,Mei,DAMAGE,60.4,4.0
Competitive,Grandmaster,route-66,Mercy,SUPPORT,40.6,3.4
Competitive,Grandmaster,route-66,Mizuki,SUPPORT,43.6,15.4
Competitive,Grandmaster,route-66,Moira,SUPPORT,13.3,3.5
Competitive,Grandmaster,route-66,Orisa,TANK,63.0,2.2
Competitive,Grandmaster,route-66,Pharah,DAMAGE,79.0,2.8
Competitive,Grandmaster,route-66,Ramattra,TANK,93.5,1.0
Competitive,Grandmaster,route-66,Reaper,DAMAGE,36.0,2.6
Competitive,Grandmaster,route-66,Reinhardt,TANK,30.3,1.1
Competitive,Grandmaster,route-66,Roadhog,TANK,47.5,8.5
Competitive,Grandmaster,route-66,Sigma,TANK,57.5,18.1
Competitive,Grandmaster,route-66,Sojourn,DAMAGE,44.1,11.0
Competitive,Grandmaster,route-66,Soldier: 76,DAMAGE,34.3,4.6
Competitive,Grandmaster,route-66,Sombra,DAMAGE,58.1,2.7
Competitive,Grandmaster,route-66,Symmetra,DAMAGE,83.1,2.1
Competitive,Grandmaster,route-66,Torbjörn,DAMAGE,67.6,2.4
Competitive,Grandmaster,route-66,Tracer,DAMAGE,59.6,38.6
Competitive,Grandmaster,route-66,Vendetta,DAMAGE,41.8,4.4
Competitive,Grandmaster,route-66,Venture,DAMAGE,15.0,2.9
Competitive,Grandmaster,route-66,Widowmaker,DAMAGE,50.1,5.7
Competitive,Grandmaster,route-66,Winston,TANK,61.5,25.3
Competitive,Grandmaster,route-66,Wrecking Ball,TANK,37.7,5.1
Competitive,Grandmaster,route-66,Wuyang,SUPPORT,58.2,22.6
Competitive,Grandmaster,route-66,Zarya,TANK,43.5,5.5
Competitive,Grandmaster,route-66,Zenyatta,SUPPORT,48.5,6.3
Competitive,Grandmaster,havana,Ana,SUPPORT,68.4,58.7
Competitive,Grandmaster,havana,Anran,DAMAGE,53.4,0.5
Competitive,Grandmaster,havana,Ashe,DAMAGE,45.5,11.0
Competitive,Grandmaster,havana,Baptiste,SUPPORT,42.4,17.4
Competitive,Grandmaster,havana,Bastion,DAMAGE,31.8,1.7
Competitive,Grandmaster,havana,Brigitte,SUPPORT,43.2,5.3
Competitive,Grandmaster,havana,Cassidy,DAMAGE,57.1,10.0
Competitive,Grandmaster,havana,D.Va,TANK,67.4,12.6
Competitive,Grandmaster,havana,Domina,TANK,68.5,12.7
Competitive,Grandmaster,havana,Doomfist,TANK,26.2,8.5
Competitive,Grandmaster,havana,Echo,DAMAGE,72.3,7.6
Competitive,Grandmaster,havana,Emre,DAMAGE,58.0,22.0
Competitive,Grandmaster,havana,Freja,DAMAGE,49.0,5.2
Competitive,Grandmaster,havana,Genji,DAMAGE,39.2,18.7
Competitive,Grandmaster,havana,Hanzo,DAMAGE,52.0,22.9
Competitive,Grandmaster,havana,Hazard,TANK,0.0,0.0
Competitive,Grandmaster,havana,Illari,SUPPORT,48.8,27.8
Competitive,Grandmaster,havana,Jetpack Cat,SUPPORT,50.8,4.5
Competitive,Grandmaster,havana,Junker Queen,TANK,-1.0,-1.0
Competitive,Grandmaster,havana,Junkrat,DAMAGE,1.2,2.6
Competitive,Grandmaster,havana,Juno,SUPPORT,73.1,3.6
Competitive,Grandmaster,havana,Kiriko,SUPPORT,26.9,16.1
Competitive,Grandmaster,havana,Lifeweaver,SUPPORT,45.9,2.8
Competitive,Grandmaster,havana,Lúcio,SUPPORT,58.3,8.6
Competitive,Grandmaster,havana,Mauga,TANK,0.0,1.3
Competitive,Grandmaster,havana,Mei,DAMAGE,35.8,4.4
Competitive,Grandmaster,havana,Mercy,SUPPORT,64.0,3.2
Competitive,Grandmaster,havana,Mizuki,SUPPORT,39.6,7.1
Competitive,Grandmaster,havana,Moira,SUPPORT,0.0,0.9
Competitive,Grandmaster,havana,Orisa,TANK,29.7,4.1
Competitive,Grandmaster,havana,Pharah,DAMAGE,49.1,1.8
Competitive,Grandmaster,havana,Ramattra,TANK,65.3,1.2
Competitive,Grandmaster,havana,Reaper,DAMAGE,48.7,4.2
Competitive,Grandmaster,havana,Reinhardt,TANK,42.7,2.5
Competitive,Grandmaster,havana,Roadhog,TANK,42.4,4.5
Competitive,Grandmaster,havana,Sigma,TANK,55.6,31.2
Competitive,Grandmaster,havana,Sojourn,DAMAGE,45.2,25.0
Competitive,Grandmaster,havana,Soldier: 76,DAMAGE,58.8,4.5
Competitive,Grandmaster,havana,Sombra,DAMAGE,52.0,5.4
Competitive,Grandmaster,havana,Symmetra,DAMAGE,67.8,4.0
Competitive,Grandmaster,havana,Torbjörn,DAMAGE,52.4,2.5
Competitive,Grandmaster,havana,Tracer,DAMAGE,53.3,14.5
Competitive,Grandmaster,havana,Vendetta,DAMAGE,23.4,5.7
Competitive,Grandmaster,havana,Venture,DAMAGE,46.9,0.4
Competitive,Grandmaster,havana,Widowmaker,DAMAGE,67.6,26.5
Competitive,Grandmaster,havana,Winston,TANK,44.6,10.9
Competitive,Grandmaster,havana,Wrecking Ball,TANK,53.0,5.0
Competitive,Grandmaster,havana,Wuyang,SUPPORT,49.4,24.9
Competitive,Grandmaster,havana,Zarya,TANK,62.3,5.0
Competitive,Grandmaster,havana,Zenyatta,SUPPORT,52.8,18.7
Competitive,Grandmaster,junkertown,Ana,SUPPORT,35.0,46.8
Competitive,Grandmaster,junkertown,Anran,DAMAGE,0.0,1.3
Competitive,Grandmaster,junkertown,Ashe,DAMAGE,95.7,7.7
Competitive,Grandmaster,junkertown,Baptiste,SUPPORT,35.2,13.5
Competitive,Grandmaster,junkertown,Bastion,DAMAGE,100.0,0.3
Competitive,Grandmaster,junkertown,Brigitte,SUPPORT,58.0,14.2
Competitive,Grandmaster,junkertown,Cassidy,DAMAGE,31.3,14.3
Competitive,Grandmaster,junkertown,D.Va,TANK,61.2,22.3
Competitive,Grandmaster,junkertown,Domina,TANK,57.0,6.9
Competitive,Grandmaster,junkertown,Doomfist,TANK,19.5,6.2
Competitive,Grandmaster,junkertown,Echo,DAMAGE,26.9,15.4
Competitive,Grandmaster,junkertown,Emre,DAMAGE,54.3,32.0
Competitive,Grandmaster,junkertown,Freja,DAMAGE,52.3,8.0
Competitive,Grandmaster,junkertown,Genji,DAMAGE,64.2,15.5
Competitive,Grandmaster,junkertown,Hanzo,DAMAGE,54.4,18.9
Competitive,Grandmaster,junkertown,Hazard,TANK,0.0,0.1
Competitive,Grandmaster,junkertown,Illari,SUPPORT,53.0,29.2
Competitive,Grandmaster,junkertown,Jetpack Cat,SUPPORT,42.9,3.2
Competitive,Grandmaster,junkertown,Junker Queen,TANK,0.0,0.0
Competitive,Grandmaster,junkertown,Junkrat,DAMAGE,0.0,0.6
Competitive,Grandmaster,junkertown,Juno,SUPPORT,99.2,1.3
Competitive,Grandmaster,junkertown,Kiriko,SUPPORT,45.3,26.2
Competitive,Grandmaster,junkertown,Lifeweaver,SUPPORT,100.0,1.3
Competitive,Grandmaster,junkertown,Lúcio,SUPPORT,95.3,16.2
Competitive,Grandmaster,junkertown,Mauga,TANK,100.0,0.0
Competitive,Grandmaster,junkertown,Mei,DAMAGE,100.0,0.6
Competitive,Grandmaster,junkertown,Mercy,SUPPORT,27.3,4.9
Competitive,Grandmaster,junkertown,Mizuki,SUPPORT,54.6,8.4
Competitive,Grandmaster,junkertown,Moira,SUPPORT,0.0,1.7
Competitive,Grandmaster,junkertown,Orisa,TANK,17.6,3.2
Competitive,Grandmaster,junkertown,Pharah,DAMAGE,49.3,5.7
Competitive,Grandmaster,junkertown,Ramattra,TANK,-1.0,-1.0
Competitive,Grandmaster,junkertown,Reaper,DAMAGE,64.9,3.7
Competitive,Grandmaster,junkertown,Reinhardt,TANK,65.9,3.9
Competitive,Grandmaster,junkertown,Roadhog,TANK,76.5,5.1
Competitive,Grandmaster,junkertown,Sigma,TANK,37.3,29.9
Competitive,Grandmaster,junkertown,Sojourn,DAMAGE,37.7,9.9
Competitive,Grandmaster,junkertown,Soldier: 76,DAMAGE,46.9,8.9
Competitive,Grandmaster,junkertown,Sombra,DAMAGE,24.1,2.8
Competitive,Grandmaster,junkertown,Symmetra,DAMAGE,99.0,1.3
Competitive,Grandmaster,junkertown,Torbjörn,DAMAGE,0.0,1.3
Competitive,Grandmaster,junkertown,Tracer,DAMAGE,31.6,27.9
Competitive,Grandmaster,junkertown,Vendetta,DAMAGE,94.0,4.3
Competitive,Grandmaster,junkertown,Venture,DAMAGE,33.5,1.9
Competitive,Grandmaster,junkertown,Widowmaker,DAMAGE,55.6,19.0
Competitive,Grandmaster,junkertown,Winston,TANK,68.6,11.7
Competitive,Grandmaster,junkertown,Wrecking Ball,TANK,52.9,7.5
Competitive,Grandmaster,junkertown,Wuyang,SUPPORT,72.4,21.1
Competitive,Grandmaster,junkertown,Zarya,TANK,0.0,1.3
Competitive,Grandmaster,junkertown,Zenyatta,SUPPORT,33.2,12.5
Competitive,Grandmaster,dorado,Ana,SUPPORT,60.1,55.9
Competitive,Grandmaster,dorado,Anran,DAMAGE,38.5,2.3
Competitive,Grandmaster,dorado,Ashe,DAMAGE,64.4,18.9
Competitive,Grandmaster,dorado,Baptiste,SUPPORT,42.8,5.6
Competitive,Grandmaster,dorado,Bastion,DAMAGE,32.1,1.7
Competitive,Grandmaster,dorado,Brigitte,SUPPORT,44.7,16.1
Competitive,Grandmaster,dorado,Cassidy,DAMAGE,48.0,19.7
Competitive,Grandmaster,dorado,D.Va,TANK,46.3,16.8
Competitive,Grandmaster,dorado,Domina,TANK,54.3,5.0
Competitive,Grandmaster,dorado,Doomfist,TANK,50.4,11.7
Competitive,Grandmaster,dorado,Echo,DAMAGE,60.2,19.3
Competitive,Grandmaster,dorado,Emre,DAMAGE,49.0,29.6
Competitive,Grandmaster,dorado,Freja,DAMAGE,41.4,7.4
Competitive,Grandmaster,dorado,Genji,DAMAGE,41.6,15.5
Competitive,Grandmaster,dorado,Hanzo,DAMAGE,51.4,6.1
Competitive,Grandmaster,dorado,Hazard,TANK,23.5,2.8
Competitive,Grandmaster,dorado,Illari,SUPPORT,56.2,25.0
Competitive,Grandmaster,dorado,Jetpack Cat,SUPPORT,61.2,4.1
Competitive,Grandmaster,dorado,Junker Queen,TANK,100.0,0.3
Competitive,Grandmaster,dorado,Junkrat,DAMAGE,20.3,3.0
Competitive,Grandmaster,dorado,Juno,SUPPORT,78.5,4.1
Competitive,Grandmaster,dorado,Kiriko,SUPPORT,46.1,36.3
Competitive,Grandmaster,dorado,Lifeweaver,SUPPORT,12.5,1.8
Competitive,Grandmaster,dorado,Lúcio,SUPPORT,60.0,6.7
Competitive,Grandmaster,dorado,Mauga,TANK,0.0,0.0
Competitive,Grandmaster,dorado,Mei,DAMAGE,55.1,3.1
Competitive,Grandmaster,dorado,Mercy,SUPPORT,42.8,3.1
Competitive,Grandmaster,dorado,Mizuki,SUPPORT,46.6,13.5
Competitive,Grandmaster,dorado,Moira,SUPPORT,46.4,6.1
Competitive,Grandmaster,dorado,Orisa,TANK,16.2,1.8
Competitive,Grandmaster,dorado,Pharah,DAMAGE,67.3,4.7
Competitive,Grandmaster,dorado,Ramattra,TANK,100.0,0.6
Competitive,Grandmaster,dorado,Reaper,DAMAGE,40.6,2.4
Competitive,Grandmaster,dorado,Reinhardt,TANK,0.0,1.3
Competitive,Grandmaster,dorado,Roadhog,TANK,36.0,4.8
Competitive,Grandmaster,dorado,Sigma,TANK,38.0,6.8
Competitive,Grandmaster,dorado,Sojourn,DAMAGE,43.8,5.1
Competitive,Grandmaster,dorado,Soldier: 76,DAMAGE,47.7,6.6
Competitive,Grandmaster,dorado,Sombra,DAMAGE,26.6,2.2
Competitive,Grandmaster,dorado,Symmetra,DAMAGE,66.8,3.7
Competitive,Grandmaster,dorado,Torbjörn,DAMAGE,48.9,1.6
Competitive,Grandmaster,dorado,Tracer,DAMAGE,51.2,36.8
Competitive,Grandmaster,dorado,Vendetta,DAMAGE,42.8,1.8
Competitive,Grandmaster,dorado,Venture,DAMAGE,39.1,3.2
Competitive,Grandmaster,dorado,Widowmaker,DAMAGE,52.7,5.0
Competitive,Grandmaster,dorado,Winston,TANK,65.1,40.4
Competitive,Grandmaster,dorado,Wrecking Ball,TANK,56.0,4.4
Competitive,Grandmaster,dorado,Wuyang,SUPPORT,52.3,17.4
Competitive,Grandmaster,dorado,Zarya,TANK,57.0,3.4
Competitive,Grandmaster,dorado,Zenyatta,SUPPORT,33.5,4.7
Competitive,Grandmaster,watchpoint-gibraltar,Ana,SUPPORT,53.9,61.4
Competitive,Grandmaster,watchpoint-gibraltar,Anran,DAMAGE,60.6,1.6
Competitive,Grandmaster,watchpoint-gibraltar,Ashe,DAMAGE,40.6,16.9
Competitive,Grandmaster,watchpoint-gibraltar,Baptiste,SUPPORT,45.3,7.6
Competitive,Grandmaster,watchpoint-gibraltar,Bastion,DAMAGE,26.2,1.4
Competitive,Grandmaster,watchpoint-gibraltar,Brigitte,SUPPORT,52.7,12.4
Competitive,Grandmaster,watchpoint-gibraltar,Cassidy,DAMAGE,51.6,24.6
Competitive,Grandmaster,watchpoint-gibraltar,D.Va,TANK,18.7,7.1
Competitive,Grandmaster,watchpoint-gibraltar,Domina,TANK,72.1,3.1
Competitive,Grandmaster,watchpoint-gibraltar,Doomfist,TANK,40.5,8.6
Competitive,Grandmaster,watchpoint-gibraltar,Echo,DAMAGE,71.0,8.8
Competitive,Grandmaster,watchpoint-gibraltar,Emre,DAMAGE,44.1,28.0
Competitive,Grandmaster,watchpoint-gibraltar,Freja,DAMAGE,60.1,7.5
Competitive,Grandmaster,watchpoint-gibraltar,Genji,DAMAGE,44.9,12.2
Competitive,Grandmaster,watchpoint-gibraltar,Hanzo,DAMAGE,46.7,9.0
Competitive,Grandmaster,watchpoint-gibraltar,Hazard,TANK,57.0,8.6
Competitive,Grandmaster,watchpoint-gibraltar,Illari,SUPPORT,46.1,22.5
Competitive,Grandmaster,watchpoint-gibraltar,Jetpack Cat,SUPPORT,46.6,7.5
Competitive,Grandmaster,watchpoint-gibraltar,Junker Queen,TANK,100.0,0.3
Competitive,Grandmaster,watchpoint-gibraltar,Junkrat,DAMAGE,14.2,2.6
Competitive,Grandmaster,watchpoint-gibraltar,Juno,SUPPORT,59.1,1.9
Competitive,Grandmaster,watchpoint-gibraltar,Kiriko,SUPPORT,48.7,46.4
Competitive,Grandmaster,watchpoint-gibraltar,Lifeweaver,SUPPORT,65.6,3.1
Competitive,Grandmaster,watchpoint-gibraltar,Lúcio,SUPPORT,45.8,3.3
Competitive,Grandmaster,watchpoint-gibraltar,Mauga,TANK,71.5,1.8
Competitive,Grandmaster,watchpoint-gibraltar,Mei,DAMAGE,66.0,2.1
Competitive,Grandmaster,watchpoint-gibraltar,Mercy,SUPPORT,64.6,1.8
Competitive,Grandmaster,watchpoint-gibraltar,Mizuki,SUPPORT,58.1,12.1
Competitive,Grandmaster,watchpoint-gibraltar,Moira,SUPPORT,47.7,2.5
Competitive,Grandmaster,watchpoint-gibraltar,Orisa,TANK,54.6,1.5
Competitive,Grandmaster,watchpoint-gibraltar,Pharah,DAMAGE,10.8,0.5
Competitive,Grandmaster,watchpoint-gibraltar,Ramattra,TANK,0.0,0.1
Competitive,Grandmaster,watchpoint-gibraltar,Reaper,DAMAGE,43.7,6.0
Competitive,Grandmaster,watchpoint-gibraltar,Reinhardt,TANK,44.2,2.2
Competitive,Grandmaster,watchpoint-gibraltar,Roadhog,TANK,50.3,5.4
Competitive,Grandmaster,watchpoint-gibraltar,Sigma,TANK,47.9,6.9
Competitive,Grandmaster,watchpoint-gibraltar,Sojourn,DAMAGE,67.1,4.4
Competitive,Grandmaster,watchpoint-gibraltar,Soldier: 76,DAMAGE,53.7,5.2
Competitive,Grandmaster,watchpoint-gibraltar,Sombra,DAMAGE,16.8,3.1
Competitive,Grandmaster,watchpoint-gibraltar,Symmetra,DAMAGE,43.0,3.6
Competitive,Grandmaster,watchpoint-gibraltar,Torbjörn,DAMAGE,77.7,3.1
Competitive,Grandmaster,watchpoint-gibraltar,Tracer,DAMAGE,60.1,46.1
Competitive,Grandmaster,watchpoint-gibraltar,Vendetta,DAMAGE,34.0,1.7
Competitive,Grandmaster,watchpoint-gibraltar,Venture,DAMAGE,46.2,4.7
Competitive,Grandmaster,watchpoint-gibraltar,Widowmaker,DAMAGE,50.7,6.8
Competitive,Grandmaster,watchpoint-gibraltar,Winston,TANK,48.4,48.2
Competitive,Grandmaster,watchpoint-gibraltar,Wrecking Ball,TANK,52.9,4.9
Competitive,Grandmaster,watchpoint-gibraltar,Wuyang,SUPPORT,36.3,13.0
Competitive,Grandmaster,watchpoint-gibraltar,Zarya,TANK,69.7,1.4
Competitive,Grandmaster,watchpoint-gibraltar,Zenyatta,SUPPORT,64.5,4.7
Competitive,Grandmaster,circuit-royal,Ana,SUPPORT,59.2,49.8
Competitive,Grandmaster,circuit-royal,Anran,DAMAGE,47.0,0.6
Competitive,Grandmaster,circuit-royal,Ashe,DAMAGE,40.3,10.3
Competitive,Grandmaster,circuit-royal,Baptiste,SUPPORT,45.0,33.8
Competitive,Grandmaster,circuit-royal,Bastion,DAMAGE,50.5,3.5
Competitive,Grandmaster,circuit-royal,Brigitte,SUPPORT,64.9,2.2
Competitive,Grandmaster,circuit-royal,Cassidy,DAMAGE,48.5,4.9
Competitive,Grandmaster,circuit-royal,D.Va,TANK,45.4,4.7
Competitive,Grandmaster,circuit-royal,Domina,TANK,54.7,13.6
Competitive,Grandmaster,circuit-royal,Doomfist,TANK,52.9,6.7
Competitive,Grandmaster,circuit-royal,Echo,DAMAGE,53.5,7.4
Competitive,Grandmaster,circuit-royal,Emre,DAMAGE,59.7,29.4
Competitive,Grandmaster,circuit-royal,Freja,DAMAGE,36.7,15.6
Competitive,Grandmaster,circuit-royal,Genji,DAMAGE,67.4,11.4
Competitive,Grandmaster,circuit-royal,Hanzo,DAMAGE,45.1,17.7
Competitive,Grandmaster,circuit-royal,Hazard,TANK,10.6,0.6
Competitive,Grandmaster,circuit-royal,Illari,SUPPORT,45.9,30.3
Competitive,Grandmaster,circuit-royal,Jetpack Cat,SUPPORT,36.1,3.8
Competitive,Grandmaster,circuit-royal,Junker Queen,TANK,100.0,0.1
Competitive,Grandmaster,circuit-royal,Junkrat,DAMAGE,17.9,2.6
Competitive,Grandmaster,circuit-royal,Juno,SUPPORT,64.2,8.3
Competitive,Grandmaster,circuit-royal,Kiriko,SUPPORT,29.3,9.0
Competitive,Grandmaster,circuit-royal,Lifeweaver,SUPPORT,37.3,2.9
Competitive,Grandmaster,circuit-royal,Lúcio,SUPPORT,26.3,2.1
Competitive,Grandmaster,circuit-royal,Mauga,TANK,90.2,0.2
Competitive,Grandmaster,circuit-royal,Mei,DAMAGE,68.4,6.8
Competitive,Grandmaster,circuit-royal,Mercy,SUPPORT,71.6,4.0
Competitive,Grandmaster,circuit-royal,Mizuki,SUPPORT,49.1,6.2
Competitive,Grandmaster,circuit-royal,Moira,SUPPORT,62.0,3.1
Competitive,Grandmaster,circuit-royal,Orisa,TANK,46.3,5.6
Competitive,Grandmaster,circuit-royal,Pharah,DAMAGE,52.4,6.6
Competitive,Grandmaster,circuit-royal,Ramattra,TANK,36.0,4.6
Competitive,Grandmaster,circuit-royal,Reaper,DAMAGE,32.7,3.9
Competitive,Grandmaster,circuit-royal,Reinhardt,TANK,40.2,2.7
Competitive,Grandmaster,circuit-royal,Roadhog,TANK,22.8,4.1
Competitive,Grandmaster,circuit-royal,Sigma,TANK,60.4,41.3
Competitive,Grandmaster,circuit-royal,Sojourn,DAMAGE,52.4,44.9
Competitive,Grandmaster,circuit-royal,Soldier: 76,DAMAGE,49.1,2.5
Competitive,Grandmaster,circuit-royal,Sombra,DAMAGE,27.9,0.9
Competitive,Grandmaster,circuit-royal,Symmetra,DAMAGE,63.2,3.8
Competitive,Grandmaster,circuit-royal,Torbjörn,DAMAGE,40.6,1.5
Competitive,Grandmaster,circuit-royal,Tracer,DAMAGE,40.4,3.7
Competitive,Grandmaster,circuit-royal,Vendetta,DAMAGE,39.2,3.2
Competitive,Grandmaster,circuit-royal,Venture,DAMAGE,49.3,2.3
Competitive,Grandmaster,circuit-royal,Widowmaker,DAMAGE,48.6,16.6
Competitive,Grandmaster,circuit-royal,Winston,TANK,34.7,3.6
Competitive,Grandmaster,circuit-royal,Wrecking Ball,TANK,49.8,1.9
Competitive,Grandmaster,circuit-royal,Wuyang,SUPPORT,47.1,25.3
Competitive,Grandmaster,circuit-royal,Zarya,TANK,60.7,10.3
Competitive,Grandmaster,circuit-royal,Zenyatta,SUPPORT,54.1,19.2
Competitive,Grandmaster,rialto,Ana,SUPPORT,54.0,57.9
Competitive,Grandmaster,rialto,Anran,DAMAGE,47.3,1.3
Competitive,Grandmaster,rialto,Ashe,DAMAGE,50.7,11.9
Competitive,Grandmaster,rialto,Baptiste,SUPPORT,40.1,9.0
Competitive,Grandmaster,rialto,Bastion,DAMAGE,34.1,1.8
Competitive,Grandmaster,rialto,Brigitte,SUPPORT,44.9,9.1
Competitive,Grandmaster,rialto,Cassidy,DAMAGE,43.7,20.6
Competitive,Grandmaster,rialto,D.Va,TANK,41.5,10.8
Competitive,Grandmaster,rialto,Domina,TANK,52.0,8.3
Competitive,Grandmaster,rialto,Doomfist,TANK,37.0,8.4
Competitive,Grandmaster,rialto,Echo,DAMAGE,57.3,18.6
Competitive,Grandmaster,rialto,Emre,DAMAGE,53.1,28.5
Competitive,Grandmaster,rialto,Freja,DAMAGE,48.4,4.5
Competitive,Grandmaster,rialto,Genji,DAMAGE,48.6,11.9
Competitive,Grandmaster,rialto,Hanzo,DAMAGE,51.4,9.6
Competitive,Grandmaster,rialto,Hazard,TANK,69.3,4.7
Competitive,Grandmaster,rialto,Illari,SUPPORT,60.3,27.4
Competitive,Grandmaster,rialto,Jetpack Cat,SUPPORT,43.2,9.0
Competitive,Grandmaster,rialto,Junker Queen,TANK,8.2,0.8
Competitive,Grandmaster,rialto,Junkrat,DAMAGE,32.9,1.7
Competitive,Grandmaster,rialto,Juno,SUPPORT,36.5,2.7
Competitive,Grandmaster,rialto,Kiriko,SUPPORT,52.3,34.8
Competitive,Grandmaster,rialto,Lifeweaver,SUPPORT,53.0,3.7
Competitive,Grandmaster,rialto,Lúcio,SUPPORT,38.0,3.5
Competitive,Grandmaster,rialto,Mauga,TANK,19.3,1.2
Competitive,Grandmaster,rialto,Mei,DAMAGE,29.9,3.1
Competitive,Grandmaster,rialto,Mercy,SUPPORT,40.7,2.7
Competitive,Grandmaster,rialto,Mizuki,SUPPORT,43.5,11.5
Competitive,Grandmaster,rialto,Moira,SUPPORT,52.5,2.7
Competitive,Grandmaster,rialto,Orisa,TANK,55.9,2.5
Competitive,Grandmaster,rialto,Pharah,DAMAGE,53.4,4.7
Competitive,Grandmaster,rialto,Ramattra,TANK,39.0,0.9
Competitive,Grandmaster,rialto,Reaper,DAMAGE,35.0,3.6
Competitive,Grandmaster,rialto,Reinhardt,TANK,18.7,3.5
Competitive,Grandmaster,rialto,Roadhog,TANK,43.5,5.2
Competitive,Grandmaster,rialto,Sigma,TANK,52.4,15.0
Competitive,Grandmaster,rialto,Sojourn,DAMAGE,57.7,13.4
Competitive,Grandmaster,rialto,Soldier: 76,DAMAGE,28.1,2.9
Competitive,Grandmaster,rialto,Sombra,DAMAGE,52.2,3.7
Competitive,Grandmaster,rialto,Symmetra,DAMAGE,35.4,2.3
Competitive,Grandmaster,rialto,Torbjörn,DAMAGE,33.0,2.4
Competitive,Grandmaster,rialto,Tracer,DAMAGE,57.4,34.1
Competitive,Grandmaster,rialto,Vendetta,DAMAGE,53.8,3.7
Competitive,Grandmaster,rialto,Venture,DAMAGE,42.3,2.1
Competitive,Grandmaster,rialto,Widowmaker,DAMAGE,35.6,13.5
Competitive,Grandmaster,rialto,Winston,TANK,62.8,25.1
Competitive,Grandmaster,rialto,Wrecking Ball,TANK,45.3,8.2
Competitive,Grandmaster,rialto,Wuyang,SUPPORT,44.5,19.2
Competitive,Grandmaster,rialto,Zarya,TANK,52.2,5.3
Competitive,Grandmaster,rialto,Zenyatta,SUPPORT,43.4,7.0
Competitive,Grandmaster,shambali-monastery,Ana,SUPPORT,44.7,46.0
Competitive,Grandmaster,shambali-monastery,Anran,DAMAGE,32.9,2.1
Competitive,Grandmaster,shambali-monastery,Ashe,DAMAGE,40.3,9.8
Competitive,Grandmaster,shambali-monastery,Baptiste,SUPPORT,49.7,12.3
Competitive,Grandmaster,shambali-monastery,Bastion,DAMAGE,8.4,0.9
Competitive,Grandmaster,shambali-monastery,Brigitte,SUPPORT,57.9,7.1
Competitive,Grandmaster,shambali-monastery,Cassidy,DAMAGE,47.2,22.7
Competitive,Grandmaster,shambali-monastery,D.Va,TANK,40.1,9.6
Competitive,Grandmaster,shambali-monastery,Domina,TANK,42.6,14.0
Competitive,Grandmaster,shambali-monastery,Doomfist,TANK,59.6,6.2
Competitive,Grandmaster,shambali-monastery,Echo,DAMAGE,49.0,20.1
Competitive,Grandmaster,shambali-monastery,Emre,DAMAGE,54.5,28.8
Competitive,Grandmaster,shambali-monastery,Freja,DAMAGE,47.9,7.2
Competitive,Grandmaster,shambali-monastery,Genji,DAMAGE,56.9,9.6
Competitive,Grandmaster,shambali-monastery,Hanzo,DAMAGE,64.3,9.6
Competitive,Grandmaster,shambali-monastery,Hazard,TANK,61.1,3.5
Competitive,Grandmaster,shambali-monastery,Illari,SUPPORT,46.1,21.5
Competitive,Grandmaster,shambali-monastery,Jetpack Cat,SUPPORT,53.5,7.8
Competitive,Grandmaster,shambali-monastery,Junker Queen,TANK,40.9,1.2
Competitive,Grandmaster,shambali-monastery,Junkrat,DAMAGE,44.7,2.9
Competitive,Grandmaster,shambali-monastery,Juno,SUPPORT,61.2,1.5
Competitive,Grandmaster,shambali-monastery,Kiriko,SUPPORT,52.5,39.0
Competitive,Grandmaster,shambali-monastery,Lifeweaver,SUPPORT,41.6,2.1
Competitive,Grandmaster,shambali-monastery,Lúcio,SUPPORT,57.2,10.2
Competitive,Grandmaster,shambali-monastery,Mauga,TANK,56.8,2.0
Competitive,Grandmaster,shambali-monastery,Mei,DAMAGE,50.6,4.6
Competitive,Grandmaster,shambali-monastery,Mercy,SUPPORT,46.2,3.9
Competitive,Grandmaster,shambali-monastery,Mizuki,SUPPORT,47.8,13.1
Competitive,Grandmaster,shambali-monastery,Moira,SUPPORT,81.8,4.3
Competitive,Grandmaster,shambali-monastery,Orisa,TANK,59.5,4.7
Competitive,Grandmaster,shambali-monastery,Pharah,DAMAGE,56.2,5.9
Competitive,Grandmaster,shambali-monastery,Ramattra,TANK,30.8,3.4
Competitive,Grandmaster,shambali-monastery,Reaper,DAMAGE,51.0,2.0
Competitive,Grandmaster,shambali-monastery,Reinhardt,TANK,63.0,4.3
Competitive,Grandmaster,shambali-monastery,Roadhog,TANK,39.0,4.4
Competitive,Grandmaster,shambali-monastery,Sigma,TANK,64.7,18.9
Competitive,Grandmaster,shambali-monastery,Sojourn,DAMAGE,45.0,21.0
Competitive,Grandmaster,shambali-monastery,Soldier: 76,DAMAGE,28.8,2.5
Competitive,Grandmaster,shambali-monastery,Sombra,DAMAGE,59.5,3.5
Competitive,Grandmaster,shambali-monastery,Symmetra,DAMAGE,48.8,4.9
Competitive,Grandmaster,shambali-monastery,Torbjörn,DAMAGE,47.6,0.9
Competitive,Grandmaster,shambali-monastery,Tracer,DAMAGE,51.6,26.9
Competitive,Grandmaster,shambali-monastery,Vendetta,DAMAGE,53.7,3.4
Competitive,Grandmaster,shambali-monastery,Venture,DAMAGE,76.3,3.5
Competitive,Grandmaster,shambali-monastery,Widowmaker,DAMAGE,37.2,7.5
Competitive,Grandmaster,shambali-monastery,Winston,TANK,44.2,9.9
Competitive,Grandmaster,shambali-monastery,Wrecking Ball,TANK,30.6,6.6
Competitive,Grandmaster,shambali-monastery,Wuyang,SUPPORT,55.7,22.8
Competitive,Grandmaster,shambali-monastery,Zarya,TANK,55.0,11.6
Competitive,Grandmaster,shambali-monastery,Zenyatta,SUPPORT,25.6,8.0
Competitive,Grandmaster,aatlis,Ana,SUPPORT,50.5,19.3
Competitive,Grandmaster,aatlis,Anran,DAMAGE,29.2,3.7
Competitive,Grandmaster,aatlis,Ashe,DAMAGE,73.0,1.1
Competitive,Grandmaster,aatlis,Baptiste,SUPPORT,30.2,6.4
Competitive,Grandmaster,aatlis,Bastion,DAMAGE,71.7,1.8
Competitive,Grandmaster,aatlis,Brigitte,SUPPORT,55.2,11.2
Competitive,Grandmaster,aatlis,Cassidy,DAMAGE,46.1,34.0
Competitive,Grandmaster,aatlis,D.Va,TANK,55.8,9.4
Competitive,Grandmaster,aatlis,Domina,TANK,60.0,7.1
Competitive,Grandmaster,aatlis,Doomfist,TANK,52.0,7.8
Competitive,Grandmaster,aatlis,Echo,DAMAGE,58.4,6.2
Competitive,Grandmaster,aatlis,Emre,DAMAGE,51.6,19.1
Competitive,Grandmaster,aatlis,Freja,DAMAGE,45.7,2.0
Competitive,Grandmaster,aatlis,Genji,DAMAGE,45.8,11.6
Competitive,Grandmaster,aatlis,Hanzo,DAMAGE,48.2,3.1
Competitive,Grandmaster,aatlis,Hazard,TANK,44.9,7.2
Competitive,Grandmaster,aatlis,Illari,SUPPORT,61.9,10.3
Competitive,Grandmaster,aatlis,Jetpack Cat,SUPPORT,43.7,6.5
Competitive,Grandmaster,aatlis,Junker Queen,TANK,39.4,2.9
Competitive,Grandmaster,aatlis,Junkrat,DAMAGE,92.9,1.2
Competitive,Grandmaster,aatlis,Juno,SUPPORT,53.7,2.8
Competitive,Grandmaster,aatlis,Kiriko,SUPPORT,56.5,61.9
Competitive,Grandmaster,aatlis,Lifeweaver,SUPPORT,48.4,2.3
Competitive,Grandmaster,aatlis,Lúcio,SUPPORT,52.9,20.9
Competitive,Grandmaster,aatlis,Mauga,TANK,25.5,2.3
Competitive,Grandmaster,aatlis,Mei,DAMAGE,38.0,3.1
Competitive,Grandmaster,aatlis,Mercy,SUPPORT,0.0,0.9
Competitive,Grandmaster,aatlis,Mizuki,SUPPORT,48.9,23.9
Competitive,Grandmaster,aatlis,Moira,SUPPORT,39.9,7.6
Competitive,Grandmaster,aatlis,Orisa,TANK,59.3,5.1
Competitive,Grandmaster,aatlis,Pharah,DAMAGE,34.5,2.5
Competitive,Grandmaster,aatlis,Ramattra,TANK,39.2,5.2
Competitive,Grandmaster,aatlis,Reaper,DAMAGE,43.1,7.2
Competitive,Grandmaster,aatlis,Reinhardt,TANK,25.5,4.2
Competitive,Grandmaster,aatlis,Roadhog,TANK,64.4,5.2
Competitive,Grandmaster,aatlis,Sigma,TANK,48.3,9.5
Competitive,Grandmaster,aatlis,Sojourn,DAMAGE,47.5,26.1
Competitive,Grandmaster,aatlis,Soldier: 76,DAMAGE,61.5,4.1
Competitive,Grandmaster,aatlis,Sombra,DAMAGE,34.9,3.0
Competitive,Grandmaster,aatlis,Symmetra,DAMAGE,58.0,5.3
Competitive,Grandmaster,aatlis,Torbjörn,DAMAGE,75.8,1.9
Competitive,Grandmaster,aatlis,Tracer,DAMAGE,56.8,49.9
Competitive,Grandmaster,aatlis,Vendetta,DAMAGE,52.2,7.5
Competitive,Grandmaster,aatlis,Venture,DAMAGE,36.7,5.1
Competitive,Grandmaster,aatlis,Widowmaker,DAMAGE,4.6,0.2
Competitive,Grandmaster,aatlis,Winston,TANK,47.5,10.5
Competitive,Grandmaster,aatlis,Wrecking Ball,TANK,42.9,8.6
Competitive,Grandmaster,aatlis,Wuyang,SUPPORT,50.0,23.7
Competitive,Grandmaster,aatlis,Zarya,TANK,64.0,14.9
Competitive,Grandmaster,aatlis,Zenyatta,SUPPORT,27.1,2.2
Competitive,Grandmaster,new-junk-city,Ana,SUPPORT,51.3,31.3
Competitive,Grandmaster,new-junk-city,Anran,DAMAGE,63.1,3.0
Competitive,Grandmaster,new-junk-city,Ashe,DAMAGE,30.8,2.0
Competitive,Grandmaster,new-junk-city,Baptiste,SUPPORT,46.3,4.9
Competitive,Grandmaster,new-junk-city,Bastion,DAMAGE,46.1,1.3
Competitive,Grandmaster,new-junk-city,Brigitte,SUPPORT,52.4,4.5
Competitive,Grandmaster,new-junk-city,Cassidy,DAMAGE,49.8,32.8
Competitive,Grandmaster,new-junk-city,D.Va,TANK,38.8,9.2
Competitive,Grandmaster,new-junk-city,Domina,TANK,45.1,10.6
Competitive,Grandmaster,new-junk-city,Doomfist,TANK,51.5,6.6
Competitive,Grandmaster,new-junk-city,Echo,DAMAGE,49.8,4.5
Competitive,Grandmaster,new-junk-city,Emre,DAMAGE,57.5,23.5
Competitive,Grandmaster,new-junk-city,Freja,DAMAGE,25.2,0.7
Competitive,Grandmaster,new-junk-city,Genji,DAMAGE,43.6,14.3
Competitive,Grandmaster,new-junk-city,Hanzo,DAMAGE,52.7,6.5
Competitive,Grandmaster,new-junk-city,Hazard,TANK,39.1,4.9
Competitive,Grandmaster,new-junk-city,Illari,SUPPORT,59.6,15.0
Competitive,Grandmaster,new-junk-city,Jetpack Cat,SUPPORT,60.9,4.6
Competitive,Grandmaster,new-junk-city,Junker Queen,TANK,78.1,2.4
Competitive,Grandmaster,new-junk-city,Junkrat,DAMAGE,23.9,3.1
Competitive,Grandmaster,new-junk-city,Juno,SUPPORT,50.1,3.9
Competitive,Grandmaster,new-junk-city,Kiriko,SUPPORT,37.8,59.3
Competitive,Grandmaster,new-junk-city,Lifeweaver,SUPPORT,36.7,2.6
Competitive,Grandmaster,new-junk-city,Lúcio,SUPPORT,46.7,12.8
Competitive,Grandmaster,new-junk-city,Mauga,TANK,53.2,3.4
Competitive,Grandmaster,new-junk-city,Mei,DAMAGE,29.6,3.4
Competitive,Grandmaster,new-junk-city,Mercy,SUPPORT,56.9,1.7
Competitive,Grandmaster,new-junk-city,Mizuki,SUPPORT,56.8,25.3
Competitive,Grandmaster,new-junk-city,Moira,SUPPORT,27.6,4.7
Competitive,Grandmaster,new-junk-city,Orisa,TANK,55.2,5.7
Competitive,Grandmaster,new-junk-city,Pharah,DAMAGE,66.3,2.5
Competitive,Grandmaster,new-junk-city,Ramattra,TANK,24.2,4.2
Competitive,Grandmaster,new-junk-city,Reaper,DAMAGE,35.4,5.6
Competitive,Grandmaster,new-junk-city,Reinhardt,TANK,51.8,4.6
Competitive,Grandmaster,new-junk-city,Roadhog,TANK,58.3,5.5
Competitive,Grandmaster,new-junk-city,Sigma,TANK,53.5,12.9
Competitive,Grandmaster,new-junk-city,Sojourn,DAMAGE,51.6,28.9
Competitive,Grandmaster,new-junk-city,Soldier: 76,DAMAGE,30.2,3.8
Competitive,Grandmaster,new-junk-city,Sombra,DAMAGE,60.2,2.0
Competitive,Grandmaster,new-junk-city,Symmetra,DAMAGE,69.7,5.6
Competitive,Grandmaster,new-junk-city,Torbjörn,DAMAGE,25.3,1.2
Competitive,Grandmaster,new-junk-city,Tracer,DAMAGE,51.9,41.5
Competitive,Grandmaster,new-junk-city,Vendetta,DAMAGE,52.2,6.5
Competitive,Grandmaster,new-junk-city,Venture,DAMAGE,49.2,5.5
Competitive,Grandmaster,new-junk-city,Widowmaker,DAMAGE,53.2,1.8
Competitive,Grandmaster,new-junk-city,Winston,TANK,45.8,10.9
Competitive,Grandmaster,new-junk-city,Wrecking Ball,TANK,61.8,4.6
Competitive,Grandmaster,new-junk-city,Wuyang,SUPPORT,55.5,27.0
Competitive,Grandmaster,new-junk-city,Zarya,TANK,49.4,14.4
Competitive,Grandmaster,new-junk-city,Zenyatta,SUPPORT,22.6,2.3
Competitive,Grandmaster,suravasa,Ana,SUPPORT,36.2,29.9
Competitive,Grandmaster,suravasa,Anran,DAMAGE,39.8,1.2
Competitive,Grandmaster,suravasa,Ashe,DAMAGE,68.7,1.6
Competitive,Grandmaster,suravasa,Baptiste,SUPPORT,50.0,5.9
Competitive,Grandmaster,suravasa,Bastion,DAMAGE,47.0,0.5
Competitive,Grandmaster,suravasa,Brigitte,SUPPORT,36.6,8.6
Competitive,Grandmaster,suravasa,Cassidy,DAMAGE,39.8,28.9
Competitive,Grandmaster,suravasa,D.Va,TANK,59.8,12.7
Competitive,Grandmaster,suravasa,Domina,TANK,48.9,7.4
Competitive,Grandmaster,suravasa,Doomfist,TANK,42.6,10.7
Competitive,Grandmaster,suravasa,Echo,DAMAGE,45.0,4.3
Competitive,Grandmaster,suravasa,Emre,DAMAGE,57.7,28.1
Competitive,Grandmaster,suravasa,Freja,DAMAGE,51.8,1.6
Competitive,Grandmaster,suravasa,Genji,DAMAGE,44.6,9.2
Competitive,Grandmaster,suravasa,Hanzo,DAMAGE,36.7,3.6
Competitive,Grandmaster,suravasa,Hazard,TANK,55.6,5.0
Competitive,Grandmaster,suravasa,Illari,SUPPORT,59.7,14.9
Competitive,Grandmaster,suravasa,Jetpack Cat,SUPPORT,53.7,8.5
Competitive,Grandmaster,suravasa,Junker Queen,TANK,74.6,1.2
Competitive,Grandmaster,suravasa,Junkrat,DAMAGE,51.3,0.9
Competitive,Grandmaster,suravasa,Juno,SUPPORT,57.1,2.2
Competitive,Grandmaster,suravasa,Kiriko,SUPPORT,58.1,56.9
Competitive,Grandmaster,suravasa,Lifeweaver,SUPPORT,40.2,3.2
Competitive,Grandmaster,suravasa,Lúcio,SUPPORT,57.9,12.0
Competitive,Grandmaster,suravasa,Mauga,TANK,58.9,2.8
Competitive,Grandmaster,suravasa,Mei,DAMAGE,28.2,2.5
Competitive,Grandmaster,suravasa,Mercy,SUPPORT,59.4,0.9
Competitive,Grandmaster,suravasa,Mizuki,SUPPORT,45.0,22.5
Competitive,Grandmaster,suravasa,Moira,SUPPORT,33.3,5.3
Competitive,Grandmaster,suravasa,Orisa,TANK,36.4,4.7
Competitive,Grandmaster,suravasa,Pharah,DAMAGE,57.4,3.9
Competitive,Grandmaster,suravasa,Ramattra,TANK,47.3,1.1
Competitive,Grandmaster,suravasa,Reaper,DAMAGE,49.7,5.6
Competitive,Grandmaster,suravasa,Reinhardt,TANK,42.7,3.0
Competitive,Grandmaster,suravasa,Roadhog,TANK,39.1,6.7
Competitive,Grandmaster,suravasa,Sigma,TANK,48.1,6.6
Competitive,Grandmaster,suravasa,Sojourn,DAMAGE,40.6,30.3
Competitive,Grandmaster,suravasa,Soldier: 76,DAMAGE,55.4,6.6
Competitive,Grandmaster,suravasa,Sombra,DAMAGE,40.6,3.6
Competitive,Grandmaster,suravasa,Symmetra,DAMAGE,58.1,3.6
Competitive,Grandmaster,suravasa,Torbjörn,DAMAGE,35.1,2.9
Competitive,Grandmaster,suravasa,Tracer,DAMAGE,62.4,51.5
Competitive,Grandmaster,suravasa,Vendetta,DAMAGE,64.6,4.9
Competitive,Grandmaster,suravasa,Venture,DAMAGE,38.3,3.3
Competitive,Grandmaster,suravasa,Widowmaker,DAMAGE,64.4,1.3
Competitive,Grandmaster,suravasa,Winston,TANK,52.7,23.1
Competitive,Grandmaster,suravasa,Wrecking Ball,TANK,53.6,7.7
Competitive,Grandmaster,suravasa,Wuyang,SUPPORT,55.7,25.5
Competitive,Grandmaster,suravasa,Zarya,TANK,53.1,7.3
Competitive,Grandmaster,suravasa,Zenyatta,SUPPORT,49.5,3.8
Competitive,Grandmaster,midtown,Ana,SUPPORT,54.6,48.1
Competitive,Grandmaster,midtown,Anran,DAMAGE,19.9,1.8
Competitive,Grandmaster,midtown,Ashe,DAMAGE,43.8,13.0
Competitive,Grandmaster,midtown,Baptiste,SUPPORT,42.5,15.6
Competitive,Grandmaster,midtown,Bastion,DAMAGE,94.4,1.1
Competitive,Grandmaster,midtown,Brigitte,SUPPORT,58.6,5.6
Competitive,Grandmaster,midtown,Cassidy,DAMAGE,58.3,21.6
Competitive,Grandmaster,midtown,D.Va,TANK,63.8,11.4
Competitive,Grandmaster,midtown,Domina,TANK,53.0,15.3
Competitive,Grandmaster,midtown,Doomfist,TANK,46.8,7.2
Competitive,Grandmaster,midtown,Echo,DAMAGE,42.2,11.4
Competitive,Grandmaster,midtown,Emre,DAMAGE,39.6,35.7
Competitive,Grandmaster,midtown,Freja,DAMAGE,52.9,2.9
Competitive,Grandmaster,midtown,Genji,DAMAGE,49.8,8.9
Competitive,Grandmaster,midtown,Hanzo,DAMAGE,49.7,9.7
Competitive,Grandmaster,midtown,Hazard,TANK,0.0,1.3
Competitive,Grandmaster,midtown,Illari,SUPPORT,51.1,19.9
Competitive,Grandmaster,midtown,Jetpack Cat,SUPPORT,33.8,3.4
Competitive,Grandmaster,midtown,Junker Queen,TANK,-1.0,-1.0
Competitive,Grandmaster,midtown,Junkrat,DAMAGE,80.2,0.7
Competitive,Grandmaster,midtown,Juno,SUPPORT,57.6,3.8
Competitive,Grandmaster,midtown,Kiriko,SUPPORT,42.5,35.6
Competitive,Grandmaster,midtown,Lifeweaver,SUPPORT,86.4,1.6
Competitive,Grandmaster,midtown,Lúcio,SUPPORT,17.6,4.8
Competitive,Grandmaster,midtown,Mauga,TANK,35.0,2.4
Competitive,Grandmaster,midtown,Mei,DAMAGE,68.9,4.0
Competitive,Grandmaster,midtown,Mercy,SUPPORT,45.7,3.0
Competitive,Grandmaster,midtown,Mizuki,SUPPORT,43.5,16.8
Competitive,Grandmaster,midtown,Moira,SUPPORT,49.2,5.5
Competitive,Grandmaster,midtown,Orisa,TANK,5.8,4.9
Competitive,Grandmaster,midtown,Pharah,DAMAGE,53.5,4.7
Competitive,Grandmaster,midtown,Ramattra,TANK,39.3,1.3
Competitive,Grandmaster,midtown,Reaper,DAMAGE,30.6,3.5
Competitive,Grandmaster,midtown,Reinhardt,TANK,35.1,4.8
Competitive,Grandmaster,midtown,Roadhog,TANK,42.0,3.5
Competitive,Grandmaster,midtown,Sigma,TANK,44.7,24.6
Competitive,Grandmaster,midtown,Sojourn,DAMAGE,49.7,22.1
Competitive,Grandmaster,midtown,Soldier: 76,DAMAGE,60.3,1.8
Competitive,Grandmaster,midtown,Sombra,DAMAGE,62.2,0.8
Competitive,Grandmaster,midtown,Symmetra,DAMAGE,57.9,5.3
Competitive,Grandmaster,midtown,Torbjörn,DAMAGE,45.4,3.0
Competitive,Grandmaster,midtown,Tracer,DAMAGE,58.1,35.1
Competitive,Grandmaster,midtown,Vendetta,DAMAGE,47.6,3.0
Competitive,Grandmaster,midtown,Venture,DAMAGE,45.5,1.3
Competitive,Grandmaster,midtown,Widowmaker,DAMAGE,28.8,9.0
Competitive,Grandmaster,midtown,Winston,TANK,65.5,11.9
Competitive,Grandmaster,midtown,Wrecking Ball,TANK,99.3,1.3
Competitive,Grandmaster,midtown,Wuyang,SUPPORT,60.7,28.8
Competitive,Grandmaster,midtown,Zarya,TANK,61.4,10.2
Competitive,Grandmaster,midtown,Zenyatta,SUPPORT,48.0,7.2
Competitive,Grandmaster,numbani,Ana,SUPPORT,56.0,59.7
Competitive,Grandmaster,numbani,Anran,DAMAGE,60.0,1.1
Competitive,Grandmaster,numbani,Ashe,DAMAGE,54.5,23.4
Competitive,Grandmaster,numbani,Baptiste,SUPPORT,63.5,6.9
Competitive,Grandmaster,numbani,Bastion,DAMAGE,57.3,2.8
Competitive,Grandmaster,numbani,Brigitte,SUPPORT,53.2,7.9
Competitive,Grandmaster,numbani,Cassidy,DAMAGE,45.5,21.8
Competitive,Grandmaster,numbani,D.Va,TANK,47.8,12.4
Competitive,Grandmaster,numbani,Domina,TANK,48.7,4.0
Competitive,Grandmaster,numbani,Doomfist,TANK,26.5,8.8
Competitive,Grandmaster,numbani,Echo,DAMAGE,66.3,13.3
Competitive,Grandmaster,numbani,Emre,DAMAGE,38.9,30.7
Competitive,Grandmaster,numbani,Freja,DAMAGE,54.5,5.8
Competitive,Grandmaster,numbani,Genji,DAMAGE,49.2,9.9
Competitive,Grandmaster,numbani,Hanzo,DAMAGE,50.5,6.0
Competitive,Grandmaster,numbani,Hazard,TANK,57.8,7.8
Competitive,Grandmaster,numbani,Illari,SUPPORT,48.2,19.5
Competitive,Grandmaster,numbani,Jetpack Cat,SUPPORT,30.3,6.6
Competitive,Grandmaster,numbani,Junker Queen,TANK,38.2,1.7
Competitive,Grandmaster,numbani,Junkrat,DAMAGE,34.0,2.9
Competitive,Grandmaster,numbani,Juno,SUPPORT,42.0,3.5
Competitive,Grandmaster,numbani,Kiriko,SUPPORT,49.2,49.1
Competitive,Grandmaster,numbani,Lifeweaver,SUPPORT,41.7,2.1
Competitive,Grandmaster,numbani,Lúcio,SUPPORT,54.3,5.7
Competitive,Grandmaster,numbani,Mauga,TANK,37.9,1.2
Competitive,Grandmaster,numbani,Mei,DAMAGE,30.9,2.0
Competitive,Grandmaster,numbani,Mercy,SUPPORT,69.5,2.0
Competitive,Grandmaster,numbani,Mizuki,SUPPORT,42.3,10.8
Competitive,Grandmaster,numbani,Moira,SUPPORT,46.0,2.3
Competitive,Grandmaster,numbani,Orisa,TANK,20.6,2.6
Competitive,Grandmaster,numbani,Pharah,DAMAGE,26.0,2.0
Competitive,Grandmaster,numbani,Ramattra,TANK,82.4,0.6
Competitive,Grandmaster,numbani,Reaper,DAMAGE,35.4,5.2
Competitive,Grandmaster,numbani,Reinhardt,TANK,30.0,3.2
Competitive,Grandmaster,numbani,Roadhog,TANK,77.4,3.8
Competitive,Grandmaster,numbani,Sigma,TANK,53.7,12.9
Competitive,Grandmaster,numbani,Sojourn,DAMAGE,55.7,9.8
Competitive,Grandmaster,numbani,Soldier: 76,DAMAGE,72.2,5.6
Competitive,Grandmaster,numbani,Sombra,DAMAGE,13.7,3.8
Competitive,Grandmaster,numbani,Symmetra,DAMAGE,66.8,2.5
Competitive,Grandmaster,numbani,Torbjörn,DAMAGE,60.1,2.0
Competitive,Grandmaster,numbani,Tracer,DAMAGE,60.3,38.5
Competitive,Grandmaster,numbani,Vendetta,DAMAGE,54.8,5.3
Competitive,Grandmaster,numbani,Venture,DAMAGE,1.5,3.0
Competitive,Grandmaster,numbani,Widowmaker,DAMAGE,50.2,2.5
Competitive,Grandmaster,numbani,Winston,TANK,64.1,31.7
Competitive,Grandmaster,numbani,Wrecking Ball,TANK,62.6,4.9
Competitive,Grandmaster,numbani,Wuyang,SUPPORT,48.0,19.0
Competitive,Grandmaster,numbani,Zarya,TANK,41.7,4.4
Competitive,Grandmaster,numbani,Zenyatta,SUPPORT,51.9,5.0
Competitive,Grandmaster,kings-row,Ana,SUPPORT,56.8,51.5
Competitive,Grandmaster,kings-row,Anran,DAMAGE,34.9,2.3
Competitive,Grandmaster,kings-row,Ashe,DAMAGE,61.5,8.9
Competitive,Grandmaster,kings-row,Baptiste,SUPPORT,44.3,11.5
Competitive,Grandmaster,kings-row,Bastion,DAMAGE,58.3,1.8
Competitive,Grandmaster,kings-row,Brigitte,SUPPORT,46.6,6.9
Competitive,Grandmaster,kings-row,Cassidy,DAMAGE,47.4,22.1
Competitive,Grandmaster,kings-row,D.Va,TANK,47.6,10.6
Competitive,Grandmaster,kings-row,Domina,TANK,54.7,9.9
Competitive,Grandmaster,kings-row,Doomfist,TANK,49.3,9.5
Competitive,Grandmaster,kings-row,Echo,DAMAGE,54.5,12.7
Competitive,Grandmaster,kings-row,Emre,DAMAGE,46.2,30.2
Competitive,Grandmaster,kings-row,Freja,DAMAGE,35.0,5.6
Competitive,Grandmaster,kings-row,Genji,DAMAGE,46.5,12.6
Competitive,Grandmaster,kings-row,Hanzo,DAMAGE,58.8,13.7
Competitive,Grandmaster,kings-row,Hazard,TANK,48.2,3.3
Competitive,Grandmaster,kings-row,Illari,SUPPORT,51.9,20.2
Competitive,Grandmaster,kings-row,Jetpack Cat,SUPPORT,53.3,5.0
Competitive,Grandmaster,kings-row,Junker Queen,TANK,51.4,0.7
Competitive,Grandmaster,kings-row,Junkrat,DAMAGE,44.0,2.1
Competitive,Grandmaster,kings-row,Juno,SUPPORT,45.2,2.8
Competitive,Grandmaster,kings-row,Kiriko,SUPPORT,45.6,37.0
Competitive,Grandmaster,kings-row,Lifeweaver,SUPPORT,35.9,3.0
Competitive,Grandmaster,kings-row,Lúcio,SUPPORT,63.6,5.2
Competitive,Grandmaster,kings-row,Mauga,TANK,33.6,1.1
Competitive,Grandmaster,kings-row,Mei,DAMAGE,36.1,3.7
Competitive,Grandmaster,kings-row,Mercy,SUPPORT,45.6,3.5
Competitive,Grandmaster,kings-row,Mizuki,SUPPORT,56.9,17.5
Competitive,Grandmaster,kings-row,Moira,SUPPORT,60.8,3.8
Competitive,Grandmaster,kings-row,Orisa,TANK,62.5,5.1
Competitive,Grandmaster,kings-row,Pharah,DAMAGE,46.8,5.4
Competitive,Grandmaster,kings-row,Ramattra,TANK,33.1,2.6
Competitive,Grandmaster,kings-row,Reaper,DAMAGE,67.8,6.2
Competitive,Grandmaster,kings-row,Reinhardt,TANK,21.8,2.8
Competitive,Grandmaster,kings-row,Roadhog,TANK,41.5,5.1
Competitive,Grandmaster,kings-row,Sigma,TANK,58.7,20.2
Competitive,Grandmaster,kings-row,Sojourn,DAMAGE,47.8,17.1
Competitive,Grandmaster,kings-row,Soldier: 76,DAMAGE,54.4,2.3
Competitive,Grandmaster,kings-row,Sombra,DAMAGE,20.1,1.3
Competitive,Grandmaster,kings-row,Symmetra,DAMAGE,48.2,4.4
Competitive,Grandmaster,kings-row,Torbjörn,DAMAGE,40.9,2.5
Competitive,Grandmaster,kings-row,Tracer,DAMAGE,52.0,28.8
Competitive,Grandmaster,kings-row,Vendetta,DAMAGE,38.3,4.3
Competitive,Grandmaster,kings-row,Venture,DAMAGE,47.8,4.1
Competitive,Grandmaster,kings-row,Widowmaker,DAMAGE,50.8,8.1
Competitive,Grandmaster,kings-row,Winston,TANK,51.5,16.2
Competitive,Grandmaster,kings-row,Wrecking Ball,TANK,32.7,3.2
Competitive,Grandmaster,kings-row,Wuyang,SUPPORT,40.3,24.7
Competitive,Grandmaster,kings-row,Zarya,TANK,53.7,9.7
Competitive,Grandmaster,kings-row,Zenyatta,SUPPORT,46.3,7.3
Competitive,Grandmaster,hollywood,Ana,SUPPORT,59.2,53.4
Competitive,Grandmaster,hollywood,Anran,DAMAGE,25.7,2.5
Competitive,Grandmaster,hollywood,Ashe,DAMAGE,42.1,14.7
Competitive,Grandmaster,hollywood,Baptiste,SUPPORT,48.7,10.2
Competitive,Grandmaster,hollywood,Bastion,DAMAGE,7.2,1.5
Competitive,Grandmaster,hollywood,Brigitte,SUPPORT,44.7,8.0
Competitive,Grandmaster,hollywood,Cassidy,DAMAGE,43.2,25.1
Competitive,Grandmaster,hollywood,D.Va,TANK,37.4,7.9
Competitive,Grandmaster,hollywood,Domina,TANK,62.9,9.7
Competitive,Grandmaster,hollywood,Doomfist,TANK,37.6,8.2
Competitive,Grandmaster,hollywood,Echo,DAMAGE,30.6,10.6
Competitive,Grandmaster,hollywood,Emre,DAMAGE,49.8,24.1
Competitive,Grandmaster,hollywood,Freja,DAMAGE,56.9,6.7
Competitive,Grandmaster,hollywood,Genji,DAMAGE,50.5,13.0
Competitive,Grandmaster,hollywood,Hanzo,DAMAGE,32.0,8.4
Competitive,Grandmaster,hollywood,Hazard,TANK,41.1,3.8
Competitive,Grandmaster,hollywood,Illari,SUPPORT,37.1,24.3
Competitive,Grandmaster,hollywood,Jetpack Cat,SUPPORT,59.7,5.5
Competitive,Grandmaster,hollywood,Junker Queen,TANK,76.2,0.7
Competitive,Grandmaster,hollywood,Junkrat,DAMAGE,38.7,2.3
Competitive,Grandmaster,hollywood,Juno,SUPPORT,40.0,3.6
Competitive,Grandmaster,hollywood,Kiriko,SUPPORT,40.5,34.2
Competitive,Grandmaster,hollywood,Lifeweaver,SUPPORT,43.6,4.5
Competitive,Grandmaster,hollywood,Lúcio,SUPPORT,37.9,4.9
Competitive,Grandmaster,hollywood,Mauga,TANK,47.7,2.1
Competitive,Grandmaster,hollywood,Mei,DAMAGE,52.8,4.3
Competitive,Grandmaster,hollywood,Mercy,SUPPORT,29.7,3.8
Competitive,Grandmaster,hollywood,Mizuki,SUPPORT,42.8,13.5
Competitive,Grandmaster,hollywood,Moira,SUPPORT,77.5,3.3
Competitive,Grandmaster,hollywood,Orisa,TANK,35.0,4.8
Competitive,Grandmaster,hollywood,Pharah,DAMAGE,94.1,3.6
Competitive,Grandmaster,hollywood,Ramattra,TANK,62.4,1.9
Competitive,Grandmaster,hollywood,Reaper,DAMAGE,45.9,5.5
Competitive,Grandmaster,hollywood,Reinhardt,TANK,11.9,3.4
Competitive,Grandmaster,hollywood,Roadhog,TANK,53.3,6.4
Competitive,Grandmaster,hollywood,Sigma,TANK,58.6,16.9
Competitive,Grandmaster,hollywood,Sojourn,DAMAGE,48.0,13.0
Competitive,Grandmaster,hollywood,Soldier: 76,DAMAGE,34.6,3.4
Competitive,Grandmaster,hollywood,Sombra,DAMAGE,50.8,3.5
Competitive,Grandmaster,hollywood,Symmetra,DAMAGE,45.4,3.6
Competitive,Grandmaster,hollywood,Torbjörn,DAMAGE,61.1,5.3
Competitive,Grandmaster,hollywood,Tracer,DAMAGE,63.2,33.8
Competitive,Grandmaster,hollywood,Vendetta,DAMAGE,48.1,3.9
Competitive,Grandmaster,hollywood,Venture,DAMAGE,60.2,3.7
Competitive,Grandmaster,hollywood,Widowmaker,DAMAGE,52.6,7.5
Competitive,Grandmaster,hollywood,Winston,TANK,46.7,19.8
Competitive,Grandmaster,hollywood,Wrecking Ball,TANK,39.9,5.2
Competitive,Grandmaster,hollywood,Wuyang,SUPPORT,53.6,24.7
Competitive,Grandmaster,hollywood,Zarya,TANK,55.8,9.0
Competitive,Grandmaster,hollywood,Zenyatta,SUPPORT,52.2,6.1
Competitive,Grandmaster,paraiso,Ana,SUPPORT,68.5,52.4
Competitive,Grandmaster,paraiso,Anran,DAMAGE,0.0,0.4
Competitive,Grandmaster,paraiso,Ashe,DAMAGE,26.9,16.1
Competitive,Grandmaster,paraiso,Baptiste,SUPPORT,66.4,10.9
Competitive,Grandmaster,paraiso,Bastion,DAMAGE,2.9,2.0
Competitive,Grandmaster,paraiso,Brigitte,SUPPORT,0.6,4.1
Competitive,Grandmaster,paraiso,Cassidy,DAMAGE,34.7,29.5
Competitive,Grandmaster,paraiso,D.Va,TANK,53.4,6.6
Competitive,Grandmaster,paraiso,Domina,TANK,41.5,4.1
Competitive,Grandmaster,paraiso,Doomfist,TANK,52.2,10.2
Competitive,Grandmaster,paraiso,Echo,DAMAGE,54.0,15.3
Competitive,Grandmaster,paraiso,Emre,DAMAGE,82.8,28.9
Competitive,Grandmaster,paraiso,Freja,DAMAGE,41.0,4.3
Competitive,Grandmaster,paraiso,Genji,DAMAGE,53.1,12.2
Competitive,Grandmaster,paraiso,Hanzo,DAMAGE,24.3,4.5
Competitive,Grandmaster,paraiso,Hazard,TANK,39.2,2.0
Competitive,Grandmaster,paraiso,Illari,SUPPORT,38.3,26.0
Competitive,Grandmaster,paraiso,Jetpack Cat,SUPPORT,54.8,7.1
Competitive,Grandmaster,paraiso,Junker Queen,TANK,-1.0,-1.0
Competitive,Grandmaster,paraiso,Junkrat,DAMAGE,93.6,3.4
Competitive,Grandmaster,paraiso,Juno,SUPPORT,42.5,3.8
Competitive,Grandmaster,paraiso,Kiriko,SUPPORT,32.3,38.4
Competitive,Grandmaster,paraiso,Lifeweaver,SUPPORT,83.4,4.8
Competitive,Grandmaster,paraiso,Lúcio,SUPPORT,19.5,7.7
Competitive,Grandmaster,paraiso,Mauga,TANK,0.0,1.6
Competitive,Grandmaster,paraiso,Mei,DAMAGE,76.9,8.3
Competitive,Grandmaster,paraiso,Mercy,SUPPORT,47.7,3.1
Competitive,Grandmaster,paraiso,Mizuki,SUPPORT,46.6,12.6
Competitive,Grandmaster,paraiso,Moira,SUPPORT,70.4,8.3
Competitive,Grandmaster,paraiso,Orisa,TANK,0.0,2.2
Competitive,Grandmaster,paraiso,Pharah,DAMAGE,56.1,8.5
Competitive,Grandmaster,paraiso,Ramattra,TANK,34.0,2.3
Competitive,Grandmaster,paraiso,Reaper,DAMAGE,36.7,5.5
Competitive,Grandmaster,paraiso,Reinhardt,TANK,66.7,4.8
Competitive,Grandmaster,paraiso,Roadhog,TANK,36.5,6.6
Competitive,Grandmaster,paraiso,Sigma,TANK,57.0,12.9
Competitive,Grandmaster,paraiso,Sojourn,DAMAGE,75.8,3.0
Competitive,Grandmaster,paraiso,Soldier: 76,DAMAGE,40.4,5.9
Competitive,Grandmaster,paraiso,Sombra,DAMAGE,1.3,6.4
Competitive,Grandmaster,paraiso,Symmetra,DAMAGE,56.9,2.8
Competitive,Grandmaster,paraiso,Torbjörn,DAMAGE,38.2,2.8
Competitive,Grandmaster,paraiso,Tracer,DAMAGE,39.0,30.6
Competitive,Grandmaster,paraiso,Vendetta,DAMAGE,72.6,5.8
Competitive,Grandmaster,paraiso,Venture,DAMAGE,78.3,2.0
Competitive,Grandmaster,paraiso,Widowmaker,DAMAGE,20.7,2.9
Competitive,Grandmaster,paraiso,Winston,TANK,63.8,28.9
Competitive,Grandmaster,paraiso,Wrecking Ball,TANK,27.9,5.1
Competitive,Grandmaster,paraiso,Wuyang,SUPPORT,57.7,18.1
Competitive,Grandmaster,paraiso,Zarya,TANK,67.0,13.1
Competitive,Grandmaster,paraiso,Zenyatta,SUPPORT,0.0,1.2
Competitive,Grandmaster,eichenwalde,Ana,SUPPORT,51.8,39.8
Competitive,Grandmaster,eichenwalde,Anran,DAMAGE,39.8,5.3
Competitive,Grandmaster,eichenwalde,Ashe,DAMAGE,50.0,5.7
Competitive,Grandmaster,eichenwalde,Baptiste,SUPPORT,44.3,13.5
Competitive,Grandmaster,eichenwalde,Bastion,DAMAGE,54.9,1.3
Competitive,Grandmaster,eichenwalde,Brigitte,SUPPORT,44.5,9.3
Competitive,Grandmaster,eichenwalde,Cassidy,DAMAGE,40.4,32.8
Competitive,Grandmaster,eichenwalde,D.Va,TANK,39.9,11.7
Competitive,Grandmaster,eichenwalde,Domina,TANK,51.0,9.0
Competitive,Grandmaster,eichenwalde,Doomfist,TANK,43.4,9.1
Competitive,Grandmaster,eichenwalde,Echo,DAMAGE,65.2,17.5
Competitive,Grandmaster,eichenwalde,Emre,DAMAGE,50.6,21.8
Competitive,Grandmaster,eichenwalde,Freja,DAMAGE,64.0,5.9
Competitive,Grandmaster,eichenwalde,Genji,DAMAGE,53.6,10.1
Competitive,Grandmaster,eichenwalde,Hanzo,DAMAGE,34.3,7.9
Competitive,Grandmaster,eichenwalde,Hazard,TANK,67.1,1.9
Competitive,Grandmaster,eichenwalde,Illari,SUPPORT,51.7,26.3
Competitive,Grandmaster,eichenwalde,Jetpack Cat,SUPPORT,60.8,7.5
Competitive,Grandmaster,eichenwalde,Junker Queen,TANK,33.8,1.1
Competitive,Grandmaster,eichenwalde,Junkrat,DAMAGE,48.1,3.1
Competitive,Grandmaster,eichenwalde,Juno,SUPPORT,64.9,3.2
Competitive,Grandmaster,eichenwalde,Kiriko,SUPPORT,52.8,41.4
Competitive,Grandmaster,eichenwalde,Lifeweaver,SUPPORT,31.6,2.2
Competitive,Grandmaster,eichenwalde,Lúcio,SUPPORT,32.1,5.7
Competitive,Grandmaster,eichenwalde,Mauga,TANK,48.1,2.0
Competitive,Grandmaster,eichenwalde,Mei,DAMAGE,43.5,3.8
Competitive,Grandmaster,eichenwalde,Mercy,SUPPORT,28.3,3.6
Competitive,Grandmaster,eichenwalde,Mizuki,SUPPORT,54.7,18.1
Competitive,Grandmaster,eichenwalde,Moira,SUPPORT,27.9,2.5
Competitive,Grandmaster,eichenwalde,Orisa,TANK,47.1,7.7
Competitive,Grandmaster,eichenwalde,Pharah,DAMAGE,68.0,4.5
Competitive,Grandmaster,eichenwalde,Ramattra,TANK,18.8,1.2
Competitive,Grandmaster,eichenwalde,Reaper,DAMAGE,19.3,3.1
Competitive,Grandmaster,eichenwalde,Reinhardt,TANK,49.8,4.6
Competitive,Grandmaster,eichenwalde,Roadhog,TANK,35.8,9.4
Competitive,Grandmaster,eichenwalde,Sigma,TANK,54.7,14.3
Competitive,Grandmaster,eichenwalde,Sojourn,DAMAGE,57.4,13.4
Competitive,Grandmaster,eichenwalde,Soldier: 76,DAMAGE,25.5,2.7
Competitive,Grandmaster,eichenwalde,Sombra,DAMAGE,58.5,3.5
Competitive,Grandmaster,eichenwalde,Symmetra,DAMAGE,28.4,3.1
Competitive,Grandmaster,eichenwalde,Torbjörn,DAMAGE,40.6,3.4
Competitive,Grandmaster,eichenwalde,Tracer,DAMAGE,51.0,39.4
Competitive,Grandmaster,eichenwalde,Vendetta,DAMAGE,49.2,5.0
Competitive,Grandmaster,eichenwalde,Venture,DAMAGE,45.8,3.0
Competitive,Grandmaster,eichenwalde,Widowmaker,DAMAGE,51.1,3.3
Competitive,Grandmaster,eichenwalde,Winston,TANK,51.1,12.9
Competitive,Grandmaster,eichenwalde,Wrecking Ball,TANK,66.8,6.0
Competitive,Grandmaster,eichenwalde,Wuyang,SUPPORT,52.8,19.7
Competitive,Grandmaster,eichenwalde,Zarya,TANK,58.9,9.1
Competitive,Grandmaster,eichenwalde,Zenyatta,SUPPORT,31.5,7.4
Competitive,Grandmaster,blizzard-world,Ana,SUPPORT,70.3,55.7
Competitive,Grandmaster,blizzard-world,Anran,DAMAGE,3.3,1.7
Competitive,Grandmaster,blizzard-world,Ashe,DAMAGE,64.4,13.1
Competitive,Grandmaster,blizzard-world,Baptiste,SUPPORT,26.9,7.2
Competitive,Grandmaster,blizzard-world,Bastion,DAMAGE,68.7,1.9
Competitive,Grandmaster,blizzard-world,Brigitte,SUPPORT,28.1,5.4
Competitive,Grandmaster,blizzard-world,Cassidy,DAMAGE,49.1,19.6
Competitive,Grandmaster,blizzard-world,D.Va,TANK,74.4,12.9
Competitive,Grandmaster,blizzard-world,Domina,TANK,63.0,9.3
Competitive,Grandmaster,blizzard-world,Doomfist,TANK,53.2,6.9
Competitive,Grandmaster,blizzard-world,Echo,DAMAGE,44.4,7.5
Competitive,Grandmaster,blizzard-world,Emre,DAMAGE,51.8,28.6
Competitive,Grandmaster,blizzard-world,Freja,DAMAGE,28.7,4.2
Competitive,Grandmaster,blizzard-world,Genji,DAMAGE,54.5,10.1
Competitive,Grandmaster,blizzard-world,Hanzo,DAMAGE,41.1,7.3
Competitive,Grandmaster,blizzard-world,Hazard,TANK,21.6,2.5
Competitive,Grandmaster,blizzard-world,Illari,SUPPORT,31.4,22.7
Competitive,Grandmaster,blizzard-world,Jetpack Cat,SUPPORT,42.2,10.6
Competitive,Grandmaster,blizzard-world,Junker Queen,TANK,-1.0,-1.0
Competitive,Grandmaster,blizzard-world,Junkrat,DAMAGE,0.0,1.9
Competitive,Grandmaster,blizzard-world,Juno,SUPPORT,54.3,3.1
Competitive,Grandmaster,blizzard-world,Kiriko,SUPPORT,60.9,44.4
Competitive,Grandmaster,blizzard-world,Lifeweaver,SUPPORT,50.8,3.2
Competitive,Grandmaster,blizzard-world,Lúcio,SUPPORT,15.3,3.2
Competitive,Grandmaster,blizzard-world,Mauga,TANK,48.7,2.1
Competitive,Grandmaster,blizzard-world,Mei,DAMAGE,37.6,3.2
Competitive,Grandmaster,blizzard-world,Mercy,SUPPORT,40.0,1.9
Competitive,Grandmaster,blizzard-world,Mizuki,SUPPORT,33.8,9.3
Competitive,Grandmaster,blizzard-world,Moira,SUPPORT,1.4,0.6
Competitive,Grandmaster,blizzard-world,Orisa,TANK,57.5,5.1
Competitive,Grandmaster,blizzard-world,Pharah,DAMAGE,72.2,0.9
Competitive,Grandmaster,blizzard-world,Ramattra,TANK,0.0,0.1
Competitive,Grandmaster,blizzard-world,Reaper,DAMAGE,12.8,5.1
Competitive,Grandmaster,blizzard-world,Reinhardt,TANK,56.8,2.0
Competitive,Grandmaster,blizzard-world,Roadhog,TANK,15.8,6.6
Competitive,Grandmaster,blizzard-world,Sigma,TANK,42.8,16.1
Competitive,Grandmaster,blizzard-world,Sojourn,DAMAGE,59.3,20.9
Competitive,Grandmaster,blizzard-world,Soldier: 76,DAMAGE,34.1,5.4
Competitive,Grandmaster,blizzard-world,Sombra,DAMAGE,6.3,2.7
Competitive,Grandmaster,blizzard-world,Symmetra,DAMAGE,67.2,4.1
Competitive,Grandmaster,blizzard-world,Torbjörn,DAMAGE,31.6,3.8
Competitive,Grandmaster,blizzard-world,Tracer,DAMAGE,55.4,37.2
Competitive,Grandmaster,blizzard-world,Vendetta,DAMAGE,53.1,2.1
Competitive,Grandmaster,blizzard-world,Venture,DAMAGE,82.3,5.0
Competitive,Grandmaster,blizzard-world,Widowmaker,DAMAGE,51.7,13.6
Competitive,Grandmaster,blizzard-world,Winston,TANK,57.4,25.6
Competitive,Grandmaster,blizzard-world,Wrecking Ball,TANK,43.3,5.6
Competitive,Grandmaster,blizzard-world,Wuyang,SUPPORT,61.6,24.5
Competitive,Grandmaster,blizzard-world,Zarya,TANK,31.1,4.9
Competitive,Grandmaster,blizzard-world,Zenyatta,SUPPORT,53.4,8.3
Competitive,Grandmaster,esperanca,Ana,SUPPORT,40.8,36.2
Competitive,Grandmaster,esperanca,Anran,DAMAGE,0.0,1.0
Competitive,Grandmaster,esperanca,Ashe,DAMAGE,38.9,4.5
Competitive,Grandmaster,esperanca,Baptiste,SUPPORT,46.9,5.3
Competitive,Grandmaster,esperanca,Bastion,DAMAGE,7.4,0.6
Competitive,Grandmaster,esperanca,Brigitte,SUPPORT,56.1,9.5
Competitive,Grandmaster,esperanca,Cassidy,DAMAGE,40.5,27.3
Competitive,Grandmaster,esperanca,D.Va,TANK,60.6,17.8
Competitive,Grandmaster,esperanca,Domina,TANK,47.8,7.8
Competitive,Grandmaster,esperanca,Doomfist,TANK,58.6,8.5
Competitive,Grandmaster,esperanca,Echo,DAMAGE,50.7,11.6
Competitive,Grandmaster,esperanca,Emre,DAMAGE,45.9,31.3
Competitive,Grandmaster,esperanca,Freja,DAMAGE,72.6,3.3
Competitive,Grandmaster,esperanca,Genji,DAMAGE,40.8,8.0
Competitive,Grandmaster,esperanca,Hanzo,DAMAGE,30.0,4.1
Competitive,Grandmaster,esperanca,Hazard,TANK,73.8,3.4
Competitive,Grandmaster,esperanca,Illari,SUPPORT,56.1,19.7
Competitive,Grandmaster,esperanca,Jetpack Cat,SUPPORT,32.4,8.0
Competitive,Grandmaster,esperanca,Junker Queen,TANK,38.8,1.1
Competitive,Grandmaster,esperanca,Junkrat,DAMAGE,39.4,1.1
Competitive,Grandmaster,esperanca,Juno,SUPPORT,21.1,2.4
Competitive,Grandmaster,esperanca,Kiriko,SUPPORT,54.0,53.7
Competitive,Grandmaster,esperanca,Lifeweaver,SUPPORT,46.0,2.9
Competitive,Grandmaster,esperanca,Lúcio,SUPPORT,56.4,13.6
Competitive,Grandmaster,esperanca,Mauga,TANK,35.9,1.5
Competitive,Grandmaster,esperanca,Mei,DAMAGE,79.6,2.0
Competitive,Grandmaster,esperanca,Mercy,SUPPORT,40.0,2.1
Competitive,Grandmaster,esperanca,Mizuki,SUPPORT,51.7,18.3
Competitive,Grandmaster,esperanca,Moira,SUPPORT,60.9,5.0
Competitive,Grandmaster,esperanca,Orisa,TANK,39.4,2.8
Competitive,Grandmaster,esperanca,Pharah,DAMAGE,29.7,3.7
Competitive,Grandmaster,esperanca,Ramattra,TANK,41.9,1.0
Competitive,Grandmaster,esperanca,Reaper,DAMAGE,37.9,3.4
Competitive,Grandmaster,esperanca,Reinhardt,TANK,34.4,3.1
Competitive,Grandmaster,esperanca,Roadhog,TANK,33.9,5.0
Competitive,Grandmaster,esperanca,Sigma,TANK,53.3,7.8
Competitive,Grandmaster,esperanca,Sojourn,DAMAGE,59.1,21.2
Competitive,Grandmaster,esperanca,Soldier: 76,DAMAGE,55.3,6.2
Competitive,Grandmaster,esperanca,Sombra,DAMAGE,51.4,5.5
Competitive,Grandmaster,esperanca,Symmetra,DAMAGE,67.8,2.8
Competitive,Grandmaster,esperanca,Torbjörn,DAMAGE,50.3,1.7
Competitive,Grandmaster,esperanca,Tracer,DAMAGE,59.8,51.0
Competitive,Grandmaster,esperanca,Vendetta,DAMAGE,75.0,5.5
Competitive,Grandmaster,esperanca,Venture,DAMAGE,43.0,2.9
Competitive,Grandmaster,esperanca,Widowmaker,DAMAGE,18.4,1.3
Competitive,Grandmaster,esperanca,Winston,TANK,58.4,28.6
Competitive,Grandmaster,esperanca,Wrecking Ball,TANK,30.3,7.1
Competitive,Grandmaster,esperanca,Wuyang,SUPPORT,51.6,20.6
Competitive,Grandmaster,esperanca,Zarya,TANK,41.9,4.6
Competitive,Grandmaster,esperanca,Zenyatta,SUPPORT,51.0,2.6
Competitive,Grandmaster,new-queen-street,Ana,SUPPORT,48.4,37.6
Competitive,Grandmaster,new-queen-street,Anran,DAMAGE,39.4,1.1
Competitive,Grandmaster,new-queen-street,Ashe,DAMAGE,39.4,6.1
Competitive,Grandmaster,new-queen-street,Baptiste,SUPPORT,59.3,4.3
Competitive,Grandmaster,new-queen-street,Bastion,DAMAGE,38.8,1.0
Competitive,Grandmaster,new-queen-street,Brigitte,SUPPORT,43.8,9.0
Competitive,Grandmaster,new-queen-street,Cassidy,DAMAGE,43.1,23.8
Competitive,Grandmaster,new-queen-street,D.Va,TANK,52.6,14.5
Competitive,Grandmaster,new-queen-street,Domina,TANK,59.0,7.0
Competitive,Grandmaster,new-queen-street,Doomfist,TANK,39.6,10.0
Competitive,Grandmaster,new-queen-street,Echo,DAMAGE,23.2,7.3
Competitive,Grandmaster,new-queen-street,Emre,DAMAGE,50.4,30.6
Competitive,Grandmaster,new-queen-street,Freja,DAMAGE,48.4,4.9
Competitive,Grandmaster,new-queen-street,Genji,DAMAGE,49.6,7.5
Competitive,Grandmaster,new-queen-street,Hanzo,DAMAGE,73.4,3.8
Competitive,Grandmaster,new-queen-street,Hazard,TANK,63.9,4.2
Competitive,Grandmaster,new-queen-street,Illari,SUPPORT,61.6,24.2
Competitive,Grandmaster,new-queen-street,Jetpack Cat,SUPPORT,38.8,6.4
Competitive,Grandmaster,new-queen-street,Junker Queen,TANK,0.0,0.9
Competitive,Grandmaster,new-queen-street,Junkrat,DAMAGE,0.0,0.4
Competitive,Grandmaster,new-queen-street,Juno,SUPPORT,56.9,4.1
Competitive,Grandmaster,new-queen-street,Kiriko,SUPPORT,36.2,50.9
Competitive,Grandmaster,new-queen-street,Lifeweaver,SUPPORT,62.7,2.1
Competitive,Grandmaster,new-queen-street,Lúcio,SUPPORT,41.4,11.6
Competitive,Grandmaster,new-queen-street,Mauga,TANK,41.8,3.6
Competitive,Grandmaster,new-queen-street,Mei,DAMAGE,41.4,1.7
Competitive,Grandmaster,new-queen-street,Mercy,SUPPORT,45.7,2.6
Competitive,Grandmaster,new-queen-street,Mizuki,SUPPORT,59.6,16.8
Competitive,Grandmaster,new-queen-street,Moira,SUPPORT,51.6,3.4
Competitive,Grandmaster,new-queen-street,Orisa,TANK,39.5,4.4
Competitive,Grandmaster,new-queen-street,Pharah,DAMAGE,41.8,2.8
Competitive,Grandmaster,new-queen-street,Ramattra,TANK,29.6,0.6
Competitive,Grandmaster,new-queen-street,Reaper,DAMAGE,47.4,4.0
Competitive,Grandmaster,new-queen-street,Reinhardt,TANK,23.9,3.8
Competitive,Grandmaster,new-queen-street,Roadhog,TANK,54.2,6.0
Competitive,Grandmaster,new-queen-street,Sigma,TANK,49.9,8.9
Competitive,Grandmaster,new-queen-street,Sojourn,DAMAGE,51.7,20.5
Competitive,Grandmaster,new-queen-street,Soldier: 76,DAMAGE,49.7,14.9
Competitive,Grandmaster,new-queen-street,Sombra,DAMAGE,68.6,2.9
Competitive,Grandmaster,new-queen-street,Symmetra,DAMAGE,64.9,3.3
Competitive,Grandmaster,new-queen-street,Torbjörn,DAMAGE,26.8,1.0
Competitive,Grandmaster,new-queen-street,Tracer,DAMAGE,50.3,54.8
Competitive,Grandmaster,new-queen-street,Vendetta,DAMAGE,60.8,4.0
Competitive,Grandmaster,new-queen-street,Venture,DAMAGE,75.6,2.0
Competitive,Grandmaster,new-queen-street,Widowmaker,DAMAGE,61.1,1.8
Competitive,Grandmaster,new-queen-street,Winston,TANK,59.8,21.5
Competitive,Grandmaster,new-queen-street,Wrecking Ball,TANK,47.6,10.0
Competitive,Grandmaster,new-queen-street,Wuyang,SUPPORT,49.6,24.0
Competitive,Grandmaster,new-queen-street,Zarya,TANK,40.6,4.5
Competitive,Grandmaster,new-queen-street,Zenyatta,SUPPORT,60.6,2.9
Competitive,Grandmaster,runasapi,Ana,SUPPORT,50.5,32.8
Competitive,Grandmaster,runasapi,Anran,DAMAGE,29.9,2.0
Competitive,Grandmaster,runasapi,Ashe,DAMAGE,54.5,3.0
Competitive,Grandmaster,runasapi,Baptiste,SUPPORT,41.3,5.8
Competitive,Grandmaster,runasapi,Bastion,DAMAGE,15.1,0.2
Competitive,Grandmaster,runasapi,Brigitte,SUPPORT,53.8,6.9
Competitive,Grandmaster,runasapi,Cassidy,DAMAGE,45.5,25.1
Competitive,Grandmaster,runasapi,D.Va,TANK,53.1,14.4
Competitive,Grandmaster,runasapi,Domina,TANK,47.2,7.8
Competitive,Grandmaster,runasapi,Doomfist,TANK,55.0,9.8
Competitive,Grandmaster,runasapi,Echo,DAMAGE,42.4,7.7
Competitive,Grandmaster,runasapi,Emre,DAMAGE,56.2,27.5
Competitive,Grandmaster,runasapi,Freja,DAMAGE,62.8,2.3
Competitive,Grandmaster,runasapi,Genji,DAMAGE,44.8,6.9
Competitive,Grandmaster,runasapi,Hanzo,DAMAGE,52.8,2.7
Competitive,Grandmaster,runasapi,Hazard,TANK,41.8,5.6
Competitive,Grandmaster,runasapi,Illari,SUPPORT,55.7,19.3
Competitive,Grandmaster,runasapi,Jetpack Cat,SUPPORT,33.0,7.6
Competitive,Grandmaster,runasapi,Junker Queen,TANK,47.4,0.8
Competitive,Grandmaster,runasapi,Junkrat,DAMAGE,71.4,1.0
Competitive,Grandmaster,runasapi,Juno,SUPPORT,71.7,2.1
Competitive,Grandmaster,runasapi,Kiriko,SUPPORT,48.4,57.7
Competitive,Grandmaster,runasapi,Lifeweaver,SUPPORT,52.8,2.7
Competitive,Grandmaster,runasapi,Lúcio,SUPPORT,50.1,15.3
Competitive,Grandmaster,runasapi,Mauga,TANK,51.1,2.3
Competitive,Grandmaster,runasapi,Mei,DAMAGE,47.4,1.0
Competitive,Grandmaster,runasapi,Mercy,SUPPORT,38.1,2.5
Competitive,Grandmaster,runasapi,Mizuki,SUPPORT,61.1,18.1
Competitive,Grandmaster,runasapi,Moira,SUPPORT,39.9,4.6
Competitive,Grandmaster,runasapi,Orisa,TANK,35.6,5.3
Competitive,Grandmaster,runasapi,Pharah,DAMAGE,41.8,2.7
Competitive,Grandmaster,runasapi,Ramattra,TANK,85.1,1.5
Competitive,Grandmaster,runasapi,Reaper,DAMAGE,30.7,4.0
Competitive,Grandmaster,runasapi,Reinhardt,TANK,48.5,4.5
Competitive,Grandmaster,runasapi,Roadhog,TANK,47.8,5.2
Competitive,Grandmaster,runasapi,Sigma,TANK,52.8,11.2
Competitive,Grandmaster,runasapi,Sojourn,DAMAGE,38.4,29.4
Competitive,Grandmaster,runasapi,Soldier: 76,DAMAGE,65.3,9.9
Competitive,Grandmaster,runasapi,Sombra,DAMAGE,62.0,3.9
Competitive,Grandmaster,runasapi,Symmetra,DAMAGE,49.9,4.6
Competitive,Grandmaster,runasapi,Torbjörn,DAMAGE,70.0,1.7
Competitive,Grandmaster,runasapi,Tracer,DAMAGE,47.3,52.9
Competitive,Grandmaster,runasapi,Vendetta,DAMAGE,66.2,5.6
Competitive,Grandmaster,runasapi,Venture,DAMAGE,66.2,3.4
Competitive,Grandmaster,runasapi,Widowmaker,DAMAGE,42.3,2.4
Competitive,Grandmaster,runasapi,Winston,TANK,47.7,18.6
Competitive,Grandmaster,runasapi,Wrecking Ball,TANK,44.8,7.2
Competitive,Grandmaster,runasapi,Wuyang,SUPPORT,43.8,22.4
Competitive,Grandmaster,runasapi,Zarya,TANK,58.6,5.9
Competitive,Grandmaster,runasapi,Zenyatta,SUPPORT,57.2,2.4
Competitive,Grandmaster,colosseo,Ana,SUPPORT,52.8,40.7
Competitive,Grandmaster,colosseo,Anran,DAMAGE,20.4,1.2
Competitive,Grandmaster,colosseo,Ashe,DAMAGE,52.9,6.5
Competitive,Grandmaster,colosseo,Baptiste,SUPPORT,44.6,6.8
Competitive,Grandmaster,colosseo,Bastion,DAMAGE,65.7,0.8
Competitive,Grandmaster,colosseo,Brigitte,SUPPORT,37.7,8.2
Competitive,Grandmaster,colosseo,Cassidy,DAMAGE,52.6,21.7
Competitive,Grandmaster,colosseo,D.Va,TANK,56.3,13.7
Competitive,Grandmaster,colosseo,Domina,TANK,51.4,9.1
Competitive,Grandmaster,colosseo,Doomfist,TANK,54.7,5.7
Competitive,Grandmaster,colosseo,Echo,DAMAGE,49.1,11.9
Competitive,Grandmaster,colosseo,Emre,DAMAGE,47.7,32.1
Competitive,Grandmaster,colosseo,Freja,DAMAGE,50.1,3.2
Competitive,Grandmaster,colosseo,Genji,DAMAGE,47.0,10.3
Competitive,Grandmaster,colosseo,Hanzo,DAMAGE,38.1,3.8
Competitive,Grandmaster,colosseo,Hazard,TANK,62.5,3.4
Competitive,Grandmaster,colosseo,Illari,SUPPORT,59.8,23.0
Competitive,Grandmaster,colosseo,Jetpack Cat,SUPPORT,46.3,9.6
Competitive,Grandmaster,colosseo,Junker Queen,TANK,40.2,1.8
Competitive,Grandmaster,colosseo,Junkrat,DAMAGE,37.0,1.4
Competitive,Grandmaster,colosseo,Juno,SUPPORT,53.7,1.7
Competitive,Grandmaster,colosseo,Kiriko,SUPPORT,41.4,47.1
Competitive,Grandmaster,colosseo,Lifeweaver,SUPPORT,22.2,2.4
Competitive,Grandmaster,colosseo,Lúcio,SUPPORT,48.5,10.8
Competitive,Grandmaster,colosseo,Mauga,TANK,40.8,2.6
Competitive,Grandmaster,colosseo,Mei,DAMAGE,35.1,1.6
Competitive,Grandmaster,colosseo,Mercy,SUPPORT,79.8,0.9
Competitive,Grandmaster,colosseo,Mizuki,SUPPORT,55.8,17.9
Competitive,Grandmaster,colosseo,Moira,SUPPORT,51.6,5.1
Competitive,Grandmaster,colosseo,Orisa,TANK,31.9,3.3
Competitive,Grandmaster,colosseo,Pharah,DAMAGE,55.1,4.6
Competitive,Grandmaster,colosseo,Ramattra,TANK,15.6,0.9
Competitive,Grandmaster,colosseo,Reaper,DAMAGE,35.5,5.8
Competitive,Grandmaster,colosseo,Reinhardt,TANK,50.7,3.0
Competitive,Grandmaster,colosseo,Roadhog,TANK,45.1,6.5
Competitive,Grandmaster,colosseo,Sigma,TANK,53.7,11.6
Competitive,Grandmaster,colosseo,Sojourn,DAMAGE,50.3,23.4
Competitive,Grandmaster,colosseo,Soldier: 76,DAMAGE,53.7,5.4
Competitive,Grandmaster,colosseo,Sombra,DAMAGE,47.7,4.2
Competitive,Grandmaster,colosseo,Symmetra,DAMAGE,29.5,3.4
Competitive,Grandmaster,colosseo,Torbjörn,DAMAGE,11.2,1.5
Competitive,Grandmaster,colosseo,Tracer,DAMAGE,61.4,45.7
Competitive,Grandmaster,colosseo,Vendetta,DAMAGE,73.4,5.4
Competitive,Grandmaster,colosseo,Venture,DAMAGE,35.0,3.9
Competitive,Grandmaster,colosseo,Widowmaker,DAMAGE,53.1,2.3
Competitive,Grandmaster,colosseo,Winston,TANK,56.2,23.8
Competitive,Grandmaster,colosseo,Wrecking Ball,TANK,45.4,5.7
Competitive,Grandmaster,colosseo,Wuyang,SUPPORT,54.3,21.4
Competitive,Grandmaster,colosseo,Zarya,TANK,34.5,8.8
Competitive,Grandmaster,colosseo,Zenyatta,SUPPORT,52.1,4.4
Competitive,Champion,all-maps,Ana,SUPPORT,49.2,45.6
Competitive,Champion,all-maps,Anran,DAMAGE,51.3,9.8
Competitive,Champion,all-maps,Ashe,DAMAGE,50.5,12.5
Competitive,Champion,all-maps,Baptiste,SUPPORT,45.0,7.1
Competitive,Champion,all-maps,Bastion,DAMAGE,47.0,8.5
Competitive,Champion,all-maps,Brigitte,SUPPORT,47.4,3.4
Competitive,Champion,all-maps,Cassidy,DAMAGE,46.6,22.2
Competitive,Champion,all-maps,D.Va,TANK,48.0,8.5
Competitive,Champion,all-maps,Domina,TANK,53.2,7.9
Competitive,Champion,all-maps,Doomfist,TANK,50.7,6.2
Competitive,Champion,all-maps,Echo,DAMAGE,51.5,5.7
Competitive,Champion,all-maps,Emre,DAMAGE,50.9,20.4
Competitive,Champion,all-maps,Freja,DAMAGE,47.5,4.5
Competitive,Champion,all-maps,Genji,DAMAGE,51.7,13.4
Competitive,Champion,all-maps,Hanzo,DAMAGE,49.6,6.8
Competitive,Champion,all-maps,Hazard,TANK,52.2,2.7
Competitive,Champion,all-maps,Illari,SUPPORT,53.3,12.1
Competitive,Champion,all-maps,Jetpack Cat,SUPPORT,50.1,4.1
Competitive,Champion,all-maps,Junker Queen,TANK,50.2,2.5
Competitive,Champion,all-maps,Junkrat,DAMAGE,48.2,5.8
Competitive,Champion,all-maps,Juno,SUPPORT,49.8,10.1
Competitive,Champion,all-maps,Kiriko,SUPPORT,48.0,39.8
Competitive,Champion,all-maps,Lifeweaver,SUPPORT,43.8,3.9
Competitive,Champion,all-maps,Lúcio,SUPPORT,48.3,5.4
Competitive,Champion,all-maps,Mauga,TANK,47.0,3.7
Competitive,Champion,all-maps,Mei,DAMAGE,50.9,7.3
Competitive,Champion,all-maps,Mercy,SUPPORT,48.0,8.2
Competitive,Champion,all-maps,Mizuki,SUPPORT,52.3,16.6
Competitive,Champion,all-maps,Moira,SUPPORT,48.5,18.3
Competitive,Champion,all-maps,Orisa,TANK,46.3,11.1
Competitive,Champion,all-maps,Pharah,DAMAGE,52.3,5.9
Competitive,Champion,all-maps,Ramattra,TANK,46.9,5.8
Competitive,Champion,all-maps,Reaper,DAMAGE,51.1,12.8
Competitive,Champion,all-maps,Reinhardt,TANK,49.2,7.6
Competitive,Champion,all-maps,Roadhog,TANK,47.2,7.3
Competitive,Champion,all-maps,Sigma,TANK,52.9,14.1
Competitive,Champion,all-maps,Sojourn,DAMAGE,45.0,15.0
Competitive,Champion,all-maps,Soldier: 76,DAMAGE,48.2,16.4
Competitive,Champion,all-maps,Sombra,DAMAGE,49.3,3.5
Competitive,Champion,all-maps,Symmetra,DAMAGE,53.9,4.1
Competitive,Champion,all-maps,Torbjörn,DAMAGE,50.2,3.9
Competitive,Champion,all-maps,Tracer,DAMAGE,50.0,9.9
Competitive,Champion,all-maps,Vendetta,DAMAGE,52.3,3.4
Competitive,Champion,all-maps,Venture,DAMAGE,51.7,3.7
Competitive,Champion,all-maps,Widowmaker,DAMAGE,49.9,4.2
Competitive,Champion,all-maps,Winston,TANK,51.4,11.2
Competitive,Champion,all-maps,Wrecking Ball,TANK,49.6,3.3
Competitive,Champion,all-maps,Wuyang,SUPPORT,52.4,13.9
Competitive,Champion,all-maps,Zarya,TANK,48.7,8.2
Competitive,Champion,all-maps,Zenyatta,SUPPORT,51.9,11.6
Competitive,Champion,ilios,Ana,SUPPORT,46.9,38.6
Competitive,Champion,ilios,Anran,DAMAGE,52.3,11.8
Competitive,Champion,ilios,Ashe,DAMAGE,47.6,7.6
Competitive,Champion,ilios,Baptiste,SUPPORT,44.9,5.7
Competitive,Champion,ilios,Bastion,DAMAGE,47.2,5.8
Competitive,Champion,ilios,Brigitte,SUPPORT,49.1,5.2
Competitive,Champion,ilios,Cassidy,DAMAGE,46.5,27.2
Competitive,Champion,ilios,D.Va,TANK,46.4,9.4
Competitive,Champion,ilios,Domina,TANK,51.7,6.8
Competitive,Champion,ilios,Doomfist,TANK,50.1,6.9
Competitive,Champion,ilios,Echo,DAMAGE,53.1,9.0
Competitive,Champion,ilios,Emre,DAMAGE,49.5,17.0
Competitive,Champion,ilios,Freja,DAMAGE,47.4,4.5
Competitive,Champion,ilios,Genji,DAMAGE,52.9,14.2
Competitive,Champion,ilios,Hanzo,DAMAGE,48.2,4.4
Competitive,Champion,ilios,Hazard,TANK,54.3,3.3
Competitive,Champion,ilios,Illari,SUPPORT,53.3,8.2
Competitive,Champion,ilios,Jetpack Cat,SUPPORT,51.6,5.7
Competitive,Champion,ilios,Junker Queen,TANK,53.2,3.0
Competitive,Champion,ilios,Junkrat,DAMAGE,50.5,5.1
Competitive,Champion,ilios,Juno,SUPPORT,50.8,10.3
Competitive,Champion,ilios,Kiriko,SUPPORT,48.5,41.5
Competitive,Champion,ilios,Lifeweaver,SUPPORT,44.6,4.2
Competitive,Champion,ilios,Lúcio,SUPPORT,54.3,12.2
Competitive,Champion,ilios,Mauga,TANK,47.4,3.8
Competitive,Champion,ilios,Mei,DAMAGE,49.4,5.9
Competitive,Champion,ilios,Mercy,SUPPORT,49.2,7.7
Competitive,Champion,ilios,Mizuki,SUPPORT,53.4,19.1
Competitive,Champion,ilios,Moira,SUPPORT,48.8,20.6
Competitive,Champion,ilios,Orisa,TANK,47.5,12.1
Competitive,Champion,ilios,Pharah,DAMAGE,55.5,10.0
Competitive,Champion,ilios,Ramattra,TANK,46.9,4.1
Competitive,Champion,ilios,Reaper,DAMAGE,53.6,15.5
Competitive,Champion,ilios,Reinhardt,TANK,48.8,6.3
Competitive,Champion,ilios,Roadhog,TANK,53.4,14.0
Competitive,Champion,ilios,Sigma,TANK,50.6,7.6
Competitive,Champion,ilios,Sojourn,DAMAGE,44.5,11.5
Competitive,Champion,ilios,Soldier: 76,DAMAGE,47.4,14.8
Competitive,Champion,ilios,Sombra,DAMAGE,49.4,4.0
Competitive,Champion,ilios,Symmetra,DAMAGE,55.5,4.2
Competitive,Champion,ilios,Torbjörn,DAMAGE,52.9,2.6
Competitive,Champion,ilios,Tracer,DAMAGE,50.0,12.9
Competitive,Champion,ilios,Vendetta,DAMAGE,52.2,4.4
Competitive,Champion,ilios,Venture,DAMAGE,52.3,4.5
Competitive,Champion,ilios,Widowmaker,DAMAGE,45.6,3.1
Competitive,Champion,ilios,Winston,TANK,53.5,12.1
Competitive,Champion,ilios,Wrecking Ball,TANK,48.4,3.7
Competitive,Champion,ilios,Wuyang,SUPPORT,52.2,12.6
Competitive,Champion,ilios,Zarya,TANK,46.6,6.8
Competitive,Champion,ilios,Zenyatta,SUPPORT,52.0,8.4
Competitive,Champion,nepal,Ana,SUPPORT,47.1,42.7
Competitive,Champion,nepal,Anran,DAMAGE,50.8,12.3
Competitive,Champion,nepal,Ashe,DAMAGE,48.3,7.0
Competitive,Champion,nepal,Baptiste,SUPPORT,45.8,5.9
Competitive,Champion,nepal,Bastion,DAMAGE,48.1,6.7
Competitive,Champion,nepal,Brigitte,SUPPORT,49.7,3.9
Competitive,Champion,nepal,Cassidy,DAMAGE,46.8,26.2
Competitive,Champion,nepal,D.Va,TANK,45.8,6.8
Competitive,Champion,nepal,Domina,TANK,53.6,7.9
Competitive,Champion,nepal,Doomfist,TANK,50.2,7.6
Competitive,Champion,nepal,Echo,DAMAGE,50.5,5.4
Competitive,Champion,nepal,Emre,DAMAGE,50.4,18.9
Competitive,Champion,nepal,Freja,DAMAGE,44.8,3.5
Competitive,Champion,nepal,Genji,DAMAGE,50.9,14.7
Competitive,Champion,nepal,Hanzo,DAMAGE,50.0,5.4
Competitive,Champion,nepal,Hazard,TANK,53.6,3.0
Competitive,Champion,nepal,Illari,SUPPORT,53.6,8.7
Competitive,Champion,nepal,Jetpack Cat,SUPPORT,52.5,4.2
Competitive,Champion,nepal,Junker Queen,TANK,52.4,3.1
Competitive,Champion,nepal,Junkrat,DAMAGE,51.9,6.9
Competitive,Champion,nepal,Juno,SUPPORT,50.3,9.8
Competitive,Champion,nepal,Kiriko,SUPPORT,47.9,40.6
Competitive,Champion,nepal,Lifeweaver,SUPPORT,43.8,3.4
Competitive,Champion,nepal,Lúcio,SUPPORT,50.1,7.8
Competitive,Champion,nepal,Mauga,TANK,48.4,4.1
Competitive,Champion,nepal,Mei,DAMAGE,52.1,7.1
Competitive,Champion,nepal,Mercy,SUPPORT,48.3,7.0
Competitive,Champion,nepal,Mizuki,SUPPORT,53.3,19.7
Competitive,Champion,nepal,Moira,SUPPORT,51.2,21.3
Competitive,Champion,nepal,Orisa,TANK,47.6,12.0
Competitive,Champion,nepal,Pharah,DAMAGE,53.6,6.3
Competitive,Champion,nepal,Ramattra,TANK,49.1,5.9
Competitive,Champion,nepal,Reaper,DAMAGE,53.2,14.0
Competitive,Champion,nepal,Reinhardt,TANK,51.9,9.0
Competitive,Champion,nepal,Roadhog,TANK,49.8,9.5
Competitive,Champion,nepal,Sigma,TANK,52.1,10.0
Competitive,Champion,nepal,Sojourn,DAMAGE,46.6,15.3
Competitive,Champion,nepal,Soldier: 76,DAMAGE,48.5,16.1
Competitive,Champion,nepal,Sombra,DAMAGE,48.9,3.4
Competitive,Champion,nepal,Symmetra,DAMAGE,60.6,6.9
Competitive,Champion,nepal,Torbjörn,DAMAGE,50.3,2.6
Competitive,Champion,nepal,Tracer,DAMAGE,48.7,11.9
Competitive,Champion,nepal,Vendetta,DAMAGE,51.8,4.1
Competitive,Champion,nepal,Venture,DAMAGE,51.1,4.3
Competitive,Champion,nepal,Widowmaker,DAMAGE,37.9,1.0
Competitive,Champion,nepal,Winston,TANK,50.4,8.4
Competitive,Champion,nepal,Wrecking Ball,TANK,46.4,3.3
Competitive,Champion,nepal,Wuyang,SUPPORT,52.6,15.0
Competitive,Champion,nepal,Zarya,TANK,49.5,9.3
Competitive,Champion,nepal,Zenyatta,SUPPORT,52.0,10.1
Competitive,Champion,lijiang-tower,Ana,SUPPORT,46.5,42.5
Competitive,Champion,lijiang-tower,Anran,DAMAGE,50.2,11.7
Competitive,Champion,lijiang-tower,Ashe,DAMAGE,45.3,6.0
Competitive,Champion,lijiang-tower,Baptiste,SUPPORT,44.8,5.7
Competitive,Champion,lijiang-tower,Bastion,DAMAGE,48.5,6.7
Competitive,Champion,lijiang-tower,Brigitte,SUPPORT,49.0,4.1
Competitive,Champion,lijiang-tower,Cassidy,DAMAGE,46.4,27.6
Competitive,Champion,lijiang-tower,D.Va,TANK,45.1,6.8
Competitive,Champion,lijiang-tower,Domina,TANK,54.8,7.7
Competitive,Champion,lijiang-tower,Doomfist,TANK,51.4,8.1
Competitive,Champion,lijiang-tower,Echo,DAMAGE,49.0,5.6
Competitive,Champion,lijiang-tower,Emre,DAMAGE,49.2,17.3
Competitive,Champion,lijiang-tower,Freja,DAMAGE,45.5,3.4
Competitive,Champion,lijiang-tower,Genji,DAMAGE,51.3,13.4
Competitive,Champion,lijiang-tower,Hanzo,DAMAGE,49.5,5.3
Competitive,Champion,lijiang-tower,Hazard,TANK,52.7,2.8
Competitive,Champion,lijiang-tower,Illari,SUPPORT,53.8,8.3
Competitive,Champion,lijiang-tower,Jetpack Cat,SUPPORT,51.2,5.0
Competitive,Champion,lijiang-tower,Junker Queen,TANK,51.9,3.1
Competitive,Champion,lijiang-tower,Junkrat,DAMAGE,50.8,7.8
Competitive,Champion,lijiang-tower,Juno,SUPPORT,50.3,9.1
Competitive,Champion,lijiang-tower,Kiriko,SUPPORT,48.5,39.6
Competitive,Champion,lijiang-tower,Lifeweaver,SUPPORT,43.3,3.1
Competitive,Champion,lijiang-tower,Lúcio,SUPPORT,53.3,11.1
Competitive,Champion,lijiang-tower,Mauga,TANK,47.6,4.0
Competitive,Champion,lijiang-tower,Mei,DAMAGE,51.4,6.8
Competitive,Champion,lijiang-tower,Mercy,SUPPORT,47.0,7.0
Competitive,Champion,lijiang-tower,Mizuki,SUPPORT,53.6,19.9
Competitive,Champion,lijiang-tower,Moira,SUPPORT,51.5,20.4
Competitive,Champion,lijiang-tower,Orisa,TANK,47.7,12.6
Competitive,Champion,lijiang-tower,Pharah,DAMAGE,57.7,10.8
Competitive,Champion,lijiang-tower,Ramattra,TANK,48.5,5.7
Competitive,Champion,lijiang-tower,Reaper,DAMAGE,52.9,13.1
Competitive,Champion,lijiang-tower,Reinhardt,TANK,52.9,9.6
Competitive,Champion,lijiang-tower,Roadhog,TANK,48.4,8.3
Competitive,Champion,lijiang-tower,Sigma,TANK,50.5,8.7
Competitive,Champion,lijiang-tower,Sojourn,DAMAGE,45.8,14.1
Competitive,Champion,lijiang-tower,Soldier: 76,DAMAGE,47.8,15.1
Competitive,Champion,lijiang-tower,Sombra,DAMAGE,47.5,3.2
Competitive,Champion,lijiang-tower,Symmetra,DAMAGE,61.8,7.8
Competitive,Champion,lijiang-tower,Torbjörn,DAMAGE,52.8,2.4
Competitive,Champion,lijiang-tower,Tracer,DAMAGE,49.4,12.4
Competitive,Champion,lijiang-tower,Vendetta,DAMAGE,52.4,4.1
Competitive,Champion,lijiang-tower,Venture,DAMAGE,52.2,4.3
Competitive,Champion,lijiang-tower,Widowmaker,DAMAGE,36.4,1.0
Competitive,Champion,lijiang-tower,Winston,TANK,50.7,8.2
Competitive,Champion,lijiang-tower,Wrecking Ball,TANK,50.8,4.5
Competitive,Champion,lijiang-tower,Wuyang,SUPPORT,51.3,14.4
Competitive,Champion,lijiang-tower,Zarya,TANK,49.3,9.9
Competitive,Champion,lijiang-tower,Zenyatta,SUPPORT,51.6,9.6
Competitive,Champion,oasis,Ana,SUPPORT,47.9,40.5
Competitive,Champion,oasis,Anran,DAMAGE,51.5,12.0
Competitive,Champion,oasis,Ashe,DAMAGE,47.3,6.0
Competitive,Champion,oasis,Baptiste,SUPPORT,45.8,6.3
Competitive,Champion,oasis,Bastion,DAMAGE,48.2,6.5
Competitive,Champion,oasis,Brigitte,SUPPORT,47.6,4.6
Competitive,Champion,oasis,Cassidy,DAMAGE,49.1,31.8
Competitive,Champion,oasis,D.Va,TANK,47.6,8.3
Competitive,Champion,oasis,Domina,TANK,52.1,7.5
Competitive,Champion,oasis,Doomfist,TANK,50.0,7.2
Competitive,Champion,oasis,Echo,DAMAGE,51.4,5.6
Competitive,Champion,oasis,Emre,DAMAGE,50.4,18.1
Competitive,Champion,oasis,Freja,DAMAGE,46.5,3.5
Competitive,Champion,oasis,Genji,DAMAGE,50.5,14.1
Competitive,Champion,oasis,Hanzo,DAMAGE,47.7,4.8
Competitive,Champion,oasis,Hazard,TANK,53.8,3.4
Competitive,Champion,oasis,Illari,SUPPORT,54.5,8.6
Competitive,Champion,oasis,Jetpack Cat,SUPPORT,50.9,4.2
Competitive,Champion,oasis,Junker Queen,TANK,52.0,3.5
Competitive,Champion,oasis,Junkrat,DAMAGE,48.2,4.6
Competitive,Champion,oasis,Juno,SUPPORT,49.3,9.6
Competitive,Champion,oasis,Kiriko,SUPPORT,49.0,42.9
Competitive,Champion,oasis,Lifeweaver,SUPPORT,41.7,3.3
Competitive,Champion,oasis,Lúcio,SUPPORT,48.5,6.6
Competitive,Champion,oasis,Mauga,TANK,47.3,4.3
Competitive,Champion,oasis,Mei,DAMAGE,52.1,6.8
Competitive,Champion,oasis,Mercy,SUPPORT,47.4,7.0
Competitive,Champion,oasis,Mizuki,SUPPORT,52.5,20.8
Competitive,Champion,oasis,Moira,SUPPORT,51.1,21.8
Competitive,Champion,oasis,Orisa,TANK,48.0,11.3
Competitive,Champion,oasis,Pharah,DAMAGE,54.5,5.8
Competitive,Champion,oasis,Ramattra,TANK,48.1,5.5
Competitive,Champion,oasis,Reaper,DAMAGE,52.3,14.5
Competitive,Champion,oasis,Reinhardt,TANK,49.1,7.4
Competitive,Champion,oasis,Roadhog,TANK,49.9,8.5
Competitive,Champion,oasis,Sigma,TANK,51.7,9.3
Competitive,Champion,oasis,Sojourn,DAMAGE,44.6,14.3
Competitive,Champion,oasis,Soldier: 76,DAMAGE,50.7,16.6
Competitive,Champion,oasis,Sombra,DAMAGE,49.7,4.0
Competitive,Champion,oasis,Symmetra,DAMAGE,54.4,3.9
Competitive,Champion,oasis,Torbjörn,DAMAGE,52.9,2.9
Competitive,Champion,oasis,Tracer,DAMAGE,50.3,15.1
Competitive,Champion,oasis,Vendetta,DAMAGE,52.1,4.0
Competitive,Champion,oasis,Venture,DAMAGE,51.5,4.3
Competitive,Champion,oasis,Widowmaker,DAMAGE,36.5,0.9
Competitive,Champion,oasis,Winston,TANK,52.5,10.9
Competitive,Champion,oasis,Wrecking Ball,TANK,47.5,3.9
Competitive,Champion,oasis,Wuyang,SUPPORT,53.8,14.4
Competitive,Champion,oasis,Zarya,TANK,50.7,9.0
Competitive,Champion,oasis,Zenyatta,SUPPORT,51.9,9.5
Competitive,Champion,samoa,Ana,SUPPORT,47.8,40.4
Competitive,Champion,samoa,Anran,DAMAGE,50.9,13.0
Competitive,Champion,samoa,Ashe,DAMAGE,48.8,7.4
Competitive,Champion,samoa,Baptiste,SUPPORT,47.5,6.5
Competitive,Champion,samoa,Bastion,DAMAGE,48.8,7.4
Competitive,Champion,samoa,Brigitte,SUPPORT,50.3,4.7
Competitive,Champion,samoa,Cassidy,DAMAGE,48.0,28.8
Competitive,Champion,samoa,D.Va,TANK,45.5,6.6
Competitive,Champion,samoa,Domina,TANK,54.7,8.4
Competitive,Champion,samoa,Doomfist,TANK,48.1,6.7
Competitive,Champion,samoa,Echo,DAMAGE,51.3,4.9
Competitive,Champion,samoa,Emre,DAMAGE,52.8,20.5
Competitive,Champion,samoa,Freja,DAMAGE,46.1,3.3
Competitive,Champion,samoa,Genji,DAMAGE,49.9,11.9
Competitive,Champion,samoa,Hanzo,DAMAGE,46.7,4.7
Competitive,Champion,samoa,Hazard,TANK,52.1,3.1
Competitive,Champion,samoa,Illari,SUPPORT,54.4,9.2
Competitive,Champion,samoa,Jetpack Cat,SUPPORT,48.8,3.6
Competitive,Champion,samoa,Junker Queen,TANK,52.9,3.7
Competitive,Champion,samoa,Junkrat,DAMAGE,50.2,4.5
Competitive,Champion,samoa,Juno,SUPPORT,50.9,10.1
Competitive,Champion,samoa,Kiriko,SUPPORT,47.7,43.2
Competitive,Champion,samoa,Lifeweaver,SUPPORT,44.6,3.2
Competitive,Champion,samoa,Lúcio,SUPPORT,50.4,5.7
Competitive,Champion,samoa,Mauga,TANK,49.2,5.1
Competitive,Champion,samoa,Mei,DAMAGE,51.1,6.8
Competitive,Champion,samoa,Mercy,SUPPORT,46.5,5.6
Competitive,Champion,samoa,Mizuki,SUPPORT,53.3,20.6
Competitive,Champion,samoa,Moira,SUPPORT,50.9,22.2
Competitive,Champion,samoa,Orisa,TANK,47.0,11.6
Competitive,Champion,samoa,Pharah,DAMAGE,49.9,4.6
Competitive,Champion,samoa,Ramattra,TANK,49.6,6.4
Competitive,Champion,samoa,Reaper,DAMAGE,53.5,14.4
Competitive,Champion,samoa,Reinhardt,TANK,51.2,7.8
Competitive,Champion,samoa,Roadhog,TANK,49.3,7.7
Competitive,Champion,samoa,Sigma,TANK,53.2,11.1
Competitive,Champion,samoa,Sojourn,DAMAGE,45.9,17.0
Competitive,Champion,samoa,Soldier: 76,DAMAGE,49.1,14.6
Competitive,Champion,samoa,Sombra,DAMAGE,48.9,4.0
Competitive,Champion,samoa,Symmetra,DAMAGE,56.1,4.4
Competitive,Champion,samoa,Torbjörn,DAMAGE,53.0,3.3
Competitive,Champion,samoa,Tracer,DAMAGE,50.9,15.7
Competitive,Champion,samoa,Vendetta,DAMAGE,51.2,3.6
Competitive,Champion,samoa,Venture,DAMAGE,51.7,4.2
Competitive,Champion,samoa,Widowmaker,DAMAGE,36.7,0.9
Competitive,Champion,samoa,Winston,TANK,50.0,9.5
Competitive,Champion,samoa,Wrecking Ball,TANK,46.9,3.4
Competitive,Champion,samoa,Wuyang,SUPPORT,52.3,15.3
Competitive,Champion,samoa,Zarya,TANK,50.4,8.8
Competitive,Champion,samoa,Zenyatta,SUPPORT,51.1,9.7
Competitive,Champion,busan,Ana,SUPPORT,47.5,42.1
Competitive,Champion,busan,Anran,DAMAGE,49.7,11.5
Competitive,Champion,busan,Ashe,DAMAGE,50.0,10.2
Competitive,Champion,busan,Baptiste,SUPPORT,47.1,5.9
Competitive,Champion,busan,Bastion,DAMAGE,48.3,6.9
Competitive,Champion,busan,Brigitte,SUPPORT,49.0,4.2
Competitive,Champion,busan,Cassidy,DAMAGE,48.2,26.4
Competitive,Champion,busan,D.Va,TANK,47.6,9.0
Competitive,Champion,busan,Domina,TANK,52.9,7.5
Competitive,Champion,busan,Doomfist,TANK,49.4,6.6
Competitive,Champion,busan,Echo,DAMAGE,49.2,4.4
Competitive,Champion,busan,Emre,DAMAGE,53.0,20.2
Competitive,Champion,busan,Freja,DAMAGE,46.8,3.7
Competitive,Champion,busan,Genji,DAMAGE,50.6,13.9
Competitive,Champion,busan,Hanzo,DAMAGE,48.9,5.1
Competitive,Champion,busan,Hazard,TANK,52.6,3.2
Competitive,Champion,busan,Illari,SUPPORT,54.7,8.5
Competitive,Champion,busan,Jetpack Cat,SUPPORT,49.2,4.2
Competitive,Champion,busan,Junker Queen,TANK,50.6,3.1
Competitive,Champion,busan,Junkrat,DAMAGE,48.3,4.7
Competitive,Champion,busan,Juno,SUPPORT,50.9,10.6
Competitive,Champion,busan,Kiriko,SUPPORT,48.1,42.8
Competitive,Champion,busan,Lifeweaver,SUPPORT,45.0,3.4
Competitive,Champion,busan,Lúcio,SUPPORT,47.4,5.6
Competitive,Champion,busan,Mauga,TANK,49.2,4.2
Competitive,Champion,busan,Mei,DAMAGE,50.3,6.6
Competitive,Champion,busan,Mercy,SUPPORT,48.4,7.2
Competitive,Champion,busan,Mizuki,SUPPORT,52.4,19.2
Competitive,Champion,busan,Moira,SUPPORT,51.8,22.2
Competitive,Champion,busan,Orisa,TANK,48.1,10.9
Competitive,Champion,busan,Pharah,DAMAGE,50.4,3.8
Competitive,Champion,busan,Ramattra,TANK,48.2,5.8
Competitive,Champion,busan,Reaper,DAMAGE,50.9,13.6
Competitive,Champion,busan,Reinhardt,TANK,50.4,7.6
Competitive,Champion,busan,Roadhog,TANK,48.8,7.4
Competitive,Champion,busan,Sigma,TANK,51.0,10.1
Competitive,Champion,busan,Sojourn,DAMAGE,45.8,14.6
Competitive,Champion,busan,Soldier: 76,DAMAGE,51.3,18.9
Competitive,Champion,busan,Sombra,DAMAGE,48.8,4.3
Competitive,Champion,busan,Symmetra,DAMAGE,54.6,3.4
Competitive,Champion,busan,Torbjörn,DAMAGE,55.0,3.1
Competitive,Champion,busan,Tracer,DAMAGE,50.0,13.7
Competitive,Champion,busan,Vendetta,DAMAGE,51.7,3.8
Competitive,Champion,busan,Venture,DAMAGE,52.9,3.8
Competitive,Champion,busan,Widowmaker,DAMAGE,49.2,3.3
Competitive,Champion,busan,Winston,TANK,52.8,12.1
Competitive,Champion,busan,Wrecking Ball,TANK,48.9,3.9
Competitive,Champion,busan,Wuyang,SUPPORT,53.1,14.3
Competitive,Champion,busan,Zarya,TANK,49.8,8.4
Competitive,Champion,busan,Zenyatta,SUPPORT,51.3,9.9
Competitive,Champion,route-66,Ana,SUPPORT,51.0,47.6
Competitive,Champion,route-66,Anran,DAMAGE,53.7,8.5
Competitive,Champion,route-66,Ashe,DAMAGE,51.8,16.9
Competitive,Champion,route-66,Baptiste,SUPPORT,45.1,7.7
Competitive,Champion,route-66,Bastion,DAMAGE,46.3,9.6
Competitive,Champion,route-66,Brigitte,SUPPORT,46.7,3.1
Competitive,Champion,route-66,Cassidy,DAMAGE,46.9,20.0
Competitive,Champion,route-66,D.Va,TANK,49.3,10.4
Competitive,Champion,route-66,Domina,TANK,52.5,7.5
Competitive,Champion,route-66,Doomfist,TANK,50.6,5.5
Competitive,Champion,route-66,Echo,DAMAGE,52.2,5.5
Competitive,Champion,route-66,Emre,DAMAGE,51.2,20.9
Competitive,Champion,route-66,Freja,DAMAGE,49.9,5.6
Competitive,Champion,route-66,Genji,DAMAGE,53.3,14.0
Competitive,Champion,route-66,Hanzo,DAMAGE,49.8,7.1
Competitive,Champion,route-66,Hazard,TANK,54.5,2.8
Competitive,Champion,route-66,Illari,SUPPORT,54.4,14.1
Competitive,Champion,route-66,Jetpack Cat,SUPPORT,50.4,3.9
Competitive,Champion,route-66,Junker Queen,TANK,47.6,1.9
Competitive,Champion,route-66,Junkrat,DAMAGE,47.8,5.3
Competitive,Champion,route-66,Juno,SUPPORT,50.1,10.9
Competitive,Champion,route-66,Kiriko,SUPPORT,48.1,38.3
Competitive,Champion,route-66,Lifeweaver,SUPPORT,46.0,4.4
Competitive,Champion,route-66,Lúcio,SUPPORT,44.6,3.9
Competitive,Champion,route-66,Mauga,TANK,46.2,3.3
Competitive,Champion,route-66,Mei,DAMAGE,51.2,7.0
Competitive,Champion,route-66,Mercy,SUPPORT,49.8,10.1
Competitive,Champion,route-66,Mizuki,SUPPORT,52.4,14.2
Competitive,Champion,route-66,Moira,SUPPORT,46.8,16.6
Competitive,Champion,route-66,Orisa,TANK,46.1,10.2
Competitive,Champion,route-66,Pharah,DAMAGE,50.5,5.0
Competitive,Champion,route-66,Ramattra,TANK,45.9,5.1
Competitive,Champion,route-66,Reaper,DAMAGE,50.8,13.4
Competitive,Champion,route-66,Reinhardt,TANK,47.5,6.4
Competitive,Champion,route-66,Roadhog,TANK,46.9,6.8
Competitive,Champion,route-66,Sigma,TANK,53.1,16.1
Competitive,Champion,route-66,Sojourn,DAMAGE,45.2,14.4
Competitive,Champion,route-66,Soldier: 76,DAMAGE,48.6,17.8
Competitive,Champion,route-66,Sombra,DAMAGE,50.6,3.4
Competitive,Champion,route-66,Symmetra,DAMAGE,49.6,2.8
Competitive,Champion,route-66,Torbjörn,DAMAGE,50.8,4.2
Competitive,Champion,route-66,Tracer,DAMAGE,49.6,6.7
Competitive,Champion,route-66,Vendetta,DAMAGE,52.9,3.2
Competitive,Champion,route-66,Venture,DAMAGE,53.6,3.6
Competitive,Champion,route-66,Widowmaker,DAMAGE,50.8,5.0
Competitive,Champion,route-66,Winston,TANK,53.5,13.9
Competitive,Champion,route-66,Wrecking Ball,TANK,52.4,3.1
Competitive,Champion,route-66,Wuyang,SUPPORT,53.4,13.2
Competitive,Champion,route-66,Zarya,TANK,48.7,7.0
Competitive,Champion,route-66,Zenyatta,SUPPORT,52.0,11.9
Competitive,Champion,havana,Ana,SUPPORT,51.7,51.5
Competitive,Champion,havana,Anran,DAMAGE,51.1,7.5
Competitive,Champion,havana,Ashe,DAMAGE,52.4,18.4
Competitive,Champion,havana,Baptiste,SUPPORT,46.0,7.5
Competitive,Champion,havana,Bastion,DAMAGE,47.7,9.5
Competitive,Champion,havana,Brigitte,SUPPORT,45.8,1.9
Competitive,Champion,havana,Cassidy,DAMAGE,47.0,16.0
Competitive,Champion,havana,D.Va,TANK,48.6,7.8
Competitive,Champion,havana,Domina,TANK,54.7,8.9
Competitive,Champion,havana,Doomfist,TANK,49.9,4.9
Competitive,Champion,havana,Echo,DAMAGE,49.1,3.4
Competitive,Champion,havana,Emre,DAMAGE,53.0,21.7
Competitive,Champion,havana,Freja,DAMAGE,48.0,5.3
Competitive,Champion,havana,Genji,DAMAGE,52.1,12.9
Competitive,Champion,havana,Hanzo,DAMAGE,51.9,10.0
Competitive,Champion,havana,Hazard,TANK,49.2,1.8
Competitive,Champion,havana,Illari,SUPPORT,53.7,15.0
Competitive,Champion,havana,Jetpack Cat,SUPPORT,49.8,3.3
Competitive,Champion,havana,Junker Queen,TANK,48.3,1.8
Competitive,Champion,havana,Junkrat,DAMAGE,46.1,5.0
Competitive,Champion,havana,Juno,SUPPORT,49.3,9.9
Competitive,Champion,havana,Kiriko,SUPPORT,47.8,37.4
Competitive,Champion,havana,Lifeweaver,SUPPORT,46.9,4.3
Competitive,Champion,havana,Lúcio,SUPPORT,44.9,3.3
Competitive,Champion,havana,Mauga,TANK,46.0,3.3
Competitive,Champion,havana,Mei,DAMAGE,50.7,7.4
Competitive,Champion,havana,Mercy,SUPPORT,47.8,9.2
Competitive,Champion,havana,Mizuki,SUPPORT,51.2,12.9
Competitive,Champion,havana,Moira,SUPPORT,45.6,15.4
Competitive,Champion,havana,Orisa,TANK,48.1,11.4
Competitive,Champion,havana,Pharah,DAMAGE,48.8,3.4
Competitive,Champion,havana,Ramattra,TANK,47.9,6.3
Competitive,Champion,havana,Reaper,DAMAGE,48.0,11.1
Competitive,Champion,havana,Reinhardt,TANK,46.3,7.1
Competitive,Champion,havana,Roadhog,TANK,45.3,6.1
Competitive,Champion,havana,Sigma,TANK,56.1,20.6
Competitive,Champion,havana,Sojourn,DAMAGE,45.8,16.0
Competitive,Champion,havana,Soldier: 76,DAMAGE,48.6,17.2
Competitive,Champion,havana,Sombra,DAMAGE,50.9,3.6
Competitive,Champion,havana,Symmetra,DAMAGE,50.2,2.8
Competitive,Champion,havana,Torbjörn,DAMAGE,51.0,4.5
Competitive,Champion,havana,Tracer,DAMAGE,48.1,6.3
Competitive,Champion,havana,Vendetta,DAMAGE,53.6,2.8
Competitive,Champion,havana,Venture,DAMAGE,51.2,3.0
Competitive,Champion,havana,Widowmaker,DAMAGE,54.3,12.3
Competitive,Champion,havana,Winston,TANK,49.2,10.1
Competitive,Champion,havana,Wrecking Ball,TANK,49.6,2.6
Competitive,Champion,havana,Wuyang,SUPPORT,53.6,12.9
Competitive,Champion,havana,Zarya,TANK,48.1,7.3
Competitive,Champion,havana,Zenyatta,SUPPORT,54.3,15.5
Competitive,Champion,junkertown,Ana,SUPPORT,52.0,49.3
Competitive,Champion,junkertown,Anran,DAMAGE,53.5,8.1
Competitive,Champion,junkertown,Ashe,DAMAGE,53.7,17.5
Competitive,Champion,junkertown,Baptiste,SUPPORT,45.5,7.7
Competitive,Champion,junkertown,Bastion,DAMAGE,47.7,9.5
Competitive,Champion,junkertown,Brigitte,SUPPORT,47.1,2.8
Competitive,Champion,junkertown,Cassidy,DAMAGE,48.2,19.5
Competitive,Champion,junkertown,D.Va,TANK,49.5,8.9
Competitive,Champion,junkertown,Domina,TANK,53.8,7.6
Competitive,Champion,junkertown,Doomfist,TANK,51.3,5.3
Competitive,Champion,junkertown,Echo,DAMAGE,52.3,4.3
Competitive,Champion,junkertown,Emre,DAMAGE,51.6,21.5
Competitive,Champion,junkertown,Freja,DAMAGE,48.8,5.2
Competitive,Champion,junkertown,Genji,DAMAGE,50.6,13.0
Competitive,Champion,junkertown,Hanzo,DAMAGE,49.4,7.6
Competitive,Champion,junkertown,Hazard,TANK,52.8,2.4
Competitive,Champion,junkertown,Illari,SUPPORT,55.2,13.9
Competitive,Champion,junkertown,Jetpack Cat,SUPPORT,50.3,3.5
Competitive,Champion,junkertown,Junker Queen,TANK,45.8,2.1
Competitive,Champion,junkertown,Junkrat,DAMAGE,45.4,4.9
Competitive,Champion,junkertown,Juno,SUPPORT,49.6,10.5
Competitive,Champion,junkertown,Kiriko,SUPPORT,48.6,38.5
Competitive,Champion,junkertown,Lifeweaver,SUPPORT,44.6,4.3
Competitive,Champion,junkertown,Lúcio,SUPPORT,41.6,3.5
Competitive,Champion,junkertown,Mauga,TANK,48.1,3.6
Competitive,Champion,junkertown,Mei,DAMAGE,49.8,6.7
Competitive,Champion,junkertown,Mercy,SUPPORT,48.1,9.2
Competitive,Champion,junkertown,Mizuki,SUPPORT,50.7,13.7
Competitive,Champion,junkertown,Moira,SUPPORT,46.9,16.7
Competitive,Champion,junkertown,Orisa,TANK,46.2,10.9
Competitive,Champion,junkertown,Pharah,DAMAGE,50.0,4.0
Competitive,Champion,junkertown,Ramattra,TANK,45.1,5.3
Competitive,Champion,junkertown,Reaper,DAMAGE,49.6,12.0
Competitive,Champion,junkertown,Reinhardt,TANK,47.8,6.5
Competitive,Champion,junkertown,Roadhog,TANK,46.7,7.0
Competitive,Champion,junkertown,Sigma,TANK,54.7,18.4
Competitive,Champion,junkertown,Sojourn,DAMAGE,45.6,14.6
Competitive,Champion,junkertown,Soldier: 76,DAMAGE,49.4,18.7
Competitive,Champion,junkertown,Sombra,DAMAGE,50.4,3.8
Competitive,Champion,junkertown,Symmetra,DAMAGE,49.5,2.5
Competitive,Champion,junkertown,Torbjörn,DAMAGE,46.6,4.2
Competitive,Champion,junkertown,Tracer,DAMAGE,49.3,7.0
Competitive,Champion,junkertown,Vendetta,DAMAGE,53.0,3.0
Competitive,Champion,junkertown,Venture,DAMAGE,52.8,3.3
Competitive,Champion,junkertown,Widowmaker,DAMAGE,53.9,9.1
Competitive,Champion,junkertown,Winston,TANK,52.3,12.1
Competitive,Champion,junkertown,Wrecking Ball,TANK,51.2,3.4
Competitive,Champion,junkertown,Wuyang,SUPPORT,52.8,13.2
Competitive,Champion,junkertown,Zarya,TANK,46.9,6.7
Competitive,Champion,junkertown,Zenyatta,SUPPORT,53.2,13.2
Competitive,Champion,dorado,Ana,SUPPORT,51.0,45.3
Competitive,Champion,dorado,Anran,DAMAGE,53.1,8.5
Competitive,Champion,dorado,Ashe,DAMAGE,52.4,14.6
Competitive,Champion,dorado,Baptiste,SUPPORT,44.1,7.8
Competitive,Champion,dorado,Bastion,DAMAGE,46.1,8.6
Competitive,Champion,dorado,Brigitte,SUPPORT,47.2,3.9
Competitive,Champion,dorado,Cassidy,DAMAGE,46.6,20.4
Competitive,Champion,dorado,D.Va,TANK,50.5,13.4
Competitive,Champion,dorado,Domina,TANK,50.3,6.7
Competitive,Champion,dorado,Doomfist,TANK,52.1,6.0
Competitive,Champion,dorado,Echo,DAMAGE,53.8,8.0
Competitive,Champion,dorado,Emre,DAMAGE,51.7,20.1
Competitive,Champion,dorado,Freja,DAMAGE,48.5,5.2
Competitive,Champion,dorado,Genji,DAMAGE,53.2,15.7
Competitive,Champion,dorado,Hanzo,DAMAGE,49.8,6.0
Competitive,Champion,dorado,Hazard,TANK,53.7,3.4
Competitive,Champion,dorado,Illari,SUPPORT,52.6,13.4
Competitive,Champion,dorado,Jetpack Cat,SUPPORT,50.3,4.6
Competitive,Champion,dorado,Junker Queen,TANK,48.5,1.7
Competitive,Champion,dorado,Junkrat,DAMAGE,48.6,6.0
Competitive,Champion,dorado,Juno,SUPPORT,49.7,10.3
Competitive,Champion,dorado,Kiriko,SUPPORT,49.4,42.2
Competitive,Champion,dorado,Lifeweaver,SUPPORT,46.6,4.5
Competitive,Champion,dorado,Lúcio,SUPPORT,45.8,4.0
Competitive,Champion,dorado,Mauga,TANK,48.7,3.1
Competitive,Champion,dorado,Mei,DAMAGE,49.5,6.7
Competitive,Champion,dorado,Mercy,SUPPORT,49.6,9.9
Competitive,Champion,dorado,Mizuki,SUPPORT,51.8,14.1
Competitive,Champion,dorado,Moira,SUPPORT,48.0,17.2
Competitive,Champion,dorado,Orisa,TANK,45.2,9.4
Competitive,Champion,dorado,Pharah,DAMAGE,53.6,6.0
Competitive,Champion,dorado,Ramattra,TANK,46.2,4.5
Competitive,Champion,dorado,Reaper,DAMAGE,50.6,15.9
Competitive,Champion,dorado,Reinhardt,TANK,47.6,6.0
Competitive,Champion,dorado,Roadhog,TANK,45.1,6.5
Competitive,Champion,dorado,Sigma,TANK,50.9,13.0
Competitive,Champion,dorado,Sojourn,DAMAGE,44.7,12.4
Competitive,Champion,dorado,Soldier: 76,DAMAGE,48.1,17.7
Competitive,Champion,dorado,Sombra,DAMAGE,46.9,3.4
Competitive,Champion,dorado,Symmetra,DAMAGE,52.2,3.9
Competitive,Champion,dorado,Torbjörn,DAMAGE,50.7,4.0
Competitive,Champion,dorado,Tracer,DAMAGE,49.2,6.7
Competitive,Champion,dorado,Vendetta,DAMAGE,51.6,3.4
Competitive,Champion,dorado,Venture,DAMAGE,53.0,3.6
Competitive,Champion,dorado,Widowmaker,DAMAGE,47.6,3.1
Competitive,Champion,dorado,Winston,TANK,55.3,16.9
Competitive,Champion,dorado,Wrecking Ball,TANK,53.9,3.2
Competitive,Champion,dorado,Wuyang,SUPPORT,53.5,12.8
Competitive,Champion,dorado,Zarya,TANK,46.7,6.3
Competitive,Champion,dorado,Zenyatta,SUPPORT,51.6,10.0
Competitive,Champion,watchpoint-gibraltar,Ana,SUPPORT,50.9,46.5
Competitive,Champion,watchpoint-gibraltar,Anran,DAMAGE,51.9,8.0
Competitive,Champion,watchpoint-gibraltar,Ashe,DAMAGE,52.8,16.6
Competitive,Champion,watchpoint-gibraltar,Baptiste,SUPPORT,46.8,7.7
Competitive,Champion,watchpoint-gibraltar,Bastion,DAMAGE,46.6,8.7
Competitive,Champion,watchpoint-gibraltar,Brigitte,SUPPORT,47.8,3.9
Competitive,Champion,watchpoint-gibraltar,Cassidy,DAMAGE,47.5,19.3
Competitive,Champion,watchpoint-gibraltar,D.Va,TANK,51.6,14.6
Competitive,Champion,watchpoint-gibraltar,Domina,TANK,52.0,6.0
Competitive,Champion,watchpoint-gibraltar,Doomfist,TANK,51.5,6.0
Competitive,Champion,watchpoint-gibraltar,Echo,DAMAGE,52.8,7.0
Competitive,Champion,watchpoint-gibraltar,Emre,DAMAGE,50.9,20.5
Competitive,Champion,watchpoint-gibraltar,Freja,DAMAGE,49.0,5.5
Competitive,Champion,watchpoint-gibraltar,Genji,DAMAGE,53.7,16.1
Competitive,Champion,watchpoint-gibraltar,Hanzo,DAMAGE,48.2,6.7
Competitive,Champion,watchpoint-gibraltar,Hazard,TANK,53.5,3.5
Competitive,Champion,watchpoint-gibraltar,Illari,SUPPORT,53.1,12.3
Competitive,Champion,watchpoint-gibraltar,Jetpack Cat,SUPPORT,51.7,4.9
Competitive,Champion,watchpoint-gibraltar,Junker Queen,TANK,48.6,1.5
Competitive,Champion,watchpoint-gibraltar,Junkrat,DAMAGE,47.4,4.9
Competitive,Champion,watchpoint-gibraltar,Juno,SUPPORT,50.1,11.1
Competitive,Champion,watchpoint-gibraltar,Kiriko,SUPPORT,49.7,42.9
Competitive,Champion,watchpoint-gibraltar,Lifeweaver,SUPPORT,44.8,5.0
Competitive,Champion,watchpoint-gibraltar,Lúcio,SUPPORT,44.7,3.8
Competitive,Champion,watchpoint-gibraltar,Mauga,TANK,49.7,3.1
Competitive,Champion,watchpoint-gibraltar,Mei,DAMAGE,48.9,5.8
Competitive,Champion,watchpoint-gibraltar,Mercy,SUPPORT,48.3,10.7
Competitive,Champion,watchpoint-gibraltar,Mizuki,SUPPORT,52.0,13.3
Competitive,Champion,watchpoint-gibraltar,Moira,SUPPORT,47.8,16.1
Competitive,Champion,watchpoint-gibraltar,Orisa,TANK,46.1,9.0
Competitive,Champion,watchpoint-gibraltar,Pharah,DAMAGE,52.5,4.6
Competitive,Champion,watchpoint-gibraltar,Ramattra,TANK,45.9,3.9
Competitive,Champion,watchpoint-gibraltar,Reaper,DAMAGE,51.3,14.7
Competitive,Champion,watchpoint-gibraltar,Reinhardt,TANK,46.2,5.3
Competitive,Champion,watchpoint-gibraltar,Roadhog,TANK,44.7,6.5
Competitive,Champion,watchpoint-gibraltar,Sigma,TANK,50.9,11.9
Competitive,Champion,watchpoint-gibraltar,Sojourn,DAMAGE,44.6,12.0
Competitive,Champion,watchpoint-gibraltar,Soldier: 76,DAMAGE,48.5,18.7
Competitive,Champion,watchpoint-gibraltar,Sombra,DAMAGE,48.2,3.6
Competitive,Champion,watchpoint-gibraltar,Symmetra,DAMAGE,50.9,2.9
Competitive,Champion,watchpoint-gibraltar,Torbjörn,DAMAGE,48.0,3.8
Competitive,Champion,watchpoint-gibraltar,Tracer,DAMAGE,50.4,7.7
Competitive,Champion,watchpoint-gibraltar,Vendetta,DAMAGE,53.7,3.6
Competitive,Champion,watchpoint-gibraltar,Venture,DAMAGE,53.4,3.5
Competitive,Champion,watchpoint-gibraltar,Widowmaker,DAMAGE,50.4,5.5
Competitive,Champion,watchpoint-gibraltar,Winston,TANK,54.2,19.5
Competitive,Champion,watchpoint-gibraltar,Wrecking Ball,TANK,51.6,3.4
Competitive,Champion,watchpoint-gibraltar,Wuyang,SUPPORT,54.0,12.0
Competitive,Champion,watchpoint-gibraltar,Zarya,TANK,45.6,5.9
Competitive,Champion,watchpoint-gibraltar,Zenyatta,SUPPORT,50.3,9.8
Competitive,Champion,circuit-royal,Ana,SUPPORT,50.8,52.5
Competitive,Champion,circuit-royal,Anran,DAMAGE,51.0,6.7
Competitive,Champion,circuit-royal,Ashe,DAMAGE,52.2,20.6
Competitive,Champion,circuit-royal,Baptiste,SUPPORT,47.5,9.6
Competitive,Champion,circuit-royal,Bastion,DAMAGE,49.1,10.2
Competitive,Champion,circuit-royal,Brigitte,SUPPORT,44.3,1.6
Competitive,Champion,circuit-royal,Cassidy,DAMAGE,46.4,14.2
Competitive,Champion,circuit-royal,D.Va,TANK,45.0,5.8
Competitive,Champion,circuit-royal,Domina,TANK,55.6,9.1
Competitive,Champion,circuit-royal,Doomfist,TANK,50.8,5.1
Competitive,Champion,circuit-royal,Echo,DAMAGE,51.4,4.7
Competitive,Champion,circuit-royal,Emre,DAMAGE,52.2,23.7
Competitive,Champion,circuit-royal,Freja,DAMAGE,48.9,6.6
Competitive,Champion,circuit-royal,Genji,DAMAGE,51.0,11.8
Competitive,Champion,circuit-royal,Hanzo,DAMAGE,50.2,10.2
Competitive,Champion,circuit-royal,Hazard,TANK,47.0,1.5
Competitive,Champion,circuit-royal,Illari,SUPPORT,54.1,17.8
Competitive,Champion,circuit-royal,Jetpack Cat,SUPPORT,49.6,3.5
Competitive,Champion,circuit-royal,Junker Queen,TANK,45.2,1.5
Competitive,Champion,circuit-royal,Junkrat,DAMAGE,48.0,5.4
Competitive,Champion,circuit-royal,Juno,SUPPORT,51.3,10.3
Competitive,Champion,circuit-royal,Kiriko,SUPPORT,46.4,33.2
Competitive,Champion,circuit-royal,Lifeweaver,SUPPORT,43.0,4.3
Competitive,Champion,circuit-royal,Lúcio,SUPPORT,42.8,3.0
Competitive,Champion,circuit-royal,Mauga,TANK,45.2,3.0
Competitive,Champion,circuit-royal,Mei,DAMAGE,52.1,7.9
Competitive,Champion,circuit-royal,Mercy,SUPPORT,49.0,8.6
Competitive,Champion,circuit-royal,Mizuki,SUPPORT,52.5,12.1
Competitive,Champion,circuit-royal,Moira,SUPPORT,47.1,13.9
Competitive,Champion,circuit-royal,Orisa,TANK,45.9,10.6
Competitive,Champion,circuit-royal,Pharah,DAMAGE,51.7,5.6
Competitive,Champion,circuit-royal,Ramattra,TANK,47.4,7.0
Competitive,Champion,circuit-royal,Reaper,DAMAGE,49.9,9.1
Competitive,Champion,circuit-royal,Reinhardt,TANK,48.4,7.3
Competitive,Champion,circuit-royal,Roadhog,TANK,41.5,4.6
Competitive,Champion,circuit-royal,Sigma,TANK,59.5,25.2
Competitive,Champion,circuit-royal,Sojourn,DAMAGE,46.8,18.0
Competitive,Champion,circuit-royal,Soldier: 76,DAMAGE,47.8,15.0
Competitive,Champion,circuit-royal,Sombra,DAMAGE,50.2,2.9
Competitive,Champion,circuit-royal,Symmetra,DAMAGE,50.9,2.8
Competitive,Champion,circuit-royal,Torbjörn,DAMAGE,49.9,4.1
Competitive,Champion,circuit-royal,Tracer,DAMAGE,44.4,4.1
Competitive,Champion,circuit-royal,Vendetta,DAMAGE,51.1,2.5
Competitive,Champion,circuit-royal,Venture,DAMAGE,49.7,2.9
Competitive,Champion,circuit-royal,Widowmaker,DAMAGE,54.7,10.9
Competitive,Champion,circuit-royal,Winston,TANK,45.5,8.9
Competitive,Champion,circuit-royal,Wrecking Ball,TANK,49.2,2.7
Competitive,Champion,circuit-royal,Wuyang,SUPPORT,51.9,13.3
Competitive,Champion,circuit-royal,Zarya,TANK,48.7,7.6
Competitive,Champion,circuit-royal,Zenyatta,SUPPORT,54.7,16.4
Competitive,Champion,rialto,Ana,SUPPORT,51.3,50.5
Competitive,Champion,rialto,Anran,DAMAGE,52.0,8.2
Competitive,Champion,rialto,Ashe,DAMAGE,50.4,16.9
Competitive,Champion,rialto,Baptiste,SUPPORT,44.4,7.8
Competitive,Champion,rialto,Bastion,DAMAGE,47.3,9.5
Competitive,Champion,rialto,Brigitte,SUPPORT,47.6,2.6
Competitive,Champion,rialto,Cassidy,DAMAGE,46.5,17.3
Competitive,Champion,rialto,D.Va,TANK,49.2,8.8
Competitive,Champion,rialto,Domina,TANK,54.8,8.1
Competitive,Champion,rialto,Doomfist,TANK,51.6,5.8
Competitive,Champion,rialto,Echo,DAMAGE,53.3,6.2
Competitive,Champion,rialto,Emre,DAMAGE,51.5,21.9
Competitive,Champion,rialto,Freja,DAMAGE,47.8,5.0
Competitive,Champion,rialto,Genji,DAMAGE,52.7,12.9
Competitive,Champion,rialto,Hanzo,DAMAGE,51.6,8.3
Competitive,Champion,rialto,Hazard,TANK,52.0,2.4
Competitive,Champion,rialto,Illari,SUPPORT,53.8,14.5
Competitive,Champion,rialto,Jetpack Cat,SUPPORT,49.9,4.2
Competitive,Champion,rialto,Junker Queen,TANK,48.1,1.9
Competitive,Champion,rialto,Junkrat,DAMAGE,49.1,5.8
Competitive,Champion,rialto,Juno,SUPPORT,50.4,9.5
Competitive,Champion,rialto,Kiriko,SUPPORT,48.0,37.5
Competitive,Champion,rialto,Lifeweaver,SUPPORT,44.9,4.3
Competitive,Champion,rialto,Lúcio,SUPPORT,44.5,3.6
Competitive,Champion,rialto,Mauga,TANK,45.5,3.3
Competitive,Champion,rialto,Mei,DAMAGE,53.2,7.8
Competitive,Champion,rialto,Mercy,SUPPORT,48.5,8.8
Competitive,Champion,rialto,Mizuki,SUPPORT,53.6,14.2
Competitive,Champion,rialto,Moira,SUPPORT,46.6,15.3
Competitive,Champion,rialto,Orisa,TANK,46.5,11.1
Competitive,Champion,rialto,Pharah,DAMAGE,51.9,5.8
Competitive,Champion,rialto,Ramattra,TANK,46.8,5.7
Competitive,Champion,rialto,Reaper,DAMAGE,50.8,11.3
Competitive,Champion,rialto,Reinhardt,TANK,49.1,7.6
Competitive,Champion,rialto,Roadhog,TANK,47.5,6.9
Competitive,Champion,rialto,Sigma,TANK,53.5,16.7
Competitive,Champion,rialto,Sojourn,DAMAGE,45.5,14.9
Competitive,Champion,rialto,Soldier: 76,DAMAGE,47.5,16.2
Competitive,Champion,rialto,Sombra,DAMAGE,49.4,3.2
Competitive,Champion,rialto,Symmetra,DAMAGE,49.2,3.3
Competitive,Champion,rialto,Torbjörn,DAMAGE,50.2,4.4
Competitive,Champion,rialto,Tracer,DAMAGE,49.9,7.3
Competitive,Champion,rialto,Vendetta,DAMAGE,53.8,3.1
Competitive,Champion,rialto,Venture,DAMAGE,50.5,3.4
Competitive,Champion,rialto,Widowmaker,DAMAGE,53.3,7.3
Competitive,Champion,rialto,Winston,TANK,51.2,11.1
Competitive,Champion,rialto,Wrecking Ball,TANK,49.0,2.9
Competitive,Champion,rialto,Wuyang,SUPPORT,52.6,13.7
Competitive,Champion,rialto,Zarya,TANK,49.5,7.8
Competitive,Champion,rialto,Zenyatta,SUPPORT,52.8,13.6
Competitive,Champion,shambali-monastery,Ana,SUPPORT,50.4,47.6
Competitive,Champion,shambali-monastery,Anran,DAMAGE,52.0,9.3
Competitive,Champion,shambali-monastery,Ashe,DAMAGE,50.5,14.7
Competitive,Champion,shambali-monastery,Baptiste,SUPPORT,45.6,8.1
Competitive,Champion,shambali-monastery,Bastion,DAMAGE,47.0,9.3
Competitive,Champion,shambali-monastery,Brigitte,SUPPORT,49.6,2.8
Competitive,Champion,shambali-monastery,Cassidy,DAMAGE,46.8,19.3
Competitive,Champion,shambali-monastery,D.Va,TANK,47.1,6.7
Competitive,Champion,shambali-monastery,Domina,TANK,54.6,8.8
Competitive,Champion,shambali-monastery,Doomfist,TANK,49.9,5.4
Competitive,Champion,shambali-monastery,Echo,DAMAGE,53.6,6.9
Competitive,Champion,shambali-monastery,Emre,DAMAGE,51.1,22.5
Competitive,Champion,shambali-monastery,Freja,DAMAGE,47.3,5.3
Competitive,Champion,shambali-monastery,Genji,DAMAGE,52.9,12.2
Competitive,Champion,shambali-monastery,Hanzo,DAMAGE,50.9,8.0
Competitive,Champion,shambali-monastery,Hazard,TANK,53.1,2.4
Competitive,Champion,shambali-monastery,Illari,SUPPORT,53.0,14.8
Competitive,Champion,shambali-monastery,Jetpack Cat,SUPPORT,50.8,3.8
Competitive,Champion,shambali-monastery,Junker Queen,TANK,51.5,2.3
Competitive,Champion,shambali-monastery,Junkrat,DAMAGE,48.1,6.4
Competitive,Champion,shambali-monastery,Juno,SUPPORT,49.5,9.5
Competitive,Champion,shambali-monastery,Kiriko,SUPPORT,48.3,37.7
Competitive,Champion,shambali-monastery,Lifeweaver,SUPPORT,44.3,4.0
Competitive,Champion,shambali-monastery,Lúcio,SUPPORT,45.0,3.7
Competitive,Champion,shambali-monastery,Mauga,TANK,44.4,3.5
Competitive,Champion,shambali-monastery,Mei,DAMAGE,53.2,8.0
Competitive,Champion,shambali-monastery,Mercy,SUPPORT,49.5,8.4
Competitive,Champion,shambali-monastery,Mizuki,SUPPORT,52.5,15.2
Competitive,Champion,shambali-monastery,Moira,SUPPORT,48.5,17.2
Competitive,Champion,shambali-monastery,Orisa,TANK,47.2,11.3
Competitive,Champion,shambali-monastery,Pharah,DAMAGE,52.8,6.1
Competitive,Champion,shambali-monastery,Ramattra,TANK,48.6,7.2
Competitive,Champion,shambali-monastery,Reaper,DAMAGE,51.8,11.5
Competitive,Champion,shambali-monastery,Reinhardt,TANK,50.3,7.7
Competitive,Champion,shambali-monastery,Roadhog,TANK,44.7,6.5
Competitive,Champion,shambali-monastery,Sigma,TANK,55.2,18.3
Competitive,Champion,shambali-monastery,Sojourn,DAMAGE,45.9,15.7
Competitive,Champion,shambali-monastery,Soldier: 76,DAMAGE,49.0,15.7
Competitive,Champion,shambali-monastery,Sombra,DAMAGE,48.8,3.2
Competitive,Champion,shambali-monastery,Symmetra,DAMAGE,53.2,3.5
Competitive,Champion,shambali-monastery,Torbjörn,DAMAGE,49.2,4.2
Competitive,Champion,shambali-monastery,Tracer,DAMAGE,49.2,7.4
Competitive,Champion,shambali-monastery,Vendetta,DAMAGE,51.8,3.2
Competitive,Champion,shambali-monastery,Venture,DAMAGE,52.3,3.8
Competitive,Champion,shambali-monastery,Widowmaker,DAMAGE,47.7,4.0
Competitive,Champion,shambali-monastery,Winston,TANK,49.3,8.8
Competitive,Champion,shambali-monastery,Wrecking Ball,TANK,50.6,2.9
Competitive,Champion,shambali-monastery,Wuyang,SUPPORT,52.7,14.5
Competitive,Champion,shambali-monastery,Zarya,TANK,48.4,8.2
Competitive,Champion,shambali-monastery,Zenyatta,SUPPORT,52.3,12.9
Competitive,Champion,aatlis,Ana,SUPPORT,46.2,32.3
Competitive,Champion,aatlis,Anran,DAMAGE,53.4,14.8
Competitive,Champion,aatlis,Ashe,DAMAGE,45.9,3.8
Competitive,Champion,aatlis,Baptiste,SUPPORT,46.9,5.6
Competitive,Champion,aatlis,Bastion,DAMAGE,45.2,5.2
Competitive,Champion,aatlis,Brigitte,SUPPORT,49.2,5.7
Competitive,Champion,aatlis,Cassidy,DAMAGE,47.5,32.3
Competitive,Champion,aatlis,D.Va,TANK,49.5,7.6
Competitive,Champion,aatlis,Domina,TANK,51.8,7.8
Competitive,Champion,aatlis,Doomfist,TANK,49.9,8.2
Competitive,Champion,aatlis,Echo,DAMAGE,50.9,4.3
Competitive,Champion,aatlis,Emre,DAMAGE,51.6,18.2
Competitive,Champion,aatlis,Freja,DAMAGE,44.2,2.3
Competitive,Champion,aatlis,Genji,DAMAGE,51.1,13.0
Competitive,Champion,aatlis,Hanzo,DAMAGE,46.8,3.6
Competitive,Champion,aatlis,Hazard,TANK,53.2,4.5
Competitive,Champion,aatlis,Illari,SUPPORT,52.5,6.5
Competitive,Champion,aatlis,Jetpack Cat,SUPPORT,47.6,3.7
Competitive,Champion,aatlis,Junker Queen,TANK,55.2,4.9
Competitive,Champion,aatlis,Junkrat,DAMAGE,49.6,4.8
Competitive,Champion,aatlis,Juno,SUPPORT,50.9,9.2
Competitive,Champion,aatlis,Kiriko,SUPPORT,48.0,47.8
Competitive,Champion,aatlis,Lifeweaver,SUPPORT,42.0,2.6
Competitive,Champion,aatlis,Lúcio,SUPPORT,53.1,8.7
Competitive,Champion,aatlis,Mauga,TANK,49.6,4.2
Competitive,Champion,aatlis,Mei,DAMAGE,49.2,6.6
Competitive,Champion,aatlis,Mercy,SUPPORT,43.8,4.4
Competitive,Champion,aatlis,Mizuki,SUPPORT,53.7,24.1
Competitive,Champion,aatlis,Moira,SUPPORT,51.6,25.6
Competitive,Champion,aatlis,Orisa,TANK,45.9,10.3
Competitive,Champion,aatlis,Pharah,DAMAGE,46.8,3.8
Competitive,Champion,aatlis,Ramattra,TANK,49.0,6.2
Competitive,Champion,aatlis,Reaper,DAMAGE,53.9,15.7
Competitive,Champion,aatlis,Reinhardt,TANK,50.5,7.5
Competitive,Champion,aatlis,Roadhog,TANK,48.8,8.3
Competitive,Champion,aatlis,Sigma,TANK,50.0,9.0
Competitive,Champion,aatlis,Sojourn,DAMAGE,45.7,16.6
Competitive,Champion,aatlis,Soldier: 76,DAMAGE,49.7,14.3
Competitive,Champion,aatlis,Sombra,DAMAGE,46.7,4.2
Competitive,Champion,aatlis,Symmetra,DAMAGE,55.6,3.4
Competitive,Champion,aatlis,Torbjörn,DAMAGE,52.5,2.9
Competitive,Champion,aatlis,Tracer,DAMAGE,51.8,19.2
Competitive,Champion,aatlis,Vendetta,DAMAGE,56.0,4.5
Competitive,Champion,aatlis,Venture,DAMAGE,52.0,5.8
Competitive,Champion,aatlis,Widowmaker,DAMAGE,34.8,0.5
Competitive,Champion,aatlis,Winston,TANK,51.2,9.0
Competitive,Champion,aatlis,Wrecking Ball,TANK,51.1,3.7
Competitive,Champion,aatlis,Wuyang,SUPPORT,54.3,16.9
Competitive,Champion,aatlis,Zarya,TANK,49.1,8.8
Competitive,Champion,aatlis,Zenyatta,SUPPORT,49.6,6.9
Competitive,Champion,new-junk-city,Ana,SUPPORT,46.7,34.3
Competitive,Champion,new-junk-city,Anran,DAMAGE,53.0,14.3
Competitive,Champion,new-junk-city,Ashe,DAMAGE,49.9,4.4
Competitive,Champion,new-junk-city,Baptiste,SUPPORT,42.2,5.4
Competitive,Champion,new-junk-city,Bastion,DAMAGE,44.8,5.4
Competitive,Champion,new-junk-city,Brigitte,SUPPORT,46.4,4.9
Competitive,Champion,new-junk-city,Cassidy,DAMAGE,46.3,30.8
Competitive,Champion,new-junk-city,D.Va,TANK,47.2,6.4
Competitive,Champion,new-junk-city,Domina,TANK,52.3,7.9
Competitive,Champion,new-junk-city,Doomfist,TANK,52.9,7.7
Competitive,Champion,new-junk-city,Echo,DAMAGE,49.0,4.1
Competitive,Champion,new-junk-city,Emre,DAMAGE,50.6,19.0
Competitive,Champion,new-junk-city,Freja,DAMAGE,45.2,2.3
Competitive,Champion,new-junk-city,Genji,DAMAGE,51.3,13.9
Competitive,Champion,new-junk-city,Hanzo,DAMAGE,47.5,4.5
Competitive,Champion,new-junk-city,Hazard,TANK,53.3,3.9
Competitive,Champion,new-junk-city,Illari,SUPPORT,53.2,6.3
Competitive,Champion,new-junk-city,Jetpack Cat,SUPPORT,49.1,3.4
Competitive,Champion,new-junk-city,Junker Queen,TANK,55.9,6.2
Competitive,Champion,new-junk-city,Junkrat,DAMAGE,50.9,5.2
Competitive,Champion,new-junk-city,Juno,SUPPORT,49.0,9.7
Competitive,Champion,new-junk-city,Kiriko,SUPPORT,48.5,48.0
Competitive,Champion,new-junk-city,Lifeweaver,SUPPORT,42.5,2.6
Competitive,Champion,new-junk-city,Lúcio,SUPPORT,52.1,8.0
Competitive,Champion,new-junk-city,Mauga,TANK,49.4,4.2
Competitive,Champion,new-junk-city,Mei,DAMAGE,50.9,7.3
Competitive,Champion,new-junk-city,Mercy,SUPPORT,48.7,4.4
Competitive,Champion,new-junk-city,Mizuki,SUPPORT,55.0,23.6
Competitive,Champion,new-junk-city,Moira,SUPPORT,51.6,25.4
Competitive,Champion,new-junk-city,Orisa,TANK,45.8,11.9
Competitive,Champion,new-junk-city,Pharah,DAMAGE,47.9,3.4
Competitive,Champion,new-junk-city,Ramattra,TANK,49.8,7.0
Competitive,Champion,new-junk-city,Reaper,DAMAGE,52.7,13.7
Competitive,Champion,new-junk-city,Reinhardt,TANK,48.3,7.7
Competitive,Champion,new-junk-city,Roadhog,TANK,49.5,8.3
Competitive,Champion,new-junk-city,Sigma,TANK,49.8,8.7
Competitive,Champion,new-junk-city,Sojourn,DAMAGE,46.3,18.9
Competitive,Champion,new-junk-city,Soldier: 76,DAMAGE,50.3,14.8
Competitive,Champion,new-junk-city,Sombra,DAMAGE,50.3,4.2
Competitive,Champion,new-junk-city,Symmetra,DAMAGE,55.5,3.5
Competitive,Champion,new-junk-city,Torbjörn,DAMAGE,51.5,3.1
Competitive,Champion,new-junk-city,Tracer,DAMAGE,53.2,18.0
Competitive,Champion,new-junk-city,Vendetta,DAMAGE,51.6,3.7
Competitive,Champion,new-junk-city,Venture,DAMAGE,53.7,5.1
Competitive,Champion,new-junk-city,Widowmaker,DAMAGE,35.2,0.5
Competitive,Champion,new-junk-city,Winston,TANK,48.7,7.4
Competitive,Champion,new-junk-city,Wrecking Ball,TANK,51.1,3.5
Competitive,Champion,new-junk-city,Wuyang,SUPPORT,53.1,16.1
Competitive,Champion,new-junk-city,Zarya,TANK,50.6,9.2
Competitive,Champion,new-junk-city,Zenyatta,SUPPORT,49.6,8.1
Competitive,Champion,suravasa,Ana,SUPPORT,46.5,36.5
Competitive,Champion,suravasa,Anran,DAMAGE,51.4,13.1
Competitive,Champion,suravasa,Ashe,DAMAGE,50.3,5.0
Competitive,Champion,suravasa,Baptiste,SUPPORT,44.5,5.3
Competitive,Champion,suravasa,Bastion,DAMAGE,45.7,5.3
Competitive,Champion,suravasa,Brigitte,SUPPORT,46.7,4.9
Competitive,Champion,suravasa,Cassidy,DAMAGE,46.4,31.7
Competitive,Champion,suravasa,D.Va,TANK,48.6,7.1
Competitive,Champion,suravasa,Domina,TANK,53.3,7.5
Competitive,Champion,suravasa,Doomfist,TANK,51.8,7.7
Competitive,Champion,suravasa,Echo,DAMAGE,50.7,4.6
Competitive,Champion,suravasa,Emre,DAMAGE,51.4,20.1
Competitive,Champion,suravasa,Freja,DAMAGE,46.7,2.8
Competitive,Champion,suravasa,Genji,DAMAGE,52.1,13.6
Competitive,Champion,suravasa,Hanzo,DAMAGE,48.6,4.0
Competitive,Champion,suravasa,Hazard,TANK,54.0,3.7
Competitive,Champion,suravasa,Illari,SUPPORT,56.0,7.8
Competitive,Champion,suravasa,Jetpack Cat,SUPPORT,50.1,4.0
Competitive,Champion,suravasa,Junker Queen,TANK,51.7,4.7
Competitive,Champion,suravasa,Junkrat,DAMAGE,49.8,3.8
Competitive,Champion,suravasa,Juno,SUPPORT,50.4,9.5
Competitive,Champion,suravasa,Kiriko,SUPPORT,49.0,47.3
Competitive,Champion,suravasa,Lifeweaver,SUPPORT,43.6,2.9
Competitive,Champion,suravasa,Lúcio,SUPPORT,51.3,7.5
Competitive,Champion,suravasa,Mauga,TANK,50.8,4.3
Competitive,Champion,suravasa,Mei,DAMAGE,54.3,6.6
Competitive,Champion,suravasa,Mercy,SUPPORT,45.8,4.8
Competitive,Champion,suravasa,Mizuki,SUPPORT,53.8,22.4
Competitive,Champion,suravasa,Moira,SUPPORT,50.5,22.5
Competitive,Champion,suravasa,Orisa,TANK,46.3,11.2
Competitive,Champion,suravasa,Pharah,DAMAGE,52.7,3.8
Competitive,Champion,suravasa,Ramattra,TANK,48.1,5.7
Competitive,Champion,suravasa,Reaper,DAMAGE,52.4,13.2
Competitive,Champion,suravasa,Reinhardt,TANK,49.8,7.3
Competitive,Champion,suravasa,Roadhog,TANK,46.6,8.1
Competitive,Champion,suravasa,Sigma,TANK,52.6,8.8
Competitive,Champion,suravasa,Sojourn,DAMAGE,45.2,18.1
Competitive,Champion,suravasa,Soldier: 76,DAMAGE,49.2,15.4
Competitive,Champion,suravasa,Sombra,DAMAGE,49.7,4.7
Competitive,Champion,suravasa,Symmetra,DAMAGE,54.2,3.1
Competitive,Champion,suravasa,Torbjörn,DAMAGE,54.0,3.2
Competitive,Champion,suravasa,Tracer,DAMAGE,52.2,18.9
Competitive,Champion,suravasa,Vendetta,DAMAGE,52.1,3.8
Competitive,Champion,suravasa,Venture,DAMAGE,51.8,4.5
Competitive,Champion,suravasa,Widowmaker,DAMAGE,32.5,0.6
Competitive,Champion,suravasa,Winston,TANK,50.2,10.8
Competitive,Champion,suravasa,Wrecking Ball,TANK,51.8,4.4
Competitive,Champion,suravasa,Wuyang,SUPPORT,52.5,16.6
Competitive,Champion,suravasa,Zarya,TANK,49.2,8.6
Competitive,Champion,suravasa,Zenyatta,SUPPORT,51.0,8.1
Competitive,Champion,midtown,Ana,SUPPORT,48.6,48.1
Competitive,Champion,midtown,Anran,DAMAGE,51.1,8.6
Competitive,Champion,midtown,Ashe,DAMAGE,50.8,16.4
Competitive,Champion,midtown,Baptiste,SUPPORT,43.9,8.3
Competitive,Champion,midtown,Bastion,DAMAGE,45.0,10.2
Competitive,Champion,midtown,Brigitte,SUPPORT,45.8,2.2
Competitive,Champion,midtown,Cassidy,DAMAGE,46.1,19.1
Competitive,Champion,midtown,D.Va,TANK,46.4,5.8
Competitive,Champion,midtown,Domina,TANK,53.0,9.9
Competitive,Champion,midtown,Doomfist,TANK,51.2,4.8
Competitive,Champion,midtown,Echo,DAMAGE,50.2,4.3
Competitive,Champion,midtown,Emre,DAMAGE,51.3,23.0
Competitive,Champion,midtown,Freja,DAMAGE,47.1,4.5
Competitive,Champion,midtown,Genji,DAMAGE,50.5,10.8
Competitive,Champion,midtown,Hanzo,DAMAGE,49.6,8.8
Competitive,Champion,midtown,Hazard,TANK,51.2,1.8
Competitive,Champion,midtown,Illari,SUPPORT,52.1,16.3
Competitive,Champion,midtown,Jetpack Cat,SUPPORT,46.3,3.0
Competitive,Champion,midtown,Junker Queen,TANK,47.5,2.2
Competitive,Champion,midtown,Junkrat,DAMAGE,45.2,5.6
Competitive,Champion,midtown,Juno,SUPPORT,49.2,9.8
Competitive,Champion,midtown,Kiriko,SUPPORT,47.0,37.2
Competitive,Champion,midtown,Lifeweaver,SUPPORT,42.1,3.8
Competitive,Champion,midtown,Lúcio,SUPPORT,44.3,3.5
Competitive,Champion,midtown,Mauga,TANK,45.3,3.5
Competitive,Champion,midtown,Mei,DAMAGE,50.3,8.7
Competitive,Champion,midtown,Mercy,SUPPORT,47.0,8.0
Competitive,Champion,midtown,Mizuki,SUPPORT,50.8,15.6
Competitive,Champion,midtown,Moira,SUPPORT,46.0,16.4
Competitive,Champion,midtown,Orisa,TANK,44.8,11.8
Competitive,Champion,midtown,Pharah,DAMAGE,47.7,4.7
Competitive,Champion,midtown,Ramattra,TANK,45.3,7.4
Competitive,Champion,midtown,Reaper,DAMAGE,49.5,10.5
Competitive,Champion,midtown,Reinhardt,TANK,47.7,7.7
Competitive,Champion,midtown,Roadhog,TANK,45.1,6.0
Competitive,Champion,midtown,Sigma,TANK,53.8,20.1
Competitive,Champion,midtown,Sojourn,DAMAGE,43.8,17.5
Competitive,Champion,midtown,Soldier: 76,DAMAGE,46.7,16.1
Competitive,Champion,midtown,Sombra,DAMAGE,49.7,3.1
Competitive,Champion,midtown,Symmetra,DAMAGE,52.3,5.7
Competitive,Champion,midtown,Torbjörn,DAMAGE,49.6,5.0
Competitive,Champion,midtown,Tracer,DAMAGE,50.5,8.0
Competitive,Champion,midtown,Vendetta,DAMAGE,50.8,2.6
Competitive,Champion,midtown,Venture,DAMAGE,49.2,3.4
Competitive,Champion,midtown,Widowmaker,DAMAGE,46.3,3.3
Competitive,Champion,midtown,Winston,TANK,46.8,7.0
Competitive,Champion,midtown,Wrecking Ball,TANK,45.1,2.3
Competitive,Champion,midtown,Wuyang,SUPPORT,52.6,14.0
Competitive,Champion,midtown,Zarya,TANK,49.2,9.7
Competitive,Champion,midtown,Zenyatta,SUPPORT,51.7,13.8
Competitive,Champion,numbani,Ana,SUPPORT,48.9,47.4
Competitive,Champion,numbani,Anran,DAMAGE,49.9,8.0
Competitive,Champion,numbani,Ashe,DAMAGE,50.5,15.2
Competitive,Champion,numbani,Baptiste,SUPPORT,45.7,7.9
Competitive,Champion,numbani,Bastion,DAMAGE,46.5,9.3
Competitive,Champion,numbani,Brigitte,SUPPORT,46.2,3.0
Competitive,Champion,numbani,Cassidy,DAMAGE,45.4,19.6
Competitive,Champion,numbani,D.Va,TANK,50.1,12.9
Competitive,Champion,numbani,Domina,TANK,50.6,6.5
Competitive,Champion,numbani,Doomfist,TANK,49.6,6.3
Competitive,Champion,numbani,Echo,DAMAGE,52.5,7.5
Competitive,Champion,numbani,Emre,DAMAGE,50.6,19.8
Competitive,Champion,numbani,Freja,DAMAGE,47.8,5.3
Competitive,Champion,numbani,Genji,DAMAGE,52.0,15.5
Competitive,Champion,numbani,Hanzo,DAMAGE,49.2,7.1
Competitive,Champion,numbani,Hazard,TANK,51.0,3.4
Competitive,Champion,numbani,Illari,SUPPORT,52.4,12.2
Competitive,Champion,numbani,Jetpack Cat,SUPPORT,48.4,4.8
Competitive,Champion,numbani,Junker Queen,TANK,43.8,1.7
Competitive,Champion,numbani,Junkrat,DAMAGE,45.7,6.0
Competitive,Champion,numbani,Juno,SUPPORT,49.9,11.0
Competitive,Champion,numbani,Kiriko,SUPPORT,48.8,40.8
Competitive,Champion,numbani,Lifeweaver,SUPPORT,42.9,4.8
Competitive,Champion,numbani,Lúcio,SUPPORT,44.9,4.5
Competitive,Champion,numbani,Mauga,TANK,46.7,3.4
Competitive,Champion,numbani,Mei,DAMAGE,49.8,6.7
Competitive,Champion,numbani,Mercy,SUPPORT,46.6,11.2
Competitive,Champion,numbani,Mizuki,SUPPORT,50.4,13.6
Competitive,Champion,numbani,Moira,SUPPORT,45.1,15.8
Competitive,Champion,numbani,Orisa,TANK,43.9,9.9
Competitive,Champion,numbani,Pharah,DAMAGE,50.5,5.3
Competitive,Champion,numbani,Ramattra,TANK,42.6,4.4
Competitive,Champion,numbani,Reaper,DAMAGE,48.5,12.9
Competitive,Champion,numbani,Reinhardt,TANK,45.4,6.2
Competitive,Champion,numbani,Roadhog,TANK,43.4,6.3
Competitive,Champion,numbani,Sigma,TANK,51.5,12.5
Competitive,Champion,numbani,Sojourn,DAMAGE,42.4,12.5
Competitive,Champion,numbani,Soldier: 76,DAMAGE,46.9,19.8
Competitive,Champion,numbani,Sombra,DAMAGE,49.5,3.5
Competitive,Champion,numbani,Symmetra,DAMAGE,49.1,3.6
Competitive,Champion,numbani,Torbjörn,DAMAGE,46.8,4.8
Competitive,Champion,numbani,Tracer,DAMAGE,51.3,7.7
Competitive,Champion,numbani,Vendetta,DAMAGE,52.7,3.7
Competitive,Champion,numbani,Venture,DAMAGE,49.6,3.6
Competitive,Champion,numbani,Widowmaker,DAMAGE,42.0,2.7
Competitive,Champion,numbani,Winston,TANK,53.9,15.9
Competitive,Champion,numbani,Wrecking Ball,TANK,49.2,3.3
Competitive,Champion,numbani,Wuyang,SUPPORT,51.2,12.7
Competitive,Champion,numbani,Zarya,TANK,45.7,7.2
Competitive,Champion,numbani,Zenyatta,SUPPORT,50.0,10.2
Competitive,Champion,kings-row,Ana,SUPPORT,50.4,51.1
Competitive,Champion,kings-row,Anran,DAMAGE,50.4,8.4
Competitive,Champion,kings-row,Ashe,DAMAGE,50.1,13.2
Competitive,Champion,kings-row,Baptiste,SUPPORT,44.8,8.5
Competitive,Champion,kings-row,Bastion,DAMAGE,47.6,11.1
Competitive,Champion,kings-row,Brigitte,SUPPORT,46.0,2.5
Competitive,Champion,kings-row,Cassidy,DAMAGE,45.3,18.6
Competitive,Champion,kings-row,D.Va,TANK,44.8,6.4
Competitive,Champion,kings-row,Domina,TANK,53.7,8.2
Competitive,Champion,kings-row,Doomfist,TANK,50.7,5.7
Competitive,Champion,kings-row,Echo,DAMAGE,49.6,4.8
Competitive,Champion,kings-row,Emre,DAMAGE,49.5,19.5
Competitive,Champion,kings-row,Freja,DAMAGE,48.0,4.5
Competitive,Champion,kings-row,Genji,DAMAGE,51.1,13.0
Competitive,Champion,kings-row,Hanzo,DAMAGE,50.8,8.9
Competitive,Champion,kings-row,Hazard,TANK,49.5,1.9
Competitive,Champion,kings-row,Illari,SUPPORT,51.9,14.2
Competitive,Champion,kings-row,Jetpack Cat,SUPPORT,48.0,3.2
Competitive,Champion,kings-row,Junker Queen,TANK,47.8,2.1
Competitive,Champion,kings-row,Junkrat,DAMAGE,46.9,7.1
Competitive,Champion,kings-row,Juno,SUPPORT,47.9,8.7
Competitive,Champion,kings-row,Kiriko,SUPPORT,47.2,36.2
Competitive,Champion,kings-row,Lifeweaver,SUPPORT,42.3,3.6
Competitive,Champion,kings-row,Lúcio,SUPPORT,43.9,3.7
Competitive,Champion,kings-row,Mauga,TANK,45.3,3.4
Competitive,Champion,kings-row,Mei,DAMAGE,50.8,10.3
Competitive,Champion,kings-row,Mercy,SUPPORT,46.3,8.0
Competitive,Champion,kings-row,Mizuki,SUPPORT,52.1,15.4
Competitive,Champion,kings-row,Moira,SUPPORT,46.8,16.4
Competitive,Champion,kings-row,Orisa,TANK,46.4,11.4
Competitive,Champion,kings-row,Pharah,DAMAGE,51.1,6.3
Competitive,Champion,kings-row,Ramattra,TANK,45.9,7.1
Competitive,Champion,kings-row,Reaper,DAMAGE,51.1,11.8
Competitive,Champion,kings-row,Reinhardt,TANK,50.2,9.8
Competitive,Champion,kings-row,Roadhog,TANK,43.9,5.9
Competitive,Champion,kings-row,Sigma,TANK,52.2,15.9
Competitive,Champion,kings-row,Sojourn,DAMAGE,43.8,15.6
Competitive,Champion,kings-row,Soldier: 76,DAMAGE,45.1,13.6
Competitive,Champion,kings-row,Sombra,DAMAGE,48.3,2.8
Competitive,Champion,kings-row,Symmetra,DAMAGE,51.9,4.7
Competitive,Champion,kings-row,Torbjörn,DAMAGE,48.2,4.4
Competitive,Champion,kings-row,Tracer,DAMAGE,47.7,6.9
Competitive,Champion,kings-row,Vendetta,DAMAGE,53.2,2.9
Competitive,Champion,kings-row,Venture,DAMAGE,51.3,3.7
Competitive,Champion,kings-row,Widowmaker,DAMAGE,53.7,7.8
Competitive,Champion,kings-row,Winston,TANK,48.0,9.4
Competitive,Champion,kings-row,Wrecking Ball,TANK,47.9,2.5
Competitive,Champion,kings-row,Wuyang,SUPPORT,50.5,13.6
Competitive,Champion,kings-row,Zarya,TANK,51.4,10.3
Competitive,Champion,kings-row,Zenyatta,SUPPORT,51.7,14.9
Competitive,Champion,hollywood,Ana,SUPPORT,50.3,49.6
Competitive,Champion,hollywood,Anran,DAMAGE,49.8,8.5
Competitive,Champion,hollywood,Ashe,DAMAGE,49.9,15.2
Competitive,Champion,hollywood,Baptiste,SUPPORT,42.5,7.4
Competitive,Champion,hollywood,Bastion,DAMAGE,45.6,9.3
Competitive,Champion,hollywood,Brigitte,SUPPORT,44.0,2.9
Competitive,Champion,hollywood,Cassidy,DAMAGE,45.6,19.4
Competitive,Champion,hollywood,D.Va,TANK,48.6,9.6
Competitive,Champion,hollywood,Domina,TANK,53.9,7.7
Competitive,Champion,hollywood,Doomfist,TANK,49.5,5.7
Competitive,Champion,hollywood,Echo,DAMAGE,50.6,5.3
Competitive,Champion,hollywood,Emre,DAMAGE,49.7,20.3
Competitive,Champion,hollywood,Freja,DAMAGE,47.6,4.7
Competitive,Champion,hollywood,Genji,DAMAGE,52.0,14.1
Competitive,Champion,hollywood,Hanzo,DAMAGE,49.0,8.1
Competitive,Champion,hollywood,Hazard,TANK,50.4,2.6
Competitive,Champion,hollywood,Illari,SUPPORT,52.3,14.7
Competitive,Champion,hollywood,Jetpack Cat,SUPPORT,47.2,3.6
Competitive,Champion,hollywood,Junker Queen,TANK,46.9,1.9
Competitive,Champion,hollywood,Junkrat,DAMAGE,46.2,6.7
Competitive,Champion,hollywood,Juno,SUPPORT,48.1,9.8
Competitive,Champion,hollywood,Kiriko,SUPPORT,46.5,37.4
Competitive,Champion,hollywood,Lifeweaver,SUPPORT,42.8,4.0
Competitive,Champion,hollywood,Lúcio,SUPPORT,42.7,3.9
Competitive,Champion,hollywood,Mauga,TANK,45.5,3.3
Competitive,Champion,hollywood,Mei,DAMAGE,49.9,7.9
Competitive,Champion,hollywood,Mercy,SUPPORT,48.2,9.4
Competitive,Champion,hollywood,Mizuki,SUPPORT,50.4,14.6
Competitive,Champion,hollywood,Moira,SUPPORT,46.0,16.5
Competitive,Champion,hollywood,Orisa,TANK,43.9,10.2
Competitive,Champion,hollywood,Pharah,DAMAGE,50.8,5.2
Competitive,Champion,hollywood,Ramattra,TANK,44.7,5.5
Competitive,Champion,hollywood,Reaper,DAMAGE,49.1,13.3
Competitive,Champion,hollywood,Reinhardt,TANK,45.0,7.1
Competitive,Champion,hollywood,Roadhog,TANK,44.4,6.5
Competitive,Champion,hollywood,Sigma,TANK,51.0,15.6
Competitive,Champion,hollywood,Sojourn,DAMAGE,43.6,14.3
Competitive,Champion,hollywood,Soldier: 76,DAMAGE,46.2,15.7
Competitive,Champion,hollywood,Sombra,DAMAGE,48.8,3.1
Competitive,Champion,hollywood,Symmetra,DAMAGE,51.7,4.8
Competitive,Champion,hollywood,Torbjörn,DAMAGE,48.5,5.0
Competitive,Champion,hollywood,Tracer,DAMAGE,49.0,7.6
Competitive,Champion,hollywood,Vendetta,DAMAGE,51.3,3.2
Competitive,Champion,hollywood,Venture,DAMAGE,51.9,3.6
Competitive,Champion,hollywood,Widowmaker,DAMAGE,47.3,4.7
Competitive,Champion,hollywood,Winston,TANK,51.6,13.2
Competitive,Champion,hollywood,Wrecking Ball,TANK,49.0,2.9
Competitive,Champion,hollywood,Wuyang,SUPPORT,52.1,13.7
Competitive,Champion,hollywood,Zarya,TANK,48.9,8.5
Competitive,Champion,hollywood,Zenyatta,SUPPORT,50.9,12.4
Competitive,Champion,paraiso,Ana,SUPPORT,49.8,42.4
Competitive,Champion,paraiso,Anran,DAMAGE,49.0,9.3
Competitive,Champion,paraiso,Ashe,DAMAGE,51.2,15.4
Competitive,Champion,paraiso,Baptiste,SUPPORT,42.9,7.9
Competitive,Champion,paraiso,Bastion,DAMAGE,45.1,10.3
Competitive,Champion,paraiso,Brigitte,SUPPORT,43.9,2.9
Competitive,Champion,paraiso,Cassidy,DAMAGE,45.7,18.7
Competitive,Champion,paraiso,D.Va,TANK,50.4,10.8
Competitive,Champion,paraiso,Domina,TANK,50.8,7.9
Competitive,Champion,paraiso,Doomfist,TANK,49.6,5.2
Competitive,Champion,paraiso,Echo,DAMAGE,51.7,6.3
Competitive,Champion,paraiso,Emre,DAMAGE,50.4,21.4
Competitive,Champion,paraiso,Freja,DAMAGE,47.2,5.0
Competitive,Champion,paraiso,Genji,DAMAGE,52.4,12.7
Competitive,Champion,paraiso,Hanzo,DAMAGE,48.6,6.3
Competitive,Champion,paraiso,Hazard,TANK,51.3,3.0
Competitive,Champion,paraiso,Illari,SUPPORT,52.1,13.8
Competitive,Champion,paraiso,Jetpack Cat,SUPPORT,52.7,3.6
Competitive,Champion,paraiso,Junker Queen,TANK,46.2,2.0
Competitive,Champion,paraiso,Junkrat,DAMAGE,46.5,6.1
Competitive,Champion,paraiso,Juno,SUPPORT,50.7,11.7
Competitive,Champion,paraiso,Kiriko,SUPPORT,46.9,40.8
Competitive,Champion,paraiso,Lifeweaver,SUPPORT,42.1,4.4
Competitive,Champion,paraiso,Lúcio,SUPPORT,44.8,4.2
Competitive,Champion,paraiso,Mauga,TANK,46.1,3.6
Competitive,Champion,paraiso,Mei,DAMAGE,49.5,7.0
Competitive,Champion,paraiso,Mercy,SUPPORT,47.2,9.2
Competitive,Champion,paraiso,Mizuki,SUPPORT,50.7,16.0
Competitive,Champion,paraiso,Moira,SUPPORT,46.0,19.4
Competitive,Champion,paraiso,Orisa,TANK,45.1,11.2
Competitive,Champion,paraiso,Pharah,DAMAGE,49.6,5.9
Competitive,Champion,paraiso,Ramattra,TANK,46.0,6.1
Competitive,Champion,paraiso,Reaper,DAMAGE,49.8,13.8
Competitive,Champion,paraiso,Reinhardt,TANK,46.3,6.2
Competitive,Champion,paraiso,Roadhog,TANK,45.3,6.4
Competitive,Champion,paraiso,Sigma,TANK,51.1,15.8
Competitive,Champion,paraiso,Sojourn,DAMAGE,42.7,15.1
Competitive,Champion,paraiso,Soldier: 76,DAMAGE,46.4,17.5
Competitive,Champion,paraiso,Sombra,DAMAGE,49.5,3.6
Competitive,Champion,paraiso,Symmetra,DAMAGE,51.8,4.3
Competitive,Champion,paraiso,Torbjörn,DAMAGE,47.9,5.5
Competitive,Champion,paraiso,Tracer,DAMAGE,50.0,7.0
Competitive,Champion,paraiso,Vendetta,DAMAGE,53.9,3.0
Competitive,Champion,paraiso,Venture,DAMAGE,49.5,3.3
Competitive,Champion,paraiso,Widowmaker,DAMAGE,44.3,2.5
Competitive,Champion,paraiso,Winston,TANK,52.0,12.2
Competitive,Champion,paraiso,Wrecking Ball,TANK,44.1,2.7
Competitive,Champion,paraiso,Wuyang,SUPPORT,50.5,12.7
Competitive,Champion,paraiso,Zarya,TANK,46.0,6.8
Competitive,Champion,paraiso,Zenyatta,SUPPORT,50.2,11.0
Competitive,Champion,eichenwalde,Ana,SUPPORT,49.9,47.9
Competitive,Champion,eichenwalde,Anran,DAMAGE,51.3,8.4
Competitive,Champion,eichenwalde,Ashe,DAMAGE,48.9,11.4
Competitive,Champion,eichenwalde,Baptiste,SUPPORT,43.3,7.5
Competitive,Champion,eichenwalde,Bastion,DAMAGE,45.7,10.4
Competitive,Champion,eichenwalde,Brigitte,SUPPORT,47.8,2.5
Competitive,Champion,eichenwalde,Cassidy,DAMAGE,45.6,19.7
Competitive,Champion,eichenwalde,D.Va,TANK,47.2,7.3
Competitive,Champion,eichenwalde,Domina,TANK,53.0,8.2
Competitive,Champion,eichenwalde,Doomfist,TANK,50.7,5.7
Competitive,Champion,eichenwalde,Echo,DAMAGE,52.4,6.9
Competitive,Champion,eichenwalde,Emre,DAMAGE,49.2,18.9
Competitive,Champion,eichenwalde,Freja,DAMAGE,47.7,4.6
Competitive,Champion,eichenwalde,Genji,DAMAGE,52.3,12.5
Competitive,Champion,eichenwalde,Hanzo,DAMAGE,48.8,8.5
Competitive,Champion,eichenwalde,Hazard,TANK,50.7,2.1
Competitive,Champion,eichenwalde,Illari,SUPPORT,52.1,14.4
Competitive,Champion,eichenwalde,Jetpack Cat,SUPPORT,53.5,4.9
Competitive,Champion,eichenwalde,Junker Queen,TANK,48.5,2.1
Competitive,Champion,eichenwalde,Junkrat,DAMAGE,47.9,9.2
Competitive,Champion,eichenwalde,Juno,SUPPORT,48.5,9.2
Competitive,Champion,eichenwalde,Kiriko,SUPPORT,46.5,35.5
Competitive,Champion,eichenwalde,Lifeweaver,SUPPORT,40.3,3.8
Competitive,Champion,eichenwalde,Lúcio,SUPPORT,44.9,4.4
Competitive,Champion,eichenwalde,Mauga,TANK,45.4,3.4
Competitive,Champion,eichenwalde,Mei,DAMAGE,49.9,8.2
Competitive,Champion,eichenwalde,Mercy,SUPPORT,47.9,9.6
Competitive,Champion,eichenwalde,Mizuki,SUPPORT,51.5,15.8
Competitive,Champion,eichenwalde,Moira,SUPPORT,46.3,17.0
Competitive,Champion,eichenwalde,Orisa,TANK,44.8,11.2
Competitive,Champion,eichenwalde,Pharah,DAMAGE,51.6,8.4
Competitive,Champion,eichenwalde,Ramattra,TANK,45.8,6.4
Competitive,Champion,eichenwalde,Reaper,DAMAGE,49.1,11.8
Competitive,Champion,eichenwalde,Reinhardt,TANK,49.9,9.7
Competitive,Champion,eichenwalde,Roadhog,TANK,45.1,6.6
Competitive,Champion,eichenwalde,Sigma,TANK,52.0,16.6
Competitive,Champion,eichenwalde,Sojourn,DAMAGE,44.1,13.8
Competitive,Champion,eichenwalde,Soldier: 76,DAMAGE,45.5,15.3
Competitive,Champion,eichenwalde,Sombra,DAMAGE,48.8,3.2
Competitive,Champion,eichenwalde,Symmetra,DAMAGE,52.0,5.2
Competitive,Champion,eichenwalde,Torbjörn,DAMAGE,51.7,7.2
Competitive,Champion,eichenwalde,Tracer,DAMAGE,49.6,7.3
Competitive,Champion,eichenwalde,Vendetta,DAMAGE,52.3,3.5
Competitive,Champion,eichenwalde,Venture,DAMAGE,51.2,3.6
Competitive,Champion,eichenwalde,Widowmaker,DAMAGE,44.0,2.1
Competitive,Champion,eichenwalde,Winston,TANK,48.7,8.5
Competitive,Champion,eichenwalde,Wrecking Ball,TANK,50.4,3.1
Competitive,Champion,eichenwalde,Wuyang,SUPPORT,50.6,13.5
Competitive,Champion,eichenwalde,Zarya,TANK,48.8,9.3
Competitive,Champion,eichenwalde,Zenyatta,SUPPORT,51.4,14.1
Competitive,Champion,blizzard-world,Ana,SUPPORT,50.1,47.5
Competitive,Champion,blizzard-world,Anran,DAMAGE,50.5,8.6
Competitive,Champion,blizzard-world,Ashe,DAMAGE,50.7,14.8
Competitive,Champion,blizzard-world,Baptiste,SUPPORT,43.4,7.1
Competitive,Champion,blizzard-world,Bastion,DAMAGE,45.3,8.8
Competitive,Champion,blizzard-world,Brigitte,SUPPORT,41.6,2.8
Competitive,Champion,blizzard-world,Cassidy,DAMAGE,44.9,18.5
Competitive,Champion,blizzard-world,D.Va,TANK,48.2,9.4
Competitive,Champion,blizzard-world,Domina,TANK,52.2,7.4
Competitive,Champion,blizzard-world,Doomfist,TANK,51.8,6.0
Competitive,Champion,blizzard-world,Echo,DAMAGE,49.9,5.1
Competitive,Champion,blizzard-world,Emre,DAMAGE,50.2,21.2
Competitive,Champion,blizzard-world,Freja,DAMAGE,45.9,5.4
Competitive,Champion,blizzard-world,Genji,DAMAGE,50.2,13.4
Competitive,Champion,blizzard-world,Hanzo,DAMAGE,48.2,8.1
Competitive,Champion,blizzard-world,Hazard,TANK,49.3,2.5
Competitive,Champion,blizzard-world,Illari,SUPPORT,51.8,13.7
Competitive,Champion,blizzard-world,Jetpack Cat,SUPPORT,50.5,4.3
Competitive,Champion,blizzard-world,Junker Queen,TANK,45.7,1.8
Competitive,Champion,blizzard-world,Junkrat,DAMAGE,47.0,5.9
Competitive,Champion,blizzard-world,Juno,SUPPORT,48.1,10.3
Competitive,Champion,blizzard-world,Kiriko,SUPPORT,47.7,39.8
Competitive,Champion,blizzard-world,Lifeweaver,SUPPORT,43.3,4.0
Competitive,Champion,blizzard-world,Lúcio,SUPPORT,42.9,4.1
Competitive,Champion,blizzard-world,Mauga,TANK,43.5,3.4
Competitive,Champion,blizzard-world,Mei,DAMAGE,48.0,7.1
Competitive,Champion,blizzard-world,Mercy,SUPPORT,47.3,9.9
Competitive,Champion,blizzard-world,Mizuki,SUPPORT,49.5,14.1
Competitive,Champion,blizzard-world,Moira,SUPPORT,45.8,16.4
Competitive,Champion,blizzard-world,Orisa,TANK,44.3,10.5
Competitive,Champion,blizzard-world,Pharah,DAMAGE,50.0,4.7
Competitive,Champion,blizzard-world,Ramattra,TANK,44.8,5.3
Competitive,Champion,blizzard-world,Reaper,DAMAGE,49.5,12.2
Competitive,Champion,blizzard-world,Reinhardt,TANK,45.0,6.5
Competitive,Champion,blizzard-world,Roadhog,TANK,43.2,6.4
Competitive,Champion,blizzard-world,Sigma,TANK,52.4,16.1
Competitive,Champion,blizzard-world,Sojourn,DAMAGE,44.9,15.2
Competitive,Champion,blizzard-world,Soldier: 76,DAMAGE,47.2,17.3
Competitive,Champion,blizzard-world,Sombra,DAMAGE,49.7,3.9
Competitive,Champion,blizzard-world,Symmetra,DAMAGE,51.3,3.6
Competitive,Champion,blizzard-world,Torbjörn,DAMAGE,50.0,4.9
Competitive,Champion,blizzard-world,Tracer,DAMAGE,48.6,9.0
Competitive,Champion,blizzard-world,Vendetta,DAMAGE,51.1,3.3
Competitive,Champion,blizzard-world,Venture,DAMAGE,50.3,3.6
Competitive,Champion,blizzard-world,Widowmaker,DAMAGE,47.0,5.4
Competitive,Champion,blizzard-world,Winston,TANK,52.0,13.7
Competitive,Champion,blizzard-world,Wrecking Ball,TANK,48.2,3.9
Competitive,Champion,blizzard-world,Wuyang,SUPPORT,50.9,13.8
Competitive,Champion,blizzard-world,Zarya,TANK,46.4,7.1
Competitive,Champion,blizzard-world,Zenyatta,SUPPORT,50.6,12.0
Competitive,Champion,esperanca,Ana,SUPPORT,46.5,39.5
Competitive,Champion,esperanca,Anran,DAMAGE,51.6,11.6
Competitive,Champion,esperanca,Ashe,DAMAGE,50.7,9.4
Competitive,Champion,esperanca,Baptiste,SUPPORT,45.1,5.3
Competitive,Champion,esperanca,Bastion,DAMAGE,46.2,6.8
Competitive,Champion,esperanca,Brigitte,SUPPORT,46.9,4.2
Competitive,Champion,esperanca,Cassidy,DAMAGE,47.1,26.2
Competitive,Champion,esperanca,D.Va,TANK,49.7,9.0
Competitive,Champion,esperanca,Domina,TANK,52.8,8.4
Competitive,Champion,esperanca,Doomfist,TANK,51.4,6.8
Competitive,Champion,esperanca,Echo,DAMAGE,53.9,5.7
Competitive,Champion,esperanca,Emre,DAMAGE,51.4,22.9
Competitive,Champion,esperanca,Freja,DAMAGE,46.1,4.0
Competitive,Champion,esperanca,Genji,DAMAGE,51.6,13.9
Competitive,Champion,esperanca,Hanzo,DAMAGE,48.7,4.3
Competitive,Champion,esperanca,Hazard,TANK,51.6,3.0
Competitive,Champion,esperanca,Illari,SUPPORT,54.3,8.3
Competitive,Champion,esperanca,Jetpack Cat,SUPPORT,49.1,4.2
Competitive,Champion,esperanca,Junker Queen,TANK,51.3,3.5
Competitive,Champion,esperanca,Junkrat,DAMAGE,50.1,3.3
Competitive,Champion,esperanca,Juno,SUPPORT,50.1,12.4
Competitive,Champion,esperanca,Kiriko,SUPPORT,49.5,47.2
Competitive,Champion,esperanca,Lifeweaver,SUPPORT,44.0,3.5
Competitive,Champion,esperanca,Lúcio,SUPPORT,49.4,5.5
Competitive,Champion,esperanca,Mauga,TANK,48.9,4.2
Competitive,Champion,esperanca,Mei,DAMAGE,52.9,5.7
Competitive,Champion,esperanca,Mercy,SUPPORT,50.5,6.4
Competitive,Champion,esperanca,Mizuki,SUPPORT,52.0,19.2
Competitive,Champion,esperanca,Moira,SUPPORT,51.0,20.5
Competitive,Champion,esperanca,Orisa,TANK,45.0,10.7
Competitive,Champion,esperanca,Pharah,DAMAGE,48.9,4.2
Competitive,Champion,esperanca,Ramattra,TANK,46.3,5.6
Competitive,Champion,esperanca,Reaper,DAMAGE,50.2,11.8
Competitive,Champion,esperanca,Reinhardt,TANK,50.5,6.9
Competitive,Champion,esperanca,Roadhog,TANK,48.4,7.1
Competitive,Champion,esperanca,Sigma,TANK,52.6,10.6
Competitive,Champion,esperanca,Sojourn,DAMAGE,45.6,17.4
Competitive,Champion,esperanca,Soldier: 76,DAMAGE,51.2,18.5
Competitive,Champion,esperanca,Sombra,DAMAGE,50.8,4.6
Competitive,Champion,esperanca,Symmetra,DAMAGE,51.6,2.0
Competitive,Champion,esperanca,Torbjörn,DAMAGE,49.6,2.8
Competitive,Champion,esperanca,Tracer,DAMAGE,52.3,16.5
Competitive,Champion,esperanca,Vendetta,DAMAGE,51.9,3.7
Competitive,Champion,esperanca,Venture,DAMAGE,53.9,3.4
Competitive,Champion,esperanca,Widowmaker,DAMAGE,41.3,1.2
Competitive,Champion,esperanca,Winston,TANK,53.7,12.9
Competitive,Champion,esperanca,Wrecking Ball,TANK,53.1,4.4
Competitive,Champion,esperanca,Wuyang,SUPPORT,54.2,15.5
Competitive,Champion,esperanca,Zarya,TANK,45.3,6.9
Competitive,Champion,esperanca,Zenyatta,SUPPORT,51.9,8.4
Competitive,Champion,new-queen-street,Ana,SUPPORT,47.2,40.4
Competitive,Champion,new-queen-street,Anran,DAMAGE,52.2,11.1
Competitive,Champion,new-queen-street,Ashe,DAMAGE,50.5,9.5
Competitive,Champion,new-queen-street,Baptiste,SUPPORT,45.5,5.4
Competitive,Champion,new-queen-street,Bastion,DAMAGE,46.2,6.8
Competitive,Champion,new-queen-street,Brigitte,SUPPORT,46.4,3.9
Competitive,Champion,new-queen-street,Cassidy,DAMAGE,46.6,25.7
Competitive,Champion,new-queen-street,D.Va,TANK,49.0,8.4
Competitive,Champion,new-queen-street,Domina,TANK,51.9,8.9
Competitive,Champion,new-queen-street,Doomfist,TANK,49.8,6.8
Competitive,Champion,new-queen-street,Echo,DAMAGE,49.7,4.6
Competitive,Champion,new-queen-street,Emre,DAMAGE,51.5,23.4
Competitive,Champion,new-queen-street,Freja,DAMAGE,44.7,3.7
Competitive,Champion,new-queen-street,Genji,DAMAGE,50.0,12.8
Competitive,Champion,new-queen-street,Hanzo,DAMAGE,50.4,4.5
Competitive,Champion,new-queen-street,Hazard,TANK,51.6,3.0
Competitive,Champion,new-queen-street,Illari,SUPPORT,54.9,8.3
Competitive,Champion,new-queen-street,Jetpack Cat,SUPPORT,46.7,4.4
Competitive,Champion,new-queen-street,Junker Queen,TANK,52.2,3.7
Competitive,Champion,new-queen-street,Junkrat,DAMAGE,46.5,3.0
Competitive,Champion,new-queen-street,Juno,SUPPORT,49.5,12.3
Competitive,Champion,new-queen-street,Kiriko,SUPPORT,48.5,46.4
Competitive,Champion,new-queen-street,Lifeweaver,SUPPORT,46.5,3.5
Competitive,Champion,new-queen-street,Lúcio,SUPPORT,49.4,4.8
Competitive,Champion,new-queen-street,Mauga,TANK,47.4,4.2
Competitive,Champion,new-queen-street,Mei,DAMAGE,52.5,5.8
Competitive,Champion,new-queen-street,Mercy,SUPPORT,47.5,6.0
Competitive,Champion,new-queen-street,Mizuki,SUPPORT,52.8,19.0
Competitive,Champion,new-queen-street,Moira,SUPPORT,50.0,20.9
Competitive,Champion,new-queen-street,Orisa,TANK,48.1,11.2
Competitive,Champion,new-queen-street,Pharah,DAMAGE,48.5,3.9
Competitive,Champion,new-queen-street,Ramattra,TANK,48.2,5.8
Competitive,Champion,new-queen-street,Reaper,DAMAGE,51.6,11.0
Competitive,Champion,new-queen-street,Reinhardt,TANK,49.7,7.1
Competitive,Champion,new-queen-street,Roadhog,TANK,47.9,7.4
Competitive,Champion,new-queen-street,Sigma,TANK,51.6,11.2
Competitive,Champion,new-queen-street,Sojourn,DAMAGE,45.7,17.9
Competitive,Champion,new-queen-street,Soldier: 76,DAMAGE,54.1,22.7
Competitive,Champion,new-queen-street,Sombra,DAMAGE,51.9,4.8
Competitive,Champion,new-queen-street,Symmetra,DAMAGE,48.8,1.7
Competitive,Champion,new-queen-street,Torbjörn,DAMAGE,51.7,2.9
Competitive,Champion,new-queen-street,Tracer,DAMAGE,52.1,16.2
Competitive,Champion,new-queen-street,Vendetta,DAMAGE,48.6,3.4
Competitive,Champion,new-queen-street,Venture,DAMAGE,51.7,3.3
Competitive,Champion,new-queen-street,Widowmaker,DAMAGE,44.0,1.3
Competitive,Champion,new-queen-street,Winston,TANK,52.6,10.7
Competitive,Champion,new-queen-street,Wrecking Ball,TANK,52.6,4.5
Competitive,Champion,new-queen-street,Wuyang,SUPPORT,55.5,15.7
Competitive,Champion,new-queen-street,Zarya,TANK,47.7,7.1
Competitive,Champion,new-queen-street,Zenyatta,SUPPORT,53.0,9.2
Competitive,Champion,runasapi,Ana,SUPPORT,47.3,38.9
Competitive,Champion,runasapi,Anran,DAMAGE,52.3,12.1
Competitive,Champion,runasapi,Ashe,DAMAGE,49.1,8.8
Competitive,Champion,runasapi,Baptiste,SUPPORT,44.1,5.6
Competitive,Champion,runasapi,Bastion,DAMAGE,47.0,7.1
Competitive,Champion,runasapi,Brigitte,SUPPORT,47.0,4.1
Competitive,Champion,runasapi,Cassidy,DAMAGE,48.3,27.1
Competitive,Champion,runasapi,D.Va,TANK,50.0,7.6
Competitive,Champion,runasapi,Domina,TANK,52.1,8.8
Competitive,Champion,runasapi,Doomfist,TANK,51.2,6.7
Competitive,Champion,runasapi,Echo,DAMAGE,48.8,4.8
Competitive,Champion,runasapi,Emre,DAMAGE,51.8,23.5
Competitive,Champion,runasapi,Freja,DAMAGE,47.8,3.7
Competitive,Champion,runasapi,Genji,DAMAGE,51.8,12.2
Competitive,Champion,runasapi,Hanzo,DAMAGE,46.7,3.9
Competitive,Champion,runasapi,Hazard,TANK,53.6,3.2
Competitive,Champion,runasapi,Illari,SUPPORT,55.8,8.8
Competitive,Champion,runasapi,Jetpack Cat,SUPPORT,44.0,4.0
Competitive,Champion,runasapi,Junker Queen,TANK,54.1,3.6
Competitive,Champion,runasapi,Junkrat,DAMAGE,46.4,3.3
Competitive,Champion,runasapi,Juno,SUPPORT,51.2,12.8
Competitive,Champion,runasapi,Kiriko,SUPPORT,48.8,46.1
Competitive,Champion,runasapi,Lifeweaver,SUPPORT,46.7,3.3
Competitive,Champion,runasapi,Lúcio,SUPPORT,50.5,5.3
Competitive,Champion,runasapi,Mauga,TANK,48.4,4.4
Competitive,Champion,runasapi,Mei,DAMAGE,52.3,5.9
Competitive,Champion,runasapi,Mercy,SUPPORT,47.9,5.8
Competitive,Champion,runasapi,Mizuki,SUPPORT,52.6,20.4
Competitive,Champion,runasapi,Moira,SUPPORT,50.0,20.6
Competitive,Champion,runasapi,Orisa,TANK,44.3,11.2
Competitive,Champion,runasapi,Pharah,DAMAGE,48.3,4.1
Competitive,Champion,runasapi,Ramattra,TANK,45.8,6.1
Competitive,Champion,runasapi,Reaper,DAMAGE,52.7,11.4
Competitive,Champion,runasapi,Reinhardt,TANK,52.4,7.2
Competitive,Champion,runasapi,Roadhog,TANK,47.1,7.3
Competitive,Champion,runasapi,Sigma,TANK,54.2,11.5
Competitive,Champion,runasapi,Sojourn,DAMAGE,44.9,18.2
Competitive,Champion,runasapi,Soldier: 76,DAMAGE,51.3,19.5
Competitive,Champion,runasapi,Sombra,DAMAGE,51.9,4.6
Competitive,Champion,runasapi,Symmetra,DAMAGE,48.0,2.0
Competitive,Champion,runasapi,Torbjörn,DAMAGE,49.6,2.9
Competitive,Champion,runasapi,Tracer,DAMAGE,53.0,17.1
Competitive,Champion,runasapi,Vendetta,DAMAGE,52.3,3.3
Competitive,Champion,runasapi,Venture,DAMAGE,52.9,3.5
Competitive,Champion,runasapi,Widowmaker,DAMAGE,36.7,1.1
Competitive,Champion,runasapi,Winston,TANK,51.4,10.7
Competitive,Champion,runasapi,Wrecking Ball,TANK,51.5,4.3
Competitive,Champion,runasapi,Wuyang,SUPPORT,53.9,16.0
Competitive,Champion,runasapi,Zarya,TANK,47.2,7.1
Competitive,Champion,runasapi,Zenyatta,SUPPORT,51.9,8.5
Competitive,Champion,colosseo,Ana,SUPPORT,47.0,45.3
Competitive,Champion,colosseo,Anran,DAMAGE,53.4,11.4
Competitive,Champion,colosseo,Ashe,DAMAGE,49.6,12.8
Competitive,Champion,colosseo,Baptiste,SUPPORT,44.7,5.8
Competitive,Champion,colosseo,Bastion,DAMAGE,45.2,7.3
Competitive,Champion,colosseo,Brigitte,SUPPORT,46.3,3.7
Competitive,Champion,colosseo,Cassidy,DAMAGE,44.9,23.8
Competitive,Champion,colosseo,D.Va,TANK,46.1,7.1
Competitive,Champion,colosseo,Domina,TANK,51.4,9.1
Competitive,Champion,colosseo,Doomfist,TANK,53.9,6.6
Competitive,Champion,colosseo,Echo,DAMAGE,53.3,4.8
Competitive,Champion,colosseo,Emre,DAMAGE,51.0,23.3
Competitive,Champion,colosseo,Freja,DAMAGE,48.5,4.2
Competitive,Champion,colosseo,Genji,DAMAGE,52.2,13.0
Competitive,Champion,colosseo,Hanzo,DAMAGE,51.5,6.4
Competitive,Champion,colosseo,Hazard,TANK,51.7,2.7
Competitive,Champion,colosseo,Illari,SUPPORT,54.4,9.2
Competitive,Champion,colosseo,Jetpack Cat,SUPPORT,50.5,4.0
Competitive,Champion,colosseo,Junker Queen,TANK,54.8,3.4
Competitive,Champion,colosseo,Junkrat,DAMAGE,49.3,4.0
Competitive,Champion,colosseo,Juno,SUPPORT,49.8,11.2
Competitive,Champion,colosseo,Kiriko,SUPPORT,48.8,42.8
Competitive,Champion,colosseo,Lifeweaver,SUPPORT,44.0,3.4
Competitive,Champion,colosseo,Lúcio,SUPPORT,51.0,4.7
Competitive,Champion,colosseo,Mauga,TANK,48.6,4.0
Competitive,Champion,colosseo,Mei,DAMAGE,52.7,6.3
Competitive,Champion,colosseo,Mercy,SUPPORT,49.4,6.3
Competitive,Champion,colosseo,Mizuki,SUPPORT,52.9,18.3
Competitive,Champion,colosseo,Moira,SUPPORT,49.4,19.0
Competitive,Champion,colosseo,Orisa,TANK,44.7,11.3
Competitive,Champion,colosseo,Pharah,DAMAGE,50.6,4.3
Competitive,Champion,colosseo,Ramattra,TANK,47.3,6.2
Competitive,Champion,colosseo,Reaper,DAMAGE,50.9,11.4
Competitive,Champion,colosseo,Reinhardt,TANK,52.2,7.7
Competitive,Champion,colosseo,Roadhog,TANK,48.6,6.8
Competitive,Champion,colosseo,Sigma,TANK,51.6,12.9
Competitive,Champion,colosseo,Sojourn,DAMAGE,46.1,17.7
Competitive,Champion,colosseo,Soldier: 76,DAMAGE,49.9,16.5
Competitive,Champion,colosseo,Sombra,DAMAGE,52.5,4.4
Competitive,Champion,colosseo,Symmetra,DAMAGE,49.3,1.9
Competitive,Champion,colosseo,Torbjörn,DAMAGE,49.9,2.9
Competitive,Champion,colosseo,Tracer,DAMAGE,53.7,14.3
Competitive,Champion,colosseo,Vendetta,DAMAGE,55.2,3.4
Competitive,Champion,colosseo,Venture,DAMAGE,52.2,3.5
Competitive,Champion,colosseo,Widowmaker,DAMAGE,46.9,2.5
Competitive,Champion,colosseo,Winston,TANK,53.6,10.4
Competitive,Champion,colosseo,Wrecking Ball,TANK,54.0,4.1
Competitive,Champion,colosseo,Wuyang,SUPPORT,54.2,15.4
Competitive,Champion,colosseo,Zarya,TANK,46.1,7.7
Competitive,Champion,colosseo,Zenyatta,SUPPORT,53.0,10.8
Competitive,All,all-maps,Ana,SUPPORT,49.2,45.6
Competitive,All,all-maps,Anran,DAMAGE,51.3,9.8
Competitive,All,all-maps,Ashe,DAMAGE,50.5,12.5
Competitive,All,all-maps,Baptiste,SUPPORT,45.0,7.1
Competitive,All,all-maps,Bastion,DAMAGE,47.0,8.5
Competitive,All,all-maps,Brigitte,SUPPORT,47.4,3.4
Competitive,All,all-maps,Cassidy,DAMAGE,46.6,22.2
Competitive,All,all-maps,D.Va,TANK,48.0,8.5
Competitive,All,all-maps,Domina,TANK,53.2,7.9
Competitive,All,all-maps,Doomfist,TANK,50.7,6.2
Competitive,All,all-maps,Echo,DAMAGE,51.5,5.7
Competitive,All,all-maps,Emre,DAMAGE,50.9,20.4
Competitive,All,all-maps,Freja,DAMAGE,47.5,4.5
Competitive,All,all-maps,Genji,DAMAGE,51.7,13.4
Competitive,All,all-maps,Hanzo,DAMAGE,49.6,6.8
Competitive,All,all-maps,Hazard,TANK,52.2,2.7
Competitive,All,all-maps,Illari,SUPPORT,53.3,12.1
Competitive,All,all-maps,Jetpack Cat,SUPPORT,50.1,4.1
Competitive,All,all-maps,Junker Queen,TANK,50.2,2.5
Competitive,All,all-maps,Junkrat,DAMAGE,48.2,5.8
Competitive,All,all-maps,Juno,SUPPORT,49.8,10.1
Competitive,All,all-maps,Kiriko,SUPPORT,48.0,39.8
Competitive,All,all-maps,Lifeweaver,SUPPORT,43.8,3.9
Competitive,All,all-maps,Lúcio,SUPPORT,48.3,5.4
Competitive,All,all-maps,Mauga,TANK,47.0,3.7
Competitive,All,all-maps,Mei,DAMAGE,50.9,7.3
Competitive,All,all-maps,Mercy,SUPPORT,48.0,8.2
Competitive,All,all-maps,Mizuki,SUPPORT,52.3,16.6
Competitive,All,all-maps,Moira,SUPPORT,48.5,18.3
Competitive,All,all-maps,Orisa,TANK,46.3,11.1
Competitive,All,all-maps,Pharah,DAMAGE,52.3,5.9
Competitive,All,all-maps,Ramattra,TANK,46.9,5.8
Competitive,All,all-maps,Reaper,DAMAGE,51.1,12.8
Competitive,All,all-maps,Reinhardt,TANK,49.2,7.6
Competitive,All,all-maps,Roadhog,TANK,47.2,7.3
Competitive,All,all-maps,Sigma,TANK,52.9,14.1
Competitive,All,all-maps,Sojourn,DAMAGE,45.0,15.0
Competitive,All,all-maps,Soldier: 76,DAMAGE,48.2,16.4
Competitive,All,all-maps,Sombra,DAMAGE,49.3,3.5
Competitive,All,all-maps,Symmetra,DAMAGE,53.9,4.1
Competitive,All,all-maps,Torbjörn,DAMAGE,50.2,3.9
Competitive,All,all-maps,Tracer,DAMAGE,50.0,9.9
Competitive,All,all-maps,Vendetta,DAMAGE,52.3,3.4
Competitive,All,all-maps,Venture,DAMAGE,51.7,3.7
Competitive,All,all-maps,Widowmaker,DAMAGE,49.9,4.2
Competitive,All,all-maps,Winston,TANK,51.4,11.2
Competitive,All,all-maps,Wrecking Ball,TANK,49.6,3.3
Competitive,All,all-maps,Wuyang,SUPPORT,52.4,13.9
Competitive,All,all-maps,Zarya,TANK,48.7,8.2
Competitive,All,all-maps,Zenyatta,SUPPORT,51.9,11.6
Competitive,All,ilios,Ana,SUPPORT,46.9,38.6
Competitive,All,ilios,Anran,DAMAGE,52.3,11.8
Competitive,All,ilios,Ashe,DAMAGE,47.6,7.6
Competitive,All,ilios,Baptiste,SUPPORT,44.9,5.7
Competitive,All,ilios,Bastion,DAMAGE,47.2,5.8
Competitive,All,ilios,Brigitte,SUPPORT,49.1,5.2
Competitive,All,ilios,Cassidy,DAMAGE,46.5,27.2
Competitive,All,ilios,D.Va,TANK,46.4,9.4
Competitive,All,ilios,Domina,TANK,51.7,6.8
Competitive,All,ilios,Doomfist,TANK,50.1,6.9
Competitive,All,ilios,Echo,DAMAGE,53.1,9.0
Competitive,All,ilios,Emre,DAMAGE,49.5,17.0
Competitive,All,ilios,Freja,DAMAGE,47.4,4.5
Competitive,All,ilios,Genji,DAMAGE,52.9,14.2
Competitive,All,ilios,Hanzo,DAMAGE,48.2,4.4
Competitive,All,ilios,Hazard,TANK,54.3,3.3
Competitive,All,ilios,Illari,SUPPORT,53.3,8.2
Competitive,All,ilios,Jetpack Cat,SUPPORT,51.6,5.7
Competitive,All,ilios,Junker Queen,TANK,53.2,3.0
Competitive,All,ilios,Junkrat,DAMAGE,50.5,5.1
Competitive,All,ilios,Juno,SUPPORT,50.8,10.3
Competitive,All,ilios,Kiriko,SUPPORT,48.5,41.5
Competitive,All,ilios,Lifeweaver,SUPPORT,44.6,4.2
Competitive,All,ilios,Lúcio,SUPPORT,54.3,12.2
Competitive,All,ilios,Mauga,TANK,47.4,3.8
Competitive,All,ilios,Mei,DAMAGE,49.4,5.9
Competitive,All,ilios,Mercy,SUPPORT,49.2,7.7
Competitive,All,ilios,Mizuki,SUPPORT,53.4,19.1
Competitive,All,ilios,Moira,SUPPORT,48.8,20.6
Competitive,All,ilios,Orisa,TANK,47.5,12.1
Competitive,All,ilios,Pharah,DAMAGE,55.5,10.0
Competitive,All,ilios,Ramattra,TANK,46.9,4.1
Competitive,All,ilios,Reaper,DAMAGE,53.6,15.5
Competitive,All,ilios,Reinhardt,TANK,48.8,6.3
Competitive,All,ilios,Roadhog,TANK,53.4,14.0
Competitive,All,ilios,Sigma,TANK,50.6,7.6
Competitive,All,ilios,Sojourn,DAMAGE,44.5,11.5
Competitive,All,ilios,Soldier: 76,DAMAGE,47.4,14.8
Competitive,All,ilios,Sombra,DAMAGE,49.4,4.0
Competitive,All,ilios,Symmetra,DAMAGE,55.5,4.2
Competitive,All,ilios,Torbjörn,DAMAGE,52.9,2.6
Competitive,All,ilios,Tracer,DAMAGE,50.0,12.9
Competitive,All,ilios,Vendetta,DAMAGE,52.2,4.4
Competitive,All,ilios,Venture,DAMAGE,52.3,4.5
Competitive,All,ilios,Widowmaker,DAMAGE,45.6,3.1
Competitive,All,ilios,Winston,TANK,53.5,12.1
Competitive,All,ilios,Wrecking Ball,TANK,48.4,3.7
Competitive,All,ilios,Wuyang,SUPPORT,52.2,12.6
Competitive,All,ilios,Zarya,TANK,46.6,6.8
Competitive,All,ilios,Zenyatta,SUPPORT,52.0,8.4
Competitive,All,nepal,Ana,SUPPORT,47.1,42.7
Competitive,All,nepal,Anran,DAMAGE,50.8,12.3
Competitive,All,nepal,Ashe,DAMAGE,48.3,7.0
Competitive,All,nepal,Baptiste,SUPPORT,45.8,5.9
Competitive,All,nepal,Bastion,DAMAGE,48.1,6.7
Competitive,All,nepal,Brigitte,SUPPORT,49.7,3.9
Competitive,All,nepal,Cassidy,DAMAGE,46.8,26.2
Competitive,All,nepal,D.Va,TANK,45.8,6.8
Competitive,All,nepal,Domina,TANK,53.6,7.9
Competitive,All,nepal,Doomfist,TANK,50.2,7.6
Competitive,All,nepal,Echo,DAMAGE,50.5,5.4
Competitive,All,nepal,Emre,DAMAGE,50.4,18.9
Competitive,All,nepal,Freja,DAMAGE,44.8,3.5
Competitive,All,nepal,Genji,DAMAGE,50.9,14.7
Competitive,All,nepal,Hanzo,DAMAGE,50.0,5.4
Competitive,All,nepal,Hazard,TANK,53.6,3.0
Competitive,All,nepal,Illari,SUPPORT,53.6,8.7
Competitive,All,nepal,Jetpack Cat,SUPPORT,52.5,4.2
Competitive,All,nepal,Junker Queen,TANK,52.4,3.1
Competitive,All,nepal,Junkrat,DAMAGE,51.9,6.9
Competitive,All,nepal,Juno,SUPPORT,50.3,9.8
Competitive,All,nepal,Kiriko,SUPPORT,47.9,40.6
Competitive,All,nepal,Lifeweaver,SUPPORT,43.8,3.4
Competitive,All,nepal,Lúcio,SUPPORT,50.1,7.8
Competitive,All,nepal,Mauga,TANK,48.4,4.1
Competitive,All,nepal,Mei,DAMAGE,52.1,7.1
Competitive,All,nepal,Mercy,SUPPORT,48.3,7.0
Competitive,All,nepal,Mizuki,SUPPORT,53.3,19.7
Competitive,All,nepal,Moira,SUPPORT,51.2,21.3
Competitive,All,nepal,Orisa,TANK,47.6,12.0
Competitive,All,nepal,Pharah,DAMAGE,53.6,6.3
Competitive,All,nepal,Ramattra,TANK,49.1,5.9
Competitive,All,nepal,Reaper,DAMAGE,53.2,14.0
Competitive,All,nepal,Reinhardt,TANK,51.9,9.0
Competitive,All,nepal,Roadhog,TANK,49.8,9.5
Competitive,All,nepal,Sigma,TANK,52.1,10.0
Competitive,All,nepal,Sojourn,DAMAGE,46.6,15.3
Competitive,All,nepal,Soldier: 76,DAMAGE,48.5,16.1
Competitive,All,nepal,Sombra,DAMAGE,48.9,3.4
Competitive,All,nepal,Symmetra,DAMAGE,60.6,6.9
Competitive,All,nepal,Torbjörn,DAMAGE,50.3,2.6
Competitive,All,nepal,Tracer,DAMAGE,48.7,11.9
Competitive,All,nepal,Vendetta,DAMAGE,51.8,4.1
Competitive,All,nepal,Venture,DAMAGE,51.1,4.3
Competitive,All,nepal,Widowmaker,DAMAGE,37.9,1.0
Competitive,All,nepal,Winston,TANK,50.4,8.4
Competitive,All,nepal,Wrecking Ball,TANK,46.4,3.3
Competitive,All,nepal,Wuyang,SUPPORT,52.6,15.0
Competitive,All,nepal,Zarya,TANK,49.5,9.3
Competitive,All,nepal,Zenyatta,SUPPORT,52.0,10.1
Competitive,All,lijiang-tower,Ana,SUPPORT,46.5,42.5
Competitive,All,lijiang-tower,Anran,DAMAGE,50.2,11.7
Competitive,All,lijiang-tower,Ashe,DAMAGE,45.3,6.0
Competitive,All,lijiang-tower,Baptiste,SUPPORT,44.8,5.7
Competitive,All,lijiang-tower,Bastion,DAMAGE,48.5,6.7
Competitive,All,lijiang-tower,Brigitte,SUPPORT,49.0,4.1
Competitive,All,lijiang-tower,Cassidy,DAMAGE,46.4,27.6
Competitive,All,lijiang-tower,D.Va,TANK,45.1,6.8
Competitive,All,lijiang-tower,Domina,TANK,54.8,7.7
Competitive,All,lijiang-tower,Doomfist,TANK,51.4,8.1
Competitive,All,lijiang-tower,Echo,DAMAGE,49.0,5.6
Competitive,All,lijiang-tower,Emre,DAMAGE,49.2,17.3
Competitive,All,lijiang-tower,Freja,DAMAGE,45.5,3.4
Competitive,All,lijiang-tower,Genji,DAMAGE,51.3,13.4
Competitive,All,lijiang-tower,Hanzo,DAMAGE,49.5,5.3
Competitive,All,lijiang-tower,Hazard,TANK,52.7,2.8
Competitive,All,lijiang-tower,Illari,SUPPORT,53.8,8.3
Competitive,All,lijiang-tower,Jetpack Cat,SUPPORT,51.2,5.0
Competitive,All,lijiang-tower,Junker Queen,TANK,51.9,3.1
Competitive,All,lijiang-tower,Junkrat,DAMAGE,50.8,7.8
Competitive,All,lijiang-tower,Juno,SUPPORT,50.3,9.1
Competitive,All,lijiang-tower,Kiriko,SUPPORT,48.5,39.6
Competitive,All,lijiang-tower,Lifeweaver,SUPPORT,43.3,3.1
Competitive,All,lijiang-tower,Lúcio,SUPPORT,53.3,11.1
Competitive,All,lijiang-tower,Mauga,TANK,47.6,4.0
Competitive,All,lijiang-tower,Mei,DAMAGE,51.4,6.8
Competitive,All,lijiang-tower,Mercy,SUPPORT,47.0,7.0
Competitive,All,lijiang-tower,Mizuki,SUPPORT,53.6,19.9
Competitive,All,lijiang-tower,Moira,SUPPORT,51.5,20.4
Competitive,All,lijiang-tower,Orisa,TANK,47.7,12.6
Competitive,All,lijiang-tower,Pharah,DAMAGE,57.7,10.8
Competitive,All,lijiang-tower,Ramattra,TANK,48.5,5.7
Competitive,All,lijiang-tower,Reaper,DAMAGE,52.9,13.1
Competitive,All,lijiang-tower,Reinhardt,TANK,52.9,9.6
Competitive,All,lijiang-tower,Roadhog,TANK,48.4,8.3
Competitive,All,lijiang-tower,Sigma,TANK,50.5,8.7
Competitive,All,lijiang-tower,Sojourn,DAMAGE,45.8,14.1
Competitive,All,lijiang-tower,Soldier: 76,DAMAGE,47.8,15.1
Competitive,All,lijiang-tower,Sombra,DAMAGE,47.5,3.2
Competitive,All,lijiang-tower,Symmetra,DAMAGE,61.8,7.8
Competitive,All,lijiang-tower,Torbjörn,DAMAGE,52.8,2.4
Competitive,All,lijiang-tower,Tracer,DAMAGE,49.4,12.4
Competitive,All,lijiang-tower,Vendetta,DAMAGE,52.4,4.1
Competitive,All,lijiang-tower,Venture,DAMAGE,52.2,4.3
Competitive,All,lijiang-tower,Widowmaker,DAMAGE,36.4,1.0
Competitive,All,lijiang-tower,Winston,TANK,50.7,8.2
Competitive,All,lijiang-tower,Wrecking Ball,TANK,50.8,4.5
Competitive,All,lijiang-tower,Wuyang,SUPPORT,51.3,14.4
Competitive,All,lijiang-tower,Zarya,TANK,49.3,9.9
Competitive,All,lijiang-tower,Zenyatta,SUPPORT,51.6,9.6
Competitive,All,oasis,Ana,SUPPORT,47.9,40.5
Competitive,All,oasis,Anran,DAMAGE,51.5,12.0
Competitive,All,oasis,Ashe,DAMAGE,47.3,6.0
Competitive,All,oasis,Baptiste,SUPPORT,45.8,6.3
Competitive,All,oasis,Bastion,DAMAGE,48.2,6.5
Competitive,All,oasis,Brigitte,SUPPORT,47.6,4.6
Competitive,All,oasis,Cassidy,DAMAGE,49.1,31.8
Competitive,All,oasis,D.Va,TANK,47.6,8.3
Competitive,All,oasis,Domina,TANK,52.1,7.5
Competitive,All,oasis,Doomfist,TANK,50.0,7.2
Competitive,All,oasis,Echo,DAMAGE,51.4,5.6
Competitive,All,oasis,Emre,DAMAGE,50.4,18.1
Competitive,All,oasis,Freja,DAMAGE,46.5,3.5
Competitive,All,oasis,Genji,DAMAGE,50.5,14.1
Competitive,All,oasis,Hanzo,DAMAGE,47.7,4.8
Competitive,All,oasis,Hazard,TANK,53.8,3.4
Competitive,All,oasis,Illari,SUPPORT,54.5,8.6
Competitive,All,oasis,Jetpack Cat,SUPPORT,50.9,4.2
Competitive,All,oasis,Junker Queen,TANK,52.0,3.5
Competitive,All,oasis,Junkrat,DAMAGE,48.2,4.6
Competitive,All,oasis,Juno,SUPPORT,49.3,9.6
Competitive,All,oasis,Kiriko,SUPPORT,49.0,42.9
Competitive,All,oasis,Lifeweaver,SUPPORT,41.7,3.3
Competitive,All,oasis,Lúcio,SUPPORT,48.5,6.6
Competitive,All,oasis,Mauga,TANK,47.3,4.3
Competitive,All,oasis,Mei,DAMAGE,52.1,6.8
Competitive,All,oasis,Mercy,SUPPORT,47.4,7.0
Competitive,All,oasis,Mizuki,SUPPORT,52.5,20.8
Competitive,All,oasis,Moira,SUPPORT,51.1,21.8
Competitive,All,oasis,Orisa,TANK,48.0,11.3
Competitive,All,oasis,Pharah,DAMAGE,54.5,5.8
Competitive,All,oasis,Ramattra,TANK,48.1,5.5
Competitive,All,oasis,Reaper,DAMAGE,52.3,14.5
Competitive,All,oasis,Reinhardt,TANK,49.1,7.4
Competitive,All,oasis,Roadhog,TANK,49.9,8.5
Competitive,All,oasis,Sigma,TANK,51.7,9.3
Competitive,All,oasis,Sojourn,DAMAGE,44.6,14.3
Competitive,All,oasis,Soldier: 76,DAMAGE,50.7,16.6
Competitive,All,oasis,Sombra,DAMAGE,49.7,4.0
Competitive,All,oasis,Symmetra,DAMAGE,54.4,3.9
Competitive,All,oasis,Torbjörn,DAMAGE,52.9,2.9
Competitive,All,oasis,Tracer,DAMAGE,50.3,15.1
Competitive,All,oasis,Vendetta,DAMAGE,52.1,4.0
Competitive,All,oasis,Venture,DAMAGE,51.5,4.3
Competitive,All,oasis,Widowmaker,DAMAGE,36.5,0.9
Competitive,All,oasis,Winston,TANK,52.5,10.9
Competitive,All,oasis,Wrecking Ball,TANK,47.5,3.9
Competitive,All,oasis,Wuyang,SUPPORT,53.8,14.4
Competitive,All,oasis,Zarya,TANK,50.7,9.0
Competitive,All,oasis,Zenyatta,SUPPORT,51.9,9.5
Competitive,All,samoa,Ana,SUPPORT,47.8,40.4
Competitive,All,samoa,Anran,DAMAGE,50.9,13.0
Competitive,All,samoa,Ashe,DAMAGE,48.8,7.4
Competitive,All,samoa,Baptiste,SUPPORT,47.5,6.5
Competitive,All,samoa,Bastion,DAMAGE,48.8,7.4
Competitive,All,samoa,Brigitte,SUPPORT,50.3,4.7
Competitive,All,samoa,Cassidy,DAMAGE,48.0,28.8
Competitive,All,samoa,D.Va,TANK,45.5,6.6
Competitive,All,samoa,Domina,TANK,54.7,8.4
Competitive,All,samoa,Doomfist,TANK,48.1,6.7
Competitive,All,samoa,Echo,DAMAGE,51.3,4.9
Competitive,All,samoa,Emre,DAMAGE,52.8,20.5
Competitive,All,samoa,Freja,DAMAGE,46.1,3.3
Competitive,All,samoa,Genji,DAMAGE,49.9,11.9
Competitive,All,samoa,Hanzo,DAMAGE,46.7,4.7
Competitive,All,samoa,Hazard,TANK,52.1,3.1
Competitive,All,samoa,Illari,SUPPORT,54.4,9.2
Competitive,All,samoa,Jetpack Cat,SUPPORT,48.8,3.6
Competitive,All,samoa,Junker Queen,TANK,52.9,3.7
Competitive,All,samoa,Junkrat,DAMAGE,50.2,4.5
Competitive,All,samoa,Juno,SUPPORT,50.9,10.1
Competitive,All,samoa,Kiriko,SUPPORT,47.7,43.2
Competitive,All,samoa,Lifeweaver,SUPPORT,44.6,3.2
Competitive,All,samoa,Lúcio,SUPPORT,50.4,5.7
Competitive,All,samoa,Mauga,TANK,49.2,5.1
Competitive,All,samoa,Mei,DAMAGE,51.1,6.8
Competitive,All,samoa,Mercy,SUPPORT,46.5,5.6
Competitive,All,samoa,Mizuki,SUPPORT,53.3,20.6
Competitive,All,samoa,Moira,SUPPORT,50.9,22.2
Competitive,All,samoa,Orisa,TANK,47.0,11.6
Competitive,All,samoa,Pharah,DAMAGE,49.9,4.6
Competitive,All,samoa,Ramattra,TANK,49.6,6.4
Competitive,All,samoa,Reaper,DAMAGE,53.5,14.4
Competitive,All,samoa,Reinhardt,TANK,51.2,7.8
Competitive,All,samoa,Roadhog,TANK,49.3,7.7
Competitive,All,samoa,Sigma,TANK,53.2,11.1
Competitive,All,samoa,Sojourn,DAMAGE,45.9,17.0
Competitive,All,samoa,Soldier: 76,DAMAGE,49.1,14.6
Competitive,All,samoa,Sombra,DAMAGE,48.9,4.0
Competitive,All,samoa,Symmetra,DAMAGE,56.1,4.4
Competitive,All,samoa,Torbjörn,DAMAGE,53.0,3.3
Competitive,All,samoa,Tracer,DAMAGE,50.9,15.7
Competitive,All,samoa,Vendetta,DAMAGE,51.2,3.6
Competitive,All,samoa,Venture,DAMAGE,51.7,4.2
Competitive,All,samoa,Widowmaker,DAMAGE,36.7,0.9
Competitive,All,samoa,Winston,TANK,50.0,9.5
Competitive,All,samoa,Wrecking Ball,TANK,46.9,3.4
Competitive,All,samoa,Wuyang,SUPPORT,52.3,15.3
Competitive,All,samoa,Zarya,TANK,50.4,8.8
Competitive,All,samoa,Zenyatta,SUPPORT,51.1,9.7
Competitive,All,busan,Ana,SUPPORT,47.5,42.1
Competitive,All,busan,Anran,DAMAGE,49.7,11.5
Competitive,All,busan,Ashe,DAMAGE,50.0,10.2
Competitive,All,busan,Baptiste,SUPPORT,47.1,5.9
Competitive,All,busan,Bastion,DAMAGE,48.3,6.9
Competitive,All,busan,Brigitte,SUPPORT,49.0,4.2
Competitive,All,busan,Cassidy,DAMAGE,48.2,26.4
Competitive,All,busan,D.Va,TANK,47.6,9.0
Competitive,All,busan,Domina,TANK,52.9,7.5
Competitive,All,busan,Doomfist,TANK,49.4,6.6
Competitive,All,busan,Echo,DAMAGE,49.2,4.4
Competitive,All,busan,Emre,DAMAGE,53.0,20.2
Competitive,All,busan,Freja,DAMAGE,46.8,3.7
Competitive,All,busan,Genji,DAMAGE,50.6,13.9
Competitive,All,busan,Hanzo,DAMAGE,48.9,5.1
Competitive,All,busan,Hazard,TANK,52.6,3.2
Competitive,All,busan,Illari,SUPPORT,54.7,8.5
Competitive,All,busan,Jetpack Cat,SUPPORT,49.2,4.2
Competitive,All,busan,Junker Queen,TANK,50.6,3.1
Competitive,All,busan,Junkrat,DAMAGE,48.3,4.7
Competitive,All,busan,Juno,SUPPORT,50.9,10.6
Competitive,All,busan,Kiriko,SUPPORT,48.1,42.8
Competitive,All,busan,Lifeweaver,SUPPORT,45.0,3.4
Competitive,All,busan,Lúcio,SUPPORT,47.4,5.6
Competitive,All,busan,Mauga,TANK,49.2,4.2
Competitive,All,busan,Mei,DAMAGE,50.3,6.6
Competitive,All,busan,Mercy,SUPPORT,48.4,7.2
Competitive,All,busan,Mizuki,SUPPORT,52.4,19.2
Competitive,All,busan,Moira,SUPPORT,51.8,22.2
Competitive,All,busan,Orisa,TANK,48.1,10.9
Competitive,All,busan,Pharah,DAMAGE,50.4,3.8
Competitive,All,busan,Ramattra,TANK,48.2,5.8
Competitive,All,busan,Reaper,DAMAGE,50.9,13.6
Competitive,All,busan,Reinhardt,TANK,50.4,7.6
Competitive,All,busan,Roadhog,TANK,48.8,7.4
Competitive,All,busan,Sigma,TANK,51.0,10.1
Competitive,All,busan,Sojourn,DAMAGE,45.8,14.6
Competitive,All,busan,Soldier: 76,DAMAGE,51.3,18.9
Competitive,All,busan,Sombra,DAMAGE,48.8,4.3
Competitive,All,busan,Symmetra,DAMAGE,54.6,3.4
Competitive,All,busan,Torbjörn,DAMAGE,55.0,3.1
Competitive,All,busan,Tracer,DAMAGE,50.0,13.7
Competitive,All,busan,Vendetta,DAMAGE,51.7,3.8
Competitive,All,busan,Venture,DAMAGE,52.9,3.8
Competitive,All,busan,Widowmaker,DAMAGE,49.2,3.3
Competitive,All,busan,Winston,TANK,52.8,12.1
Competitive,All,busan,Wrecking Ball,TANK,48.9,3.9
Competitive,All,busan,Wuyang,SUPPORT,53.1,14.3
Competitive,All,busan,Zarya,TANK,49.8,8.4
Competitive,All,busan,Zenyatta,SUPPORT,51.3,9.9
Competitive,All,route-66,Ana,SUPPORT,51.0,47.6
Competitive,All,route-66,Anran,DAMAGE,53.7,8.5
Competitive,All,route-66,Ashe,DAMAGE,51.8,16.9
Competitive,All,route-66,Baptiste,SUPPORT,45.1,7.7
Competitive,All,route-66,Bastion,DAMAGE,46.3,9.6
Competitive,All,route-66,Brigitte,SUPPORT,46.7,3.1
Competitive,All,route-66,Cassidy,DAMAGE,46.9,20.0
Competitive,All,route-66,D.Va,TANK,49.3,10.4
Competitive,All,route-66,Domina,TANK,52.5,7.5
Competitive,All,route-66,Doomfist,TANK,50.6,5.5
Competitive,All,route-66,Echo,DAMAGE,52.2,5.5
Competitive,All,route-66,Emre,DAMAGE,51.2,20.9
Competitive,All,route-66,Freja,DAMAGE,49.9,5.6
Competitive,All,route-66,Genji,DAMAGE,53.3,14.0
Competitive,All,route-66,Hanzo,DAMAGE,49.8,7.1
Competitive,All,route-66,Hazard,TANK,54.5,2.8
Competitive,All,route-66,Illari,SUPPORT,54.4,14.1
Competitive,All,route-66,Jetpack Cat,SUPPORT,50.4,3.9
Competitive,All,route-66,Junker Queen,TANK,47.6,1.9
Competitive,All,route-66,Junkrat,DAMAGE,47.8,5.3
Competitive,All,route-66,Juno,SUPPORT,50.1,10.9
Competitive,All,route-66,Kiriko,SUPPORT,48.1,38.3
Competitive,All,route-66,Lifeweaver,SUPPORT,46.0,4.4
Competitive,All,route-66,Lúcio,SUPPORT,44.6,3.9
Competitive,All,route-66,Mauga,TANK,46.2,3.3
Competitive,All,route-66,Mei,DAMAGE,51.2,7.0
Competitive,All,route-66,Mercy,SUPPORT,49.8,10.1
Competitive,All,route-66,Mizuki,SUPPORT,52.4,14.2
Competitive,All,route-66,Moira,SUPPORT,46.8,16.6
Competitive,All,route-66,Orisa,TANK,46.1,10.2
Competitive,All,route-66,Pharah,DAMAGE,50.5,5.0
Competitive,All,route-66,Ramattra,TANK,45.9,5.1
Competitive,All,route-66,Reaper,DAMAGE,50.8,13.4
Competitive,All,route-66,Reinhardt,TANK,47.5,6.4
Competitive,All,route-66,Roadhog,TANK,46.9,6.8
Competitive,All,route-66,Sigma,TANK,53.1,16.1
Competitive,All,route-66,Sojourn,DAMAGE,45.2,14.4
Competitive,All,route-66,Soldier: 76,DAMAGE,48.6,17.8
Competitive,All,route-66,Sombra,DAMAGE,50.6,3.4
Competitive,All,route-66,Symmetra,DAMAGE,49.6,2.8
Competitive,All,route-66,Torbjörn,DAMAGE,50.8,4.2
Competitive,All,route-66,Tracer,DAMAGE,49.6,6.7
Competitive,All,route-66,Vendetta,DAMAGE,52.9,3.2
Competitive,All,route-66,Venture,DAMAGE,53.6,3.6
Competitive,All,route-66,Widowmaker,DAMAGE,50.8,5.0
Competitive,All,route-66,Winston,TANK,53.5,13.9
Competitive,All,route-66,Wrecking Ball,TANK,52.4,3.1
Competitive,All,route-66,Wuyang,SUPPORT,53.4,13.2
Competitive,All,route-66,Zarya,TANK,48.7,7.0
Competitive,All,route-66,Zenyatta,SUPPORT,52.0,11.9
Competitive,All,havana,Ana,SUPPORT,51.7,51.5
Competitive,All,havana,Anran,DAMAGE,51.1,7.5
Competitive,All,havana,Ashe,DAMAGE,52.4,18.4
Competitive,All,havana,Baptiste,SUPPORT,46.0,7.5
Competitive,All,havana,Bastion,DAMAGE,47.7,9.5
Competitive,All,havana,Brigitte,SUPPORT,45.8,1.9
Competitive,All,havana,Cassidy,DAMAGE,47.0,16.0
Competitive,All,havana,D.Va,TANK,48.6,7.8
Competitive,All,havana,Domina,TANK,54.7,8.9
Competitive,All,havana,Doomfist,TANK,49.9,4.9
Competitive,All,havana,Echo,DAMAGE,49.1,3.4
Competitive,All,havana,Emre,DAMAGE,53.0,21.7
Competitive,All,havana,Freja,DAMAGE,48.0,5.3
Competitive,All,havana,Genji,DAMAGE,52.1,12.9
Competitive,All,havana,Hanzo,DAMAGE,51.9,10.0
Competitive,All,havana,Hazard,TANK,49.2,1.8
Competitive,All,havana,Illari,SUPPORT,53.7,15.0
Competitive,All,havana,Jetpack Cat,SUPPORT,49.8,3.3
Competitive,All,havana,Junker Queen,TANK,48.3,1.8
Competitive,All,havana,Junkrat,DAMAGE,46.1,5.0
Competitive,All,havana,Juno,SUPPORT,49.3,9.9
Competitive,All,havana,Kiriko,SUPPORT,47.8,37.4
Competitive,All,havana,Lifeweaver,SUPPORT,46.9,4.3
Competitive,All,havana,Lúcio,SUPPORT,44.9,3.3
Competitive,All,havana,Mauga,TANK,46.0,3.3
Competitive,All,havana,Mei,DAMAGE,50.7,7.4
Competitive,All,havana,Mercy,SUPPORT,47.8,9.2
Competitive,All,havana,Mizuki,SUPPORT,51.2,12.9
Competitive,All,havana,Moira,SUPPORT,45.6,15.4
Competitive,All,havana,Orisa,TANK,48.1,11.4
Competitive,All,havana,Pharah,DAMAGE,48.8,3.4
Competitive,All,havana,Ramattra,TANK,47.9,6.3
Competitive,All,havana,Reaper,DAMAGE,48.0,11.1
Competitive,All,havana,Reinhardt,TANK,46.3,7.1
Competitive,All,havana,Roadhog,TANK,45.3,6.1
Competitive,All,havana,Sigma,TANK,56.1,20.6
Competitive,All,havana,Sojourn,DAMAGE,45.8,16.0
Competitive,All,havana,Soldier: 76,DAMAGE,48.6,17.2
Competitive,All,havana,Sombra,DAMAGE,50.9,3.6
Competitive,All,havana,Symmetra,DAMAGE,50.2,2.8
Competitive,All,havana,Torbjörn,DAMAGE,51.0,4.5
Competitive,All,havana,Tracer,DAMAGE,48.1,6.3
Competitive,All,havana,Vendetta,DAMAGE,53.6,2.8
Competitive,All,havana,Venture,DAMAGE,51.2,3.0
Competitive,All,havana,Widowmaker,DAMAGE,54.3,12.3
Competitive,All,havana,Winston,TANK,49.2,10.1
Competitive,All,havana,Wrecking Ball,TANK,49.6,2.6
Competitive,All,havana,Wuyang,SUPPORT,53.6,12.9
Competitive,All,havana,Zarya,TANK,48.1,7.3
Competitive,All,havana,Zenyatta,SUPPORT,54.3,15.5
Competitive,All,junkertown,Ana,SUPPORT,52.0,49.3
Competitive,All,junkertown,Anran,DAMAGE,53.5,8.1
Competitive,All,junkertown,Ashe,DAMAGE,53.7,17.5
Competitive,All,junkertown,Baptiste,SUPPORT,45.5,7.7
Competitive,All,junkertown,Bastion,DAMAGE,47.7,9.5
Competitive,All,junkertown,Brigitte,SUPPORT,47.1,2.8
Competitive,All,junkertown,Cassidy,DAMAGE,48.2,19.5
Competitive,All,junkertown,D.Va,TANK,49.5,8.9
Competitive,All,junkertown,Domina,TANK,53.8,7.6
Competitive,All,junkertown,Doomfist,TANK,51.3,5.3
Competitive,All,junkertown,Echo,DAMAGE,52.3,4.3
Competitive,All,junkertown,Emre,DAMAGE,51.6,21.5
Competitive,All,junkertown,Freja,DAMAGE,48.8,5.2
Competitive,All,junkertown,Genji,DAMAGE,50.6,13.0
Competitive,All,junkertown,Hanzo,DAMAGE,49.4,7.6
Competitive,All,junkertown,Hazard,TANK,52.8,2.4
Competitive,All,junkertown,Illari,SUPPORT,55.2,13.9
Competitive,All,junkertown,Jetpack Cat,SUPPORT,50.3,3.5
Competitive,All,junkertown,Junker Queen,TANK,45.8,2.1
Competitive,All,junkertown,Junkrat,DAMAGE,45.4,4.9
Competitive,All,junkertown,Juno,SUPPORT,49.6,10.5
Competitive,All,junkertown,Kiriko,SUPPORT,48.6,38.5
Competitive,All,junkertown,Lifeweaver,SUPPORT,44.6,4.3
Competitive,All,junkertown,Lúcio,SUPPORT,41.6,3.5
Competitive,All,junkertown,Mauga,TANK,48.1,3.6
Competitive,All,junkertown,Mei,DAMAGE,49.8,6.7
Competitive,All,junkertown,Mercy,SUPPORT,48.1,9.2
Competitive,All,junkertown,Mizuki,SUPPORT,50.7,13.7
Competitive,All,junkertown,Moira,SUPPORT,46.9,16.7
Competitive,All,junkertown,Orisa,TANK,46.2,10.9
Competitive,All,junkertown,Pharah,DAMAGE,50.0,4.0
Competitive,All,junkertown,Ramattra,TANK,45.1,5.3
Competitive,All,junkertown,Reaper,DAMAGE,49.6,12.0
Competitive,All,junkertown,Reinhardt,TANK,47.8,6.5
Competitive,All,junkertown,Roadhog,TANK,46.7,7.0
Competitive,All,junkertown,Sigma,TANK,54.7,18.4
Competitive,All,junkertown,Sojourn,DAMAGE,45.6,14.6
Competitive,All,junkertown,Soldier: 76,DAMAGE,49.4,18.7
Competitive,All,junkertown,Sombra,DAMAGE,50.4,3.8
Competitive,All,junkertown,Symmetra,DAMAGE,49.5,2.5
Competitive,All,junkertown,Torbjörn,DAMAGE,46.6,4.2
Competitive,All,junkertown,Tracer,DAMAGE,49.3,7.0
Competitive,All,junkertown,Vendetta,DAMAGE,53.0,3.0
Competitive,All,junkertown,Venture,DAMAGE,52.8,3.3
Competitive,All,junkertown,Widowmaker,DAMAGE,53.9,9.1
Competitive,All,junkertown,Winston,TANK,52.3,12.1
Competitive,All,junkertown,Wrecking Ball,TANK,51.2,3.4
Competitive,All,junkertown,Wuyang,SUPPORT,52.8,13.2
Competitive,All,junkertown,Zarya,TANK,46.9,6.7
Competitive,All,junkertown,Zenyatta,SUPPORT,53.2,13.2
Competitive,All,dorado,Ana,SUPPORT,51.0,45.3
Competitive,All,dorado,Anran,DAMAGE,53.1,8.5
Competitive,All,dorado,Ashe,DAMAGE,52.4,14.6
Competitive,All,dorado,Baptiste,SUPPORT,44.1,7.8
Competitive,All,dorado,Bastion,DAMAGE,46.1,8.6
Competitive,All,dorado,Brigitte,SUPPORT,47.2,3.9
Competitive,All,dorado,Cassidy,DAMAGE,46.6,20.4
Competitive,All,dorado,D.Va,TANK,50.5,13.4
Competitive,All,dorado,Domina,TANK,50.3,6.7
Competitive,All,dorado,Doomfist,TANK,52.1,6.0
Competitive,All,dorado,Echo,DAMAGE,53.8,8.0
Competitive,All,dorado,Emre,DAMAGE,51.7,20.1
Competitive,All,dorado,Freja,DAMAGE,48.5,5.2
Competitive,All,dorado,Genji,DAMAGE,53.2,15.7
Competitive,All,dorado,Hanzo,DAMAGE,49.8,6.0
Competitive,All,dorado,Hazard,TANK,53.7,3.4
Competitive,All,dorado,Illari,SUPPORT,52.6,13.4
Competitive,All,dorado,Jetpack Cat,SUPPORT,50.3,4.6
Competitive,All,dorado,Junker Queen,TANK,48.5,1.7
Competitive,All,dorado,Junkrat,DAMAGE,48.6,6.0
Competitive,All,dorado,Juno,SUPPORT,49.7,10.3
Competitive,All,dorado,Kiriko,SUPPORT,49.4,42.2
Competitive,All,dorado,Lifeweaver,SUPPORT,46.6,4.5
Competitive,All,dorado,Lúcio,SUPPORT,45.8,4.0
Competitive,All,dorado,Mauga,TANK,48.7,3.1
Competitive,All,dorado,Mei,DAMAGE,49.5,6.7
Competitive,All,dorado,Mercy,SUPPORT,49.6,9.9
Competitive,All,dorado,Mizuki,SUPPORT,51.8,14.1
Competitive,All,dorado,Moira,SUPPORT,48.0,17.2
Competitive,All,dorado,Orisa,TANK,45.2,9.4
Competitive,All,dorado,Pharah,DAMAGE,53.6,6.0
Competitive,All,dorado,Ramattra,TANK,46.2,4.5
Competitive,All,dorado,Reaper,DAMAGE,50.6,15.9
Competitive,All,dorado,Reinhardt,TANK,47.6,6.0
Competitive,All,dorado,Roadhog,TANK,45.1,6.5
Competitive,All,dorado,Sigma,TANK,50.9,13.0
Competitive,All,dorado,Sojourn,DAMAGE,44.7,12.4
Competitive,All,dorado,Soldier: 76,DAMAGE,48.1,17.7
Competitive,All,dorado,Sombra,DAMAGE,46.9,3.4
Competitive,All,dorado,Symmetra,DAMAGE,52.2,3.9
Competitive,All,dorado,Torbjörn,DAMAGE,50.7,4.0
Competitive,All,dorado,Tracer,DAMAGE,49.2,6.7
Competitive,All,dorado,Vendetta,DAMAGE,51.6,3.4
Competitive,All,dorado,Venture,DAMAGE,53.0,3.6
Competitive,All,dorado,Widowmaker,DAMAGE,47.6,3.1
Competitive,All,dorado,Winston,TANK,55.3,16.9
Competitive,All,dorado,Wrecking Ball,TANK,53.9,3.2
Competitive,All,dorado,Wuyang,SUPPORT,53.5,12.8
Competitive,All,dorado,Zarya,TANK,46.7,6.3
Competitive,All,dorado,Zenyatta,SUPPORT,51.6,10.0
Competitive,All,watchpoint-gibraltar,Ana,SUPPORT,50.9,46.5
Competitive,All,watchpoint-gibraltar,Anran,DAMAGE,51.9,8.0
Competitive,All,watchpoint-gibraltar,Ashe,DAMAGE,52.8,16.6
Competitive,All,watchpoint-gibraltar,Baptiste,SUPPORT,46.8,7.7
Competitive,All,watchpoint-gibraltar,Bastion,DAMAGE,46.6,8.7
Competitive,All,watchpoint-gibraltar,Brigitte,SUPPORT,47.8,3.9
Competitive,All,watchpoint-gibraltar,Cassidy,DAMAGE,47.5,19.3
Competitive,All,watchpoint-gibraltar,D.Va,TANK,51.6,14.6
Competitive,All,watchpoint-gibraltar,Domina,TANK,52.0,6.0
Competitive,All,watchpoint-gibraltar,Doomfist,TANK,51.5,6.0
Competitive,All,watchpoint-gibraltar,Echo,DAMAGE,52.8,7.0
Competitive,All,watchpoint-gibraltar,Emre,DAMAGE,50.9,20.5
Competitive,All,watchpoint-gibraltar,Freja,DAMAGE,49.0,5.5
Competitive,All,watchpoint-gibraltar,Genji,DAMAGE,53.7,16.1
Competitive,All,watchpoint-gibraltar,Hanzo,DAMAGE,48.2,6.7
Competitive,All,watchpoint-gibraltar,Hazard,TANK,53.5,3.5
Competitive,All,watchpoint-gibraltar,Illari,SUPPORT,53.1,12.3
Competitive,All,watchpoint-gibraltar,Jetpack Cat,SUPPORT,51.7,4.9
Competitive,All,watchpoint-gibraltar,Junker Queen,TANK,48.6,1.5
Competitive,All,watchpoint-gibraltar,Junkrat,DAMAGE,47.4,4.9
Competitive,All,watchpoint-gibraltar,Juno,SUPPORT,50.1,11.1
Competitive,All,watchpoint-gibraltar,Kiriko,SUPPORT,49.7,42.9
Competitive,All,watchpoint-gibraltar,Lifeweaver,SUPPORT,44.8,5.0
Competitive,All,watchpoint-gibraltar,Lúcio,SUPPORT,44.7,3.8
Competitive,All,watchpoint-gibraltar,Mauga,TANK,49.7,3.1
Competitive,All,watchpoint-gibraltar,Mei,DAMAGE,48.9,5.8
Competitive,All,watchpoint-gibraltar,Mercy,SUPPORT,48.3,10.7
Competitive,All,watchpoint-gibraltar,Mizuki,SUPPORT,52.0,13.3
Competitive,All,watchpoint-gibraltar,Moira,SUPPORT,47.8,16.1
Competitive,All,watchpoint-gibraltar,Orisa,TANK,46.1,9.0
Competitive,All,watchpoint-gibraltar,Pharah,DAMAGE,52.5,4.6
Competitive,All,watchpoint-gibraltar,Ramattra,TANK,45.9,3.9
Competitive,All,watchpoint-gibraltar,Reaper,DAMAGE,51.3,14.7
Competitive,All,watchpoint-gibraltar,Reinhardt,TANK,46.2,5.3
Competitive,All,watchpoint-gibraltar,Roadhog,TANK,44.7,6.5
Competitive,All,watchpoint-gibraltar,Sigma,TANK,50.9,11.9
Competitive,All,watchpoint-gibraltar,Sojourn,DAMAGE,44.6,12.0
Competitive,All,watchpoint-gibraltar,Soldier: 76,DAMAGE,48.5,18.7
Competitive,All,watchpoint-gibraltar,Sombra,DAMAGE,48.2,3.6
Competitive,All,watchpoint-gibraltar,Symmetra,DAMAGE,50.9,2.9
Competitive,All,watchpoint-gibraltar,Torbjörn,DAMAGE,48.0,3.8
Competitive,All,watchpoint-gibraltar,Tracer,DAMAGE,50.4,7.7
Competitive,All,watchpoint-gibraltar,Vendetta,DAMAGE,53.7,3.6
Competitive,All,watchpoint-gibraltar,Venture,DAMAGE,53.4,3.5
Competitive,All,watchpoint-gibraltar,Widowmaker,DAMAGE,50.4,5.5
Competitive,All,watchpoint-gibraltar,Winston,TANK,54.2,19.5
Competitive,All,watchpoint-gibraltar,Wrecking Ball,TANK,51.6,3.4
Competitive,All,watchpoint-gibraltar,Wuyang,SUPPORT,54.0,12.0
Competitive,All,watchpoint-gibraltar,Zarya,TANK,45.6,5.9
Competitive,All,watchpoint-gibraltar,Zenyatta,SUPPORT,50.3,9.8
Competitive,All,circuit-royal,Ana,SUPPORT,50.8,52.5
Competitive,All,circuit-royal,Anran,DAMAGE,51.0,6.7
Competitive,All,circuit-royal,Ashe,DAMAGE,52.2,20.6
Competitive,All,circuit-royal,Baptiste,SUPPORT,47.5,9.6
Competitive,All,circuit-royal,Bastion,DAMAGE,49.1,10.2
Competitive,All,circuit-royal,Brigitte,SUPPORT,44.3,1.6
Competitive,All,circuit-royal,Cassidy,DAMAGE,46.4,14.2
Competitive,All,circuit-royal,D.Va,TANK,45.0,5.8
Competitive,All,circuit-royal,Domina,TANK,55.6,9.1
Competitive,All,circuit-royal,Doomfist,TANK,50.8,5.1
Competitive,All,circuit-royal,Echo,DAMAGE,51.4,4.7
Competitive,All,circuit-royal,Emre,DAMAGE,52.2,23.7
Competitive,All,circuit-royal,Freja,DAMAGE,48.9,6.6
Competitive,All,circuit-royal,Genji,DAMAGE,51.0,11.8
Competitive,All,circuit-royal,Hanzo,DAMAGE,50.2,10.2
Competitive,All,circuit-royal,Hazard,TANK,47.0,1.5
Competitive,All,circuit-royal,Illari,SUPPORT,54.1,17.8
Competitive,All,circuit-royal,Jetpack Cat,SUPPORT,49.6,3.5
Competitive,All,circuit-royal,Junker Queen,TANK,45.2,1.5
Competitive,All,circuit-royal,Junkrat,DAMAGE,48.0,5.4
Competitive,All,circuit-royal,Juno,SUPPORT,51.3,10.3
Competitive,All,circuit-royal,Kiriko,SUPPORT,46.4,33.2
Competitive,All,circuit-royal,Lifeweaver,SUPPORT,43.0,4.3
Competitive,All,circuit-royal,Lúcio,SUPPORT,42.8,3.0
Competitive,All,circuit-royal,Mauga,TANK,45.2,3.0
Competitive,All,circuit-royal,Mei,DAMAGE,52.1,7.9
Competitive,All,circuit-royal,Mercy,SUPPORT,49.0,8.6
Competitive,All,circuit-royal,Mizuki,SUPPORT,52.5,12.1
Competitive,All,circuit-royal,Moira,SUPPORT,47.1,13.9
Competitive,All,circuit-royal,Orisa,TANK,45.9,10.6
Competitive,All,circuit-royal,Pharah,DAMAGE,51.7,5.6
Competitive,All,circuit-royal,Ramattra,TANK,47.4,7.0
Competitive,All,circuit-royal,Reaper,DAMAGE,49.9,9.1
Competitive,All,circuit-royal,Reinhardt,TANK,48.4,7.3
Competitive,All,circuit-royal,Roadhog,TANK,41.5,4.6
Competitive,All,circuit-royal,Sigma,TANK,59.5,25.2
Competitive,All,circuit-royal,Sojourn,DAMAGE,46.8,18.0
Competitive,All,circuit-royal,Soldier: 76,DAMAGE,47.8,15.0
Competitive,All,circuit-royal,Sombra,DAMAGE,50.2,2.9
Competitive,All,circuit-royal,Symmetra,DAMAGE,50.9,2.8
Competitive,All,circuit-royal,Torbjörn,DAMAGE,49.9,4.1
Competitive,All,circuit-royal,Tracer,DAMAGE,44.4,4.1
Competitive,All,circuit-royal,Vendetta,DAMAGE,51.1,2.5
Competitive,All,circuit-royal,Venture,DAMAGE,49.7,2.9
Competitive,All,circuit-royal,Widowmaker,DAMAGE,54.7,10.9
Competitive,All,circuit-royal,Winston,TANK,45.5,8.9
Competitive,All,circuit-royal,Wrecking Ball,TANK,49.2,2.7
Competitive,All,circuit-royal,Wuyang,SUPPORT,51.9,13.3
Competitive,All,circuit-royal,Zarya,TANK,48.7,7.6
Competitive,All,circuit-royal,Zenyatta,SUPPORT,54.7,16.4
Competitive,All,rialto,Ana,SUPPORT,51.3,50.5
Competitive,All,rialto,Anran,DAMAGE,52.0,8.2
Competitive,All,rialto,Ashe,DAMAGE,50.4,16.9
Competitive,All,rialto,Baptiste,SUPPORT,44.4,7.8
Competitive,All,rialto,Bastion,DAMAGE,47.3,9.5
Competitive,All,rialto,Brigitte,SUPPORT,47.6,2.6
Competitive,All,rialto,Cassidy,DAMAGE,46.5,17.3
Competitive,All,rialto,D.Va,TANK,49.2,8.8
Competitive,All,rialto,Domina,TANK,54.8,8.1
Competitive,All,rialto,Doomfist,TANK,51.6,5.8
Competitive,All,rialto,Echo,DAMAGE,53.3,6.2
Competitive,All,rialto,Emre,DAMAGE,51.5,21.9
Competitive,All,rialto,Freja,DAMAGE,47.8,5.0
Competitive,All,rialto,Genji,DAMAGE,52.7,12.9
Competitive,All,rialto,Hanzo,DAMAGE,51.6,8.3
Competitive,All,rialto,Hazard,TANK,52.0,2.4
Competitive,All,rialto,Illari,SUPPORT,53.8,14.5
Competitive,All,rialto,Jetpack Cat,SUPPORT,49.9,4.2
Competitive,All,rialto,Junker Queen,TANK,48.1,1.9
Competitive,All,rialto,Junkrat,DAMAGE,49.1,5.8
Competitive,All,rialto,Juno,SUPPORT,50.4,9.5
Competitive,All,rialto,Kiriko,SUPPORT,48.0,37.5
Competitive,All,rialto,Lifeweaver,SUPPORT,44.9,4.3
Competitive,All,rialto,Lúcio,SUPPORT,44.5,3.6
Competitive,All,rialto,Mauga,TANK,45.5,3.3
Competitive,All,rialto,Mei,DAMAGE,53.2,7.8
Competitive,All,rialto,Mercy,SUPPORT,48.5,8.8
Competitive,All,rialto,Mizuki,SUPPORT,53.6,14.2
Competitive,All,rialto,Moira,SUPPORT,46.6,15.3
Competitive,All,rialto,Orisa,TANK,46.5,11.1
Competitive,All,rialto,Pharah,DAMAGE,51.9,5.8
Competitive,All,rialto,Ramattra,TANK,46.8,5.7
Competitive,All,rialto,Reaper,DAMAGE,50.8,11.3
Competitive,All,rialto,Reinhardt,TANK,49.1,7.6
Competitive,All,rialto,Roadhog,TANK,47.5,6.9
Competitive,All,rialto,Sigma,TANK,53.5,16.7
Competitive,All,rialto,Sojourn,DAMAGE,45.5,14.9
Competitive,All,rialto,Soldier: 76,DAMAGE,47.5,16.2
Competitive,All,rialto,Sombra,DAMAGE,49.4,3.2
Competitive,All,rialto,Symmetra,DAMAGE,49.2,3.3
Competitive,All,rialto,Torbjörn,DAMAGE,50.2,4.4
Competitive,All,rialto,Tracer,DAMAGE,49.9,7.3
Competitive,All,rialto,Vendetta,DAMAGE,53.8,3.1
Competitive,All,rialto,Venture,DAMAGE,50.5,3.4
Competitive,All,rialto,Widowmaker,DAMAGE,53.3,7.3
Competitive,All,rialto,Winston,TANK,51.2,11.1
Competitive,All,rialto,Wrecking Ball,TANK,49.0,2.9
Competitive,All,rialto,Wuyang,SUPPORT,52.6,13.7
Competitive,All,rialto,Zarya,TANK,49.5,7.8
Competitive,All,rialto,Zenyatta,SUPPORT,52.8,13.6
Competitive,All,shambali-monastery,Ana,SUPPORT,50.4,47.6
Competitive,All,shambali-monastery,Anran,DAMAGE,52.0,9.3
Competitive,All,shambali-monastery,Ashe,DAMAGE,50.5,14.7
Competitive,All,shambali-monastery,Baptiste,SUPPORT,45.6,8.1
Competitive,All,shambali-monastery,Bastion,DAMAGE,47.0,9.3
Competitive,All,shambali-monastery,Brigitte,SUPPORT,49.6,2.8
Competitive,All,shambali-monastery,Cassidy,DAMAGE,46.8,19.3
Competitive,All,shambali-monastery,D.Va,TANK,47.1,6.7
Competitive,All,shambali-monastery,Domina,TANK,54.6,8.8
Competitive,All,shambali-monastery,Doomfist,TANK,49.9,5.4
Competitive,All,shambali-monastery,Echo,DAMAGE,53.6,6.9
Competitive,All,shambali-monastery,Emre,DAMAGE,51.1,22.5
Competitive,All,shambali-monastery,Freja,DAMAGE,47.3,5.3
Competitive,All,shambali-monastery,Genji,DAMAGE,52.9,12.2
Competitive,All,shambali-monastery,Hanzo,DAMAGE,50.9,8.0
Competitive,All,shambali-monastery,Hazard,TANK,53.1,2.4
Competitive,All,shambali-monastery,Illari,SUPPORT,53.0,14.8
Competitive,All,shambali-monastery,Jetpack Cat,SUPPORT,50.8,3.8
Competitive,All,shambali-monastery,Junker Queen,TANK,51.5,2.3
Competitive,All,shambali-monastery,Junkrat,DAMAGE,48.1,6.4
Competitive,All,shambali-monastery,Juno,SUPPORT,49.5,9.5
Competitive,All,shambali-monastery,Kiriko,SUPPORT,48.3,37.7
Competitive,All,shambali-monastery,Lifeweaver,SUPPORT,44.3,4.0
Competitive,All,shambali-monastery,Lúcio,SUPPORT,45.0,3.7
Competitive,All,shambali-monastery,Mauga,TANK,44.4,3.5
Competitive,All,shambali-monastery,Mei,DAMAGE,53.2,8.0
Competitive,All,shambali-monastery,Mercy,SUPPORT,49.5,8.4
Competitive,All,shambali-monastery,Mizuki,SUPPORT,52.5,15.2
Competitive,All,shambali-monastery,Moira,SUPPORT,48.5,17.2
Competitive,All,shambali-monastery,Orisa,TANK,47.2,11.3
Competitive,All,shambali-monastery,Pharah,DAMAGE,52.8,6.1
Competitive,All,shambali-monastery,Ramattra,TANK,48.6,7.2
Competitive,All,shambali-monastery,Reaper,DAMAGE,51.8,11.5
Competitive,All,shambali-monastery,Reinhardt,TANK,50.3,7.7
Competitive,All,shambali-monastery,Roadhog,TANK,44.7,6.5
Competitive,All,shambali-monastery,Sigma,TANK,55.2,18.3
Competitive,All,shambali-monastery,Sojourn,DAMAGE,45.9,15.7
Competitive,All,shambali-monastery,Soldier: 76,DAMAGE,49.0,15.7
Competitive,All,shambali-monastery,Sombra,DAMAGE,48.8,3.2
Competitive,All,shambali-monastery,Symmetra,DAMAGE,53.2,3.5
Competitive,All,shambali-monastery,Torbjörn,DAMAGE,49.2,4.2
Competitive,All,shambali-monastery,Tracer,DAMAGE,49.2,7.4
Competitive,All,shambali-monastery,Vendetta,DAMAGE,51.8,3.2
Competitive,All,shambali-monastery,Venture,DAMAGE,52.3,3.8
Competitive,All,shambali-monastery,Widowmaker,DAMAGE,47.7,4.0
Competitive,All,shambali-monastery,Winston,TANK,49.3,8.8
Competitive,All,shambali-monastery,Wrecking Ball,TANK,50.6,2.9
Competitive,All,shambali-monastery,Wuyang,SUPPORT,52.7,14.5
Competitive,All,shambali-monastery,Zarya,TANK,48.4,8.2
Competitive,All,shambali-monastery,Zenyatta,SUPPORT,52.3,12.9
Competitive,All,aatlis,Ana,SUPPORT,46.2,32.3
Competitive,All,aatlis,Anran,DAMAGE,53.4,14.8
Competitive,All,aatlis,Ashe,DAMAGE,45.9,3.8
Competitive,All,aatlis,Baptiste,SUPPORT,46.9,5.6
Competitive,All,aatlis,Bastion,DAMAGE,45.2,5.2
Competitive,All,aatlis,Brigitte,SUPPORT,49.2,5.7
Competitive,All,aatlis,Cassidy,DAMAGE,47.5,32.3
Competitive,All,aatlis,D.Va,TANK,49.5,7.6
Competitive,All,aatlis,Domina,TANK,51.8,7.8
Competitive,All,aatlis,Doomfist,TANK,49.9,8.2
Competitive,All,aatlis,Echo,DAMAGE,50.9,4.3
Competitive,All,aatlis,Emre,DAMAGE,51.6,18.2
Competitive,All,aatlis,Freja,DAMAGE,44.2,2.3
Competitive,All,aatlis,Genji,DAMAGE,51.1,13.0
Competitive,All,aatlis,Hanzo,DAMAGE,46.8,3.6
Competitive,All,aatlis,Hazard,TANK,53.2,4.5
Competitive,All,aatlis,Illari,SUPPORT,52.5,6.5
Competitive,All,aatlis,Jetpack Cat,SUPPORT,47.6,3.7
Competitive,All,aatlis,Junker Queen,TANK,55.2,4.9
Competitive,All,aatlis,Junkrat,DAMAGE,49.6,4.8
Competitive,All,aatlis,Juno,SUPPORT,50.9,9.2
Competitive,All,aatlis,Kiriko,SUPPORT,48.0,47.8
Competitive,All,aatlis,Lifeweaver,SUPPORT,42.0,2.6
Competitive,All,aatlis,Lúcio,SUPPORT,53.1,8.7
Competitive,All,aatlis,Mauga,TANK,49.6,4.2
Competitive,All,aatlis,Mei,DAMAGE,49.2,6.6
Competitive,All,aatlis,Mercy,SUPPORT,43.8,4.4
Competitive,All,aatlis,Mizuki,SUPPORT,53.7,24.1
Competitive,All,aatlis,Moira,SUPPORT,51.6,25.6
Competitive,All,aatlis,Orisa,TANK,45.9,10.3
Competitive,All,aatlis,Pharah,DAMAGE,46.8,3.8
Competitive,All,aatlis,Ramattra,TANK,49.0,6.2
Competitive,All,aatlis,Reaper,DAMAGE,53.9,15.7
Competitive,All,aatlis,Reinhardt,TANK,50.5,7.5
Competitive,All,aatlis,Roadhog,TANK,48.8,8.3
Competitive,All,aatlis,Sigma,TANK,50.0,9.0
Competitive,All,aatlis,Sojourn,DAMAGE,45.7,16.6
Competitive,All,aatlis,Soldier: 76,DAMAGE,49.7,14.3
Competitive,All,aatlis,Sombra,DAMAGE,46.7,4.2
Competitive,All,aatlis,Symmetra,DAMAGE,55.6,3.4
Competitive,All,aatlis,Torbjörn,DAMAGE,52.5,2.9
Competitive,All,aatlis,Tracer,DAMAGE,51.8,19.2
Competitive,All,aatlis,Vendetta,DAMAGE,56.0,4.5
Competitive,All,aatlis,Venture,DAMAGE,52.0,5.8
Competitive,All,aatlis,Widowmaker,DAMAGE,34.8,0.5
Competitive,All,aatlis,Winston,TANK,51.2,9.0
Competitive,All,aatlis,Wrecking Ball,TANK,51.1,3.7
Competitive,All,aatlis,Wuyang,SUPPORT,54.3,16.9
Competitive,All,aatlis,Zarya,TANK,49.1,8.8
Competitive,All,aatlis,Zenyatta,SUPPORT,49.6,6.9
Competitive,All,new-junk-city,Ana,SUPPORT,46.7,34.3
Competitive,All,new-junk-city,Anran,DAMAGE,53.0,14.3
Competitive,All,new-junk-city,Ashe,DAMAGE,49.9,4.4
Competitive,All,new-junk-city,Baptiste,SUPPORT,42.2,5.4
Competitive,All,new-junk-city,Bastion,DAMAGE,44.8,5.4
Competitive,All,new-junk-city,Brigitte,SUPPORT,46.4,4.9
Competitive,All,new-junk-city,Cassidy,DAMAGE,46.3,30.8
Competitive,All,new-junk-city,D.Va,TANK,47.2,6.4
Competitive,All,new-junk-city,Domina,TANK,52.3,7.9
Competitive,All,new-junk-city,Doomfist,TANK,52.9,7.7
Competitive,All,new-junk-city,Echo,DAMAGE,49.0,4.1
Competitive,All,new-junk-city,Emre,DAMAGE,50.6,19.0
Competitive,All,new-junk-city,Freja,DAMAGE,45.2,2.3
Competitive,All,new-junk-city,Genji,DAMAGE,51.3,13.9
Competitive,All,new-junk-city,Hanzo,DAMAGE,47.5,4.5
Competitive,All,new-junk-city,Hazard,TANK,53.3,3.9
Competitive,All,new-junk-city,Illari,SUPPORT,53.2,6.3
Competitive,All,new-junk-city,Jetpack Cat,SUPPORT,49.1,3.4
Competitive,All,new-junk-city,Junker Queen,TANK,55.9,6.2
Competitive,All,new-junk-city,Junkrat,DAMAGE,50.9,5.2
Competitive,All,new-junk-city,Juno,SUPPORT,49.0,9.7
Competitive,All,new-junk-city,Kiriko,SUPPORT,48.5,48.0
Competitive,All,new-junk-city,Lifeweaver,SUPPORT,42.5,2.6
Competitive,All,new-junk-city,Lúcio,SUPPORT,52.1,8.0
Competitive,All,new-junk-city,Mauga,TANK,49.4,4.2
Competitive,All,new-junk-city,Mei,DAMAGE,50.9,7.3
Competitive,All,new-junk-city,Mercy,SUPPORT,48.7,4.4
Competitive,All,new-junk-city,Mizuki,SUPPORT,55.0,23.6
Competitive,All,new-junk-city,Moira,SUPPORT,51.6,25.4
Competitive,All,new-junk-city,Orisa,TANK,45.8,11.9
Competitive,All,new-junk-city,Pharah,DAMAGE,47.9,3.4
Competitive,All,new-junk-city,Ramattra,TANK,49.8,7.0
Competitive,All,new-junk-city,Reaper,DAMAGE,52.7,13.7
Competitive,All,new-junk-city,Reinhardt,TANK,48.3,7.7
Competitive,All,new-junk-city,Roadhog,TANK,49.5,8.3
Competitive,All,new-junk-city,Sigma,TANK,49.8,8.7
Competitive,All,new-junk-city,Sojourn,DAMAGE,46.3,18.9
Competitive,All,new-junk-city,Soldier: 76,DAMAGE,50.3,14.8
Competitive,All,new-junk-city,Sombra,DAMAGE,50.3,4.2
Competitive,All,new-junk-city,Symmetra,DAMAGE,55.5,3.5
Competitive,All,new-junk-city,Torbjörn,DAMAGE,51.5,3.1
Competitive,All,new-junk-city,Tracer,DAMAGE,53.2,18.0
Competitive,All,new-junk-city,Vendetta,DAMAGE,51.6,3.7
Competitive,All,new-junk-city,Venture,DAMAGE,53.7,5.1
Competitive,All,new-junk-city,Widowmaker,DAMAGE,35.2,0.5
Competitive,All,new-junk-city,Winston,TANK,48.7,7.4
Competitive,All,new-junk-city,Wrecking Ball,TANK,51.1,3.5
Competitive,All,new-junk-city,Wuyang,SUPPORT,53.1,16.1
Competitive,All,new-junk-city,Zarya,TANK,50.6,9.2
Competitive,All,new-junk-city,Zenyatta,SUPPORT,49.6,8.1
Competitive,All,suravasa,Ana,SUPPORT,46.5,36.5
Competitive,All,suravasa,Anran,DAMAGE,51.4,13.1
Competitive,All,suravasa,Ashe,DAMAGE,50.3,5.0
Competitive,All,suravasa,Baptiste,SUPPORT,44.5,5.3
Competitive,All,suravasa,Bastion,DAMAGE,45.7,5.3
Competitive,All,suravasa,Brigitte,SUPPORT,46.7,4.9
Competitive,All,suravasa,Cassidy,DAMAGE,46.4,31.7
Competitive,All,suravasa,D.Va,TANK,48.6,7.1
Competitive,All,suravasa,Domina,TANK,53.3,7.5
Competitive,All,suravasa,Doomfist,TANK,51.8,7.7
Competitive,All,suravasa,Echo,DAMAGE,50.7,4.6
Competitive,All,suravasa,Emre,DAMAGE,51.4,20.1
Competitive,All,suravasa,Freja,DAMAGE,46.7,2.8
Competitive,All,suravasa,Genji,DAMAGE,52.1,13.6
Competitive,All,suravasa,Hanzo,DAMAGE,48.6,4.0
Competitive,All,suravasa,Hazard,TANK,54.0,3.7
Competitive,All,suravasa,Illari,SUPPORT,56.0,7.8
Competitive,All,suravasa,Jetpack Cat,SUPPORT,50.1,4.0
Competitive,All,suravasa,Junker Queen,TANK,51.7,4.7
Competitive,All,suravasa,Junkrat,DAMAGE,49.8,3.8
Competitive,All,suravasa,Juno,SUPPORT,50.4,9.5
Competitive,All,suravasa,Kiriko,SUPPORT,49.0,47.3
Competitive,All,suravasa,Lifeweaver,SUPPORT,43.6,2.9
Competitive,All,suravasa,Lúcio,SUPPORT,51.3,7.5
Competitive,All,suravasa,Mauga,TANK,50.8,4.3
Competitive,All,suravasa,Mei,DAMAGE,54.3,6.6
Competitive,All,suravasa,Mercy,SUPPORT,45.8,4.8
Competitive,All,suravasa,Mizuki,SUPPORT,53.8,22.4
Competitive,All,suravasa,Moira,SUPPORT,50.5,22.5
Competitive,All,suravasa,Orisa,TANK,46.3,11.2
Competitive,All,suravasa,Pharah,DAMAGE,52.7,3.8
Competitive,All,suravasa,Ramattra,TANK,48.1,5.7
Competitive,All,suravasa,Reaper,DAMAGE,52.4,13.2
Competitive,All,suravasa,Reinhardt,TANK,49.8,7.3
Competitive,All,suravasa,Roadhog,TANK,46.6,8.1
Competitive,All,suravasa,Sigma,TANK,52.6,8.8
Competitive,All,suravasa,Sojourn,DAMAGE,45.2,18.1
Competitive,All,suravasa,Soldier: 76,DAMAGE,49.2,15.4
Competitive,All,suravasa,Sombra,DAMAGE,49.7,4.7
Competitive,All,suravasa,Symmetra,DAMAGE,54.2,3.1
Competitive,All,suravasa,Torbjörn,DAMAGE,54.0,3.2
Competitive,All,suravasa,Tracer,DAMAGE,52.2,18.9
Competitive,All,suravasa,Vendetta,DAMAGE,52.1,3.8
Competitive,All,suravasa,Venture,DAMAGE,51.8,4.5
Competitive,All,suravasa,Widowmaker,DAMAGE,32.5,0.6
Competitive,All,suravasa,Winston,TANK,50.2,10.8
Competitive,All,suravasa,Wrecking Ball,TANK,51.8,4.4
Competitive,All,suravasa,Wuyang,SUPPORT,52.5,16.6
Competitive,All,suravasa,Zarya,TANK,49.2,8.6
Competitive,All,suravasa,Zenyatta,SUPPORT,51.0,8.1
Competitive,All,midtown,Ana,SUPPORT,48.6,48.1
Competitive,All,midtown,Anran,DAMAGE,51.1,8.6
Competitive,All,midtown,Ashe,DAMAGE,50.8,16.4
Competitive,All,midtown,Baptiste,SUPPORT,43.9,8.3
Competitive,All,midtown,Bastion,DAMAGE,45.0,10.2
Competitive,All,midtown,Brigitte,SUPPORT,45.8,2.2
Competitive,All,midtown,Cassidy,DAMAGE,46.1,19.1
Competitive,All,midtown,D.Va,TANK,46.4,5.8
Competitive,All,midtown,Domina,TANK,53.0,9.9
Competitive,All,midtown,Doomfist,TANK,51.2,4.8
Competitive,All,midtown,Echo,DAMAGE,50.2,4.3
Competitive,All,midtown,Emre,DAMAGE,51.3,23.0
Competitive,All,midtown,Freja,DAMAGE,47.1,4.5
Competitive,All,midtown,Genji,DAMAGE,50.5,10.8
Competitive,All,midtown,Hanzo,DAMAGE,49.6,8.8
Competitive,All,midtown,Hazard,TANK,51.2,1.8
Competitive,All,midtown,Illari,SUPPORT,52.1,16.3
Competitive,All,midtown,Jetpack Cat,SUPPORT,46.3,3.0
Competitive,All,midtown,Junker Queen,TANK,47.5,2.2
Competitive,All,midtown,Junkrat,DAMAGE,45.2,5.6
Competitive,All,midtown,Juno,SUPPORT,49.2,9.8
Competitive,All,midtown,Kiriko,SUPPORT,47.0,37.2
Competitive,All,midtown,Lifeweaver,SUPPORT,42.1,3.8
Competitive,All,midtown,Lúcio,SUPPORT,44.3,3.5
Competitive,All,midtown,Mauga,TANK,45.3,3.5
Competitive,All,midtown,Mei,DAMAGE,50.3,8.7
Competitive,All,midtown,Mercy,SUPPORT,47.0,8.0
Competitive,All,midtown,Mizuki,SUPPORT,50.8,15.6
Competitive,All,midtown,Moira,SUPPORT,46.0,16.4
Competitive,All,midtown,Orisa,TANK,44.8,11.8
Competitive,All,midtown,Pharah,DAMAGE,47.7,4.7
Competitive,All,midtown,Ramattra,TANK,45.3,7.4
Competitive,All,midtown,Reaper,DAMAGE,49.5,10.5
Competitive,All,midtown,Reinhardt,TANK,47.7,7.7
Competitive,All,midtown,Roadhog,TANK,45.1,6.0
Competitive,All,midtown,Sigma,TANK,53.8,20.1
Competitive,All,midtown,Sojourn,DAMAGE,43.8,17.5
Competitive,All,midtown,Soldier: 76,DAMAGE,46.7,16.1
Competitive,All,midtown,Sombra,DAMAGE,49.7,3.1
Competitive,All,midtown,Symmetra,DAMAGE,52.3,5.7
Competitive,All,midtown,Torbjörn,DAMAGE,49.6,5.0
Competitive,All,midtown,Tracer,DAMAGE,50.5,8.0
Competitive,All,midtown,Vendetta,DAMAGE,50.8,2.6
Competitive,All,midtown,Venture,DAMAGE,49.2,3.4
Competitive,All,midtown,Widowmaker,DAMAGE,46.3,3.3
Competitive,All,midtown,Winston,TANK,46.8,7.0
Competitive,All,midtown,Wrecking Ball,TANK,45.1,2.3
Competitive,All,midtown,Wuyang,SUPPORT,52.6,14.0
Competitive,All,midtown,Zarya,TANK,49.2,9.7
Competitive,All,midtown,Zenyatta,SUPPORT,51.7,13.8
Competitive,All,numbani,Ana,SUPPORT,48.9,47.4
Competitive,All,numbani,Anran,DAMAGE,49.9,8.0
Competitive,All,numbani,Ashe,DAMAGE,50.5,15.2
Competitive,All,numbani,Baptiste,SUPPORT,45.7,7.9
Competitive,All,numbani,Bastion,DAMAGE,46.5,9.3
Competitive,All,numbani,Brigitte,SUPPORT,46.2,3.0
Competitive,All,numbani,Cassidy,DAMAGE,45.4,19.6
Competitive,All,numbani,D.Va,TANK,50.1,12.9
Competitive,All,numbani,Domina,TANK,50.6,6.5
Competitive,All,numbani,Doomfist,TANK,49.6,6.3
Competitive,All,numbani,Echo,DAMAGE,52.5,7.5
Competitive,All,numbani,Emre,DAMAGE,50.6,19.8
Competitive,All,numbani,Freja,DAMAGE,47.8,5.3
Competitive,All,numbani,Genji,DAMAGE,52.0,15.5
Competitive,All,numbani,Hanzo,DAMAGE,49.2,7.1
Competitive,All,numbani,Hazard,TANK,51.0,3.4
Competitive,All,numbani,Illari,SUPPORT,52.4,12.2
Competitive,All,numbani,Jetpack Cat,SUPPORT,48.4,4.8
Competitive,All,numbani,Junker Queen,TANK,43.8,1.7
Competitive,All,numbani,Junkrat,DAMAGE,45.7,6.0
Competitive,All,numbani,Juno,SUPPORT,49.9,11.0
Competitive,All,numbani,Kiriko,SUPPORT,48.8,40.8
Competitive,All,numbani,Lifeweaver,SUPPORT,42.9,4.8
Competitive,All,numbani,Lúcio,SUPPORT,44.9,4.5
Competitive,All,numbani,Mauga,TANK,46.7,3.4
Competitive,All,numbani,Mei,DAMAGE,49.8,6.7
Competitive,All,numbani,Mercy,SUPPORT,46.6,11.2
Competitive,All,numbani,Mizuki,SUPPORT,50.4,13.6
Competitive,All,numbani,Moira,SUPPORT,45.1,15.8
Competitive,All,numbani,Orisa,TANK,43.9,9.9
Competitive,All,numbani,Pharah,DAMAGE,50.5,5.3
Competitive,All,numbani,Ramattra,TANK,42.6,4.4
Competitive,All,numbani,Reaper,DAMAGE,48.5,12.9
Competitive,All,numbani,Reinhardt,TANK,45.4,6.2
Competitive,All,numbani,Roadhog,TANK,43.4,6.3
Competitive,All,numbani,Sigma,TANK,51.5,12.5
Competitive,All,numbani,Sojourn,DAMAGE,42.4,12.5
Competitive,All,numbani,Soldier: 76,DAMAGE,46.9,19.8
Competitive,All,numbani,Sombra,DAMAGE,49.5,3.5
Competitive,All,numbani,Symmetra,DAMAGE,49.1,3.6
Competitive,All,numbani,Torbjörn,DAMAGE,46.8,4.8
Competitive,All,numbani,Tracer,DAMAGE,51.3,7.7
Competitive,All,numbani,Vendetta,DAMAGE,52.7,3.7
Competitive,All,numbani,Venture,DAMAGE,49.6,3.6
Competitive,All,numbani,Widowmaker,DAMAGE,42.0,2.7
Competitive,All,numbani,Winston,TANK,53.9,15.9
Competitive,All,numbani,Wrecking Ball,TANK,49.2,3.3
Competitive,All,numbani,Wuyang,SUPPORT,51.2,12.7
Competitive,All,numbani,Zarya,TANK,45.7,7.2
Competitive,All,numbani,Zenyatta,SUPPORT,50.0,10.2
Competitive,All,kings-row,Ana,SUPPORT,50.4,51.1
Competitive,All,kings-row,Anran,DAMAGE,50.4,8.4
Competitive,All,kings-row,Ashe,DAMAGE,50.1,13.2
Competitive,All,kings-row,Baptiste,SUPPORT,44.8,8.5
Competitive,All,kings-row,Bastion,DAMAGE,47.6,11.1
Competitive,All,kings-row,Brigitte,SUPPORT,46.0,2.5
Competitive,All,kings-row,Cassidy,DAMAGE,45.3,18.6
Competitive,All,kings-row,D.Va,TANK,44.8,6.4
Competitive,All,kings-row,Domina,TANK,53.7,8.2
Competitive,All,kings-row,Doomfist,TANK,50.7,5.7
Competitive,All,kings-row,Echo,DAMAGE,49.6,4.8
Competitive,All,kings-row,Emre,DAMAGE,49.5,19.5
Competitive,All,kings-row,Freja,DAMAGE,48.0,4.5
Competitive,All,kings-row,Genji,DAMAGE,51.1,13.0
Competitive,All,kings-row,Hanzo,DAMAGE,50.8,8.9
Competitive,All,kings-row,Hazard,TANK,49.5,1.9
Competitive,All,kings-row,Illari,SUPPORT,51.9,14.2
Competitive,All,kings-row,Jetpack Cat,SUPPORT,48.0,3.2
Competitive,All,kings-row,Junker Queen,TANK,47.8,2.1
Competitive,All,kings-row,Junkrat,DAMAGE,46.9,7.1
Competitive,All,kings-row,Juno,SUPPORT,47.9,8.7
Competitive,All,kings-row,Kiriko,SUPPORT,47.2,36.2
Competitive,All,kings-row,Lifeweaver,SUPPORT,42.3,3.6
Competitive,All,kings-row,Lúcio,SUPPORT,43.9,3.7
Competitive,All,kings-row,Mauga,TANK,45.3,3.4
Competitive,All,kings-row,Mei,DAMAGE,50.8,10.3
Competitive,All,kings-row,Mercy,SUPPORT,46.3,8.0
Competitive,All,kings-row,Mizuki,SUPPORT,52.1,15.4
Competitive,All,kings-row,Moira,SUPPORT,46.8,16.4
Competitive,All,kings-row,Orisa,TANK,46.4,11.4
Competitive,All,kings-row,Pharah,DAMAGE,51.1,6.3
Competitive,All,kings-row,Ramattra,TANK,45.9,7.1
Competitive,All,kings-row,Reaper,DAMAGE,51.1,11.8
Competitive,All,kings-row,Reinhardt,TANK,50.2,9.8
Competitive,All,kings-row,Roadhog,TANK,43.9,5.9
Competitive,All,kings-row,Sigma,TANK,52.2,15.9
Competitive,All,kings-row,Sojourn,DAMAGE,43.8,15.6
Competitive,All,kings-row,Soldier: 76,DAMAGE,45.1,13.6
Competitive,All,kings-row,Sombra,DAMAGE,48.3,2.8
Competitive,All,kings-row,Symmetra,DAMAGE,51.9,4.7
Competitive,All,kings-row,Torbjörn,DAMAGE,48.2,4.4
Competitive,All,kings-row,Tracer,DAMAGE,47.7,6.9
Competitive,All,kings-row,Vendetta,DAMAGE,53.2,2.9
Competitive,All,kings-row,Venture,DAMAGE,51.3,3.7
Competitive,All,kings-row,Widowmaker,DAMAGE,53.7,7.8
Competitive,All,kings-row,Winston,TANK,48.0,9.4
Competitive,All,kings-row,Wrecking Ball,TANK,47.9,2.5
Competitive,All,kings-row,Wuyang,SUPPORT,50.5,13.6
Competitive,All,kings-row,Zarya,TANK,51.4,10.3
Competitive,All,kings-row,Zenyatta,SUPPORT,51.7,14.9
Competitive,All,hollywood,Ana,SUPPORT,50.3,49.6
Competitive,All,hollywood,Anran,DAMAGE,49.8,8.5
Competitive,All,hollywood,Ashe,DAMAGE,49.9,15.2
Competitive,All,hollywood,Baptiste,SUPPORT,42.5,7.4
Competitive,All,hollywood,Bastion,DAMAGE,45.6,9.3
Competitive,All,hollywood,Brigitte,SUPPORT,44.0,2.9
Competitive,All,hollywood,Cassidy,DAMAGE,45.6,19.4
Competitive,All,hollywood,D.Va,TANK,48.6,9.6
Competitive,All,hollywood,Domina,TANK,53.9,7.7
Competitive,All,hollywood,Doomfist,TANK,49.5,5.7
Competitive,All,hollywood,Echo,DAMAGE,50.6,5.3
Competitive,All,hollywood,Emre,DAMAGE,49.7,20.3
Competitive,All,hollywood,Freja,DAMAGE,47.6,4.7
Competitive,All,hollywood,Genji,DAMAGE,52.0,14.1
Competitive,All,hollywood,Hanzo,DAMAGE,49.0,8.1
Competitive,All,hollywood,Hazard,TANK,50.4,2.6
Competitive,All,hollywood,Illari,SUPPORT,52.3,14.7
Competitive,All,hollywood,Jetpack Cat,SUPPORT,47.2,3.6
Competitive,All,hollywood,Junker Queen,TANK,46.9,1.9
Competitive,All,hollywood,Junkrat,DAMAGE,46.2,6.7
Competitive,All,hollywood,Juno,SUPPORT,48.1,9.8
Competitive,All,hollywood,Kiriko,SUPPORT,46.5,37.4
Competitive,All,hollywood,Lifeweaver,SUPPORT,42.8,4.0
Competitive,All,hollywood,Lúcio,SUPPORT,42.7,3.9
Competitive,All,hollywood,Mauga,TANK,45.5,3.3
Competitive,All,hollywood,Mei,DAMAGE,49.9,7.9
Competitive,All,hollywood,Mercy,SUPPORT,48.2,9.4
Competitive,All,hollywood,Mizuki,SUPPORT,50.4,14.6
Competitive,All,hollywood,Moira,SUPPORT,46.0,16.5
Competitive,All,hollywood,Orisa,TANK,43.9,10.2
Competitive,All,hollywood,Pharah,DAMAGE,50.8,5.2
Competitive,All,hollywood,Ramattra,TANK,44.7,5.5
Competitive,All,hollywood,Reaper,DAMAGE,49.1,13.3
Competitive,All,hollywood,Reinhardt,TANK,45.0,7.1
Competitive,All,hollywood,Roadhog,TANK,44.4,6.5
Competitive,All,hollywood,Sigma,TANK,51.0,15.6
Competitive,All,hollywood,Sojourn,DAMAGE,43.6,14.3
Competitive,All,hollywood,Soldier: 76,DAMAGE,46.2,15.7
Competitive,All,hollywood,Sombra,DAMAGE,48.8,3.1
Competitive,All,hollywood,Symmetra,DAMAGE,51.7,4.8
Competitive,All,hollywood,Torbjörn,DAMAGE,48.5,5.0
Competitive,All,hollywood,Tracer,DAMAGE,49.0,7.6
Competitive,All,hollywood,Vendetta,DAMAGE,51.3,3.2
Competitive,All,hollywood,Venture,DAMAGE,51.9,3.6
Competitive,All,hollywood,Widowmaker,DAMAGE,47.3,4.7
Competitive,All,hollywood,Winston,TANK,51.6,13.2
Competitive,All,hollywood,Wrecking Ball,TANK,49.0,2.9
Competitive,All,hollywood,Wuyang,SUPPORT,52.1,13.7
Competitive,All,hollywood,Zarya,TANK,48.9,8.5
Competitive,All,hollywood,Zenyatta,SUPPORT,50.9,12.4
Competitive,All,paraiso,Ana,SUPPORT,49.8,42.4
Competitive,All,paraiso,Anran,DAMAGE,49.0,9.3
Competitive,All,paraiso,Ashe,DAMAGE,51.2,15.4
Competitive,All,paraiso,Baptiste,SUPPORT,42.9,7.9
Competitive,All,paraiso,Bastion,DAMAGE,45.1,10.3
Competitive,All,paraiso,Brigitte,SUPPORT,43.9,2.9
Competitive,All,paraiso,Cassidy,DAMAGE,45.7,18.7
Competitive,All,paraiso,D.Va,TANK,50.4,10.8
Competitive,All,paraiso,Domina,TANK,50.8,7.9
Competitive,All,paraiso,Doomfist,TANK,49.6,5.2
Competitive,All,paraiso,Echo,DAMAGE,51.7,6.3
Competitive,All,paraiso,Emre,DAMAGE,50.4,21.4
Competitive,All,paraiso,Freja,DAMAGE,47.2,5.0
Competitive,All,paraiso,Genji,DAMAGE,52.4,12.7
Competitive,All,paraiso,Hanzo,DAMAGE,48.6,6.3
Competitive,All,paraiso,Hazard,TANK,51.3,3.0
Competitive,All,paraiso,Illari,SUPPORT,52.1,13.8
Competitive,All,paraiso,Jetpack Cat,SUPPORT,52.7,3.6
Competitive,All,paraiso,Junker Queen,TANK,46.2,2.0
Competitive,All,paraiso,Junkrat,DAMAGE,46.5,6.1
Competitive,All,paraiso,Juno,SUPPORT,50.7,11.7
Competitive,All,paraiso,Kiriko,SUPPORT,46.9,40.8
Competitive,All,paraiso,Lifeweaver,SUPPORT,42.1,4.4
Competitive,All,paraiso,Lúcio,SUPPORT,44.8,4.2
Competitive,All,paraiso,Mauga,TANK,46.1,3.6
Competitive,All,paraiso,Mei,DAMAGE,49.5,7.0
Competitive,All,paraiso,Mercy,SUPPORT,47.2,9.2
Competitive,All,paraiso,Mizuki,SUPPORT,50.7,16.0
Competitive,All,paraiso,Moira,SUPPORT,46.0,19.4
Competitive,All,paraiso,Orisa,TANK,45.1,11.2
Competitive,All,paraiso,Pharah,DAMAGE,49.6,5.9
Competitive,All,paraiso,Ramattra,TANK,46.0,6.1
Competitive,All,paraiso,Reaper,DAMAGE,49.8,13.8
Competitive,All,paraiso,Reinhardt,TANK,46.3,6.2
Competitive,All,paraiso,Roadhog,TANK,45.3,6.4
Competitive,All,paraiso,Sigma,TANK,51.1,15.8
Competitive,All,paraiso,Sojourn,DAMAGE,42.7,15.1
Competitive,All,paraiso,Soldier: 76,DAMAGE,46.4,17.5
Competitive,All,paraiso,Sombra,DAMAGE,49.5,3.6
Competitive,All,paraiso,Symmetra,DAMAGE,51.8,4.3
Competitive,All,paraiso,Torbjörn,DAMAGE,47.9,5.5
Competitive,All,paraiso,Tracer,DAMAGE,50.0,7.0
Competitive,All,paraiso,Vendetta,DAMAGE,53.9,3.0
Competitive,All,paraiso,Venture,DAMAGE,49.5,3.3
Competitive,All,paraiso,Widowmaker,DAMAGE,44.3,2.5
Competitive,All,paraiso,Winston,TANK,52.0,12.2
Competitive,All,paraiso,Wrecking Ball,TANK,44.1,2.7
Competitive,All,paraiso,Wuyang,SUPPORT,50.5,12.7
Competitive,All,paraiso,Zarya,TANK,46.0,6.8
Competitive,All,paraiso,Zenyatta,SUPPORT,50.2,11.0
Competitive,All,eichenwalde,Ana,SUPPORT,49.9,47.9
Competitive,All,eichenwalde,Anran,DAMAGE,51.3,8.4
Competitive,All,eichenwalde,Ashe,DAMAGE,48.9,11.4
Competitive,All,eichenwalde,Baptiste,SUPPORT,43.3,7.5
Competitive,All,eichenwalde,Bastion,DAMAGE,45.7,10.4
Competitive,All,eichenwalde,Brigitte,SUPPORT,47.8,2.5
Competitive,All,eichenwalde,Cassidy,DAMAGE,45.6,19.7
Competitive,All,eichenwalde,D.Va,TANK,47.2,7.3
Competitive,All,eichenwalde,Domina,TANK,53.0,8.2
Competitive,All,eichenwalde,Doomfist,TANK,50.7,5.7
Competitive,All,eichenwalde,Echo,DAMAGE,52.4,6.9
Competitive,All,eichenwalde,Emre,DAMAGE,49.2,18.9
Competitive,All,eichenwalde,Freja,DAMAGE,47.7,4.6
Competitive,All,eichenwalde,Genji,DAMAGE,52.3,12.5
Competitive,All,eichenwalde,Hanzo,DAMAGE,48.8,8.5
Competitive,All,eichenwalde,Hazard,TANK,50.7,2.1
Competitive,All,eichenwalde,Illari,SUPPORT,52.1,14.4
Competitive,All,eichenwalde,Jetpack Cat,SUPPORT,53.5,4.9
Competitive,All,eichenwalde,Junker Queen,TANK,48.5,2.1
Competitive,All,eichenwalde,Junkrat,DAMAGE,47.9,9.2
Competitive,All,eichenwalde,Juno,SUPPORT,48.5,9.2
Competitive,All,eichenwalde,Kiriko,SUPPORT,46.5,35.5
Competitive,All,eichenwalde,Lifeweaver,SUPPORT,40.3,3.8
Competitive,All,eichenwalde,Lúcio,SUPPORT,44.9,4.4
Competitive,All,eichenwalde,Mauga,TANK,45.4,3.4
Competitive,All,eichenwalde,Mei,DAMAGE,49.9,8.2
Competitive,All,eichenwalde,Mercy,SUPPORT,47.9,9.6
Competitive,All,eichenwalde,Mizuki,SUPPORT,51.5,15.8
Competitive,All,eichenwalde,Moira,SUPPORT,46.3,17.0
Competitive,All,eichenwalde,Orisa,TANK,44.8,11.2
Competitive,All,eichenwalde,Pharah,DAMAGE,51.6,8.4
Competitive,All,eichenwalde,Ramattra,TANK,45.8,6.4
Competitive,All,eichenwalde,Reaper,DAMAGE,49.1,11.8
Competitive,All,eichenwalde,Reinhardt,TANK,49.9,9.7
Competitive,All,eichenwalde,Roadhog,TANK,45.1,6.6
Competitive,All,eichenwalde,Sigma,TANK,52.0,16.6
Competitive,All,eichenwalde,Sojourn,DAMAGE,44.1,13.8
Competitive,All,eichenwalde,Soldier: 76,DAMAGE,45.5,15.3
Competitive,All,eichenwalde,Sombra,DAMAGE,48.8,3.2
Competitive,All,eichenwalde,Symmetra,DAMAGE,52.0,5.2
Competitive,All,eichenwalde,Torbjörn,DAMAGE,51.7,7.2
Competitive,All,eichenwalde,Tracer,DAMAGE,49.6,7.3
Competitive,All,eichenwalde,Vendetta,DAMAGE,52.3,3.5
Competitive,All,eichenwalde,Venture,DAMAGE,51.2,3.6
Competitive,All,eichenwalde,Widowmaker,DAMAGE,44.0,2.1
Competitive,All,eichenwalde,Winston,TANK,48.7,8.5
Competitive,All,eichenwalde,Wrecking Ball,TANK,50.4,3.1
Competitive,All,eichenwalde,Wuyang,SUPPORT,50.6,13.5
Competitive,All,eichenwalde,Zarya,TANK,48.8,9.3
Competitive,All,eichenwalde,Zenyatta,SUPPORT,51.4,14.1
Competitive,All,blizzard-world,Ana,SUPPORT,50.1,47.5
Competitive,All,blizzard-world,Anran,DAMAGE,50.5,8.6
Competitive,All,blizzard-world,Ashe,DAMAGE,50.7,14.8
Competitive,All,blizzard-world,Baptiste,SUPPORT,43.4,7.1
Competitive,All,blizzard-world,Bastion,DAMAGE,45.3,8.8
Competitive,All,blizzard-world,Brigitte,SUPPORT,41.6,2.8
Competitive,All,blizzard-world,Cassidy,DAMAGE,44.9,18.5
Competitive,All,blizzard-world,D.Va,TANK,48.2,9.4
Competitive,All,blizzard-world,Domina,TANK,52.2,7.4
Competitive,All,blizzard-world,Doomfist,TANK,51.8,6.0
Competitive,All,blizzard-world,Echo,DAMAGE,49.9,5.1
Competitive,All,blizzard-world,Emre,DAMAGE,50.2,21.2
Competitive,All,blizzard-world,Freja,DAMAGE,45.9,5.4
Competitive,All,blizzard-world,Genji,DAMAGE,50.2,13.4
Competitive,All,blizzard-world,Hanzo,DAMAGE,48.2,8.1
Competitive,All,blizzard-world,Hazard,TANK,49.3,2.5
Competitive,All,blizzard-world,Illari,SUPPORT,51.8,13.7
Competitive,All,blizzard-world,Jetpack Cat,SUPPORT,50.5,4.3
Competitive,All,blizzard-world,Junker Queen,TANK,45.7,1.8
Competitive,All,blizzard-world,Junkrat,DAMAGE,47.0,5.9
Competitive,All,blizzard-world,Juno,SUPPORT,48.1,10.3
Competitive,All,blizzard-world,Kiriko,SUPPORT,47.7,39.8
Competitive,All,blizzard-world,Lifeweaver,SUPPORT,43.3,4.0
Competitive,All,blizzard-world,Lúcio,SUPPORT,42.9,4.1
Competitive,All,blizzard-world,Mauga,TANK,43.5,3.4
Competitive,All,blizzard-world,Mei,DAMAGE,48.0,7.1
Competitive,All,blizzard-world,Mercy,SUPPORT,47.3,9.9
Competitive,All,blizzard-world,Mizuki,SUPPORT,49.5,14.1
Competitive,All,blizzard-world,Moira,SUPPORT,45.8,16.4
Competitive,All,blizzard-world,Orisa,TANK,44.3,10.5
Competitive,All,blizzard-world,Pharah,DAMAGE,50.0,4.7
Competitive,All,blizzard-world,Ramattra,TANK,44.8,5.3
Competitive,All,blizzard-world,Reaper,DAMAGE,49.5,12.2
Competitive,All,blizzard-world,Reinhardt,TANK,45.0,6.5
Competitive,All,blizzard-world,Roadhog,TANK,43.2,6.4
Competitive,All,blizzard-world,Sigma,TANK,52.4,16.1
Competitive,All,blizzard-world,Sojourn,DAMAGE,44.9,15.2
Competitive,All,blizzard-world,Soldier: 76,DAMAGE,47.2,17.3
Competitive,All,blizzard-world,Sombra,DAMAGE,49.7,3.9
Competitive,All,blizzard-world,Symmetra,DAMAGE,51.3,3.6
Competitive,All,blizzard-world,Torbjörn,DAMAGE,50.0,4.9
Competitive,All,blizzard-world,Tracer,DAMAGE,48.6,9.0
Competitive,All,blizzard-world,Vendetta,DAMAGE,51.1,3.3
Competitive,All,blizzard-world,Venture,DAMAGE,50.3,3.6
Competitive,All,blizzard-world,Widowmaker,DAMAGE,47.0,5.4
Competitive,All,blizzard-world,Winston,TANK,52.0,13.7
Competitive,All,blizzard-world,Wrecking Ball,TANK,48.2,3.9
Competitive,All,blizzard-world,Wuyang,SUPPORT,50.9,13.8
Competitive,All,blizzard-world,Zarya,TANK,46.4,7.1
Competitive,All,blizzard-world,Zenyatta,SUPPORT,50.6,12.0
Competitive,All,esperanca,Ana,SUPPORT,46.5,39.5
Competitive,All,esperanca,Anran,DAMAGE,51.6,11.6
Competitive,All,esperanca,Ashe,DAMAGE,50.7,9.4
Competitive,All,esperanca,Baptiste,SUPPORT,45.1,5.3
Competitive,All,esperanca,Bastion,DAMAGE,46.2,6.8
Competitive,All,esperanca,Brigitte,SUPPORT,46.9,4.2
Competitive,All,esperanca,Cassidy,DAMAGE,47.1,26.2
Competitive,All,esperanca,D.Va,TANK,49.7,9.0
Competitive,All,esperanca,Domina,TANK,52.8,8.4
Competitive,All,esperanca,Doomfist,TANK,51.4,6.8
Competitive,All,esperanca,Echo,DAMAGE,53.9,5.7
Competitive,All,esperanca,Emre,DAMAGE,51.4,22.9
Competitive,All,esperanca,Freja,DAMAGE,46.1,4.0
Competitive,All,esperanca,Genji,DAMAGE,51.6,13.9
Competitive,All,esperanca,Hanzo,DAMAGE,48.7,4.3
Competitive,All,esperanca,Hazard,TANK,51.6,3.0
Competitive,All,esperanca,Illari,SUPPORT,54.3,8.3
Competitive,All,esperanca,Jetpack Cat,SUPPORT,49.1,4.2
Competitive,All,esperanca,Junker Queen,TANK,51.3,3.5
Competitive,All,esperanca,Junkrat,DAMAGE,50.1,3.3
Competitive,All,esperanca,Juno,SUPPORT,50.1,12.4
Competitive,All,esperanca,Kiriko,SUPPORT,49.5,47.2
Competitive,All,esperanca,Lifeweaver,SUPPORT,44.0,3.5
Competitive,All,esperanca,Lúcio,SUPPORT,49.4,5.5
Competitive,All,esperanca,Mauga,TANK,48.9,4.2
Competitive,All,esperanca,Mei,DAMAGE,52.9,5.7
Competitive,All,esperanca,Mercy,SUPPORT,50.5,6.4
Competitive,All,esperanca,Mizuki,SUPPORT,52.0,19.2
Competitive,All,esperanca,Moira,SUPPORT,51.0,20.5
Competitive,All,esperanca,Orisa,TANK,45.0,10.7
Competitive,All,esperanca,Pharah,DAMAGE,48.9,4.2
Competitive,All,esperanca,Ramattra,TANK,46.3,5.6
Competitive,All,esperanca,Reaper,DAMAGE,50.2,11.8
Competitive,All,esperanca,Reinhardt,TANK,50.5,6.9
Competitive,All,esperanca,Roadhog,TANK,48.4,7.1
Competitive,All,esperanca,Sigma,TANK,52.6,10.6
Competitive,All,esperanca,Sojourn,DAMAGE,45.6,17.4
Competitive,All,esperanca,Soldier: 76,DAMAGE,51.2,18.5
Competitive,All,esperanca,Sombra,DAMAGE,50.8,4.6
Competitive,All,esperanca,Symmetra,DAMAGE,51.6,2.0
Competitive,All,esperanca,Torbjörn,DAMAGE,49.6,2.8
Competitive,All,esperanca,Tracer,DAMAGE,52.3,16.5
Competitive,All,esperanca,Vendetta,DAMAGE,51.9,3.7
Competitive,All,esperanca,Venture,DAMAGE,53.9,3.4
Competitive,All,esperanca,Widowmaker,DAMAGE,41.3,1.2
Competitive,All,esperanca,Winston,TANK,53.7,12.9
Competitive,All,esperanca,Wrecking Ball,TANK,53.1,4.4
Competitive,All,esperanca,Wuyang,SUPPORT,54.2,15.5
Competitive,All,esperanca,Zarya,TANK,45.3,6.9
Competitive,All,esperanca,Zenyatta,SUPPORT,51.9,8.4
Competitive,All,new-queen-street,Ana,SUPPORT,47.2,40.4
Competitive,All,new-queen-street,Anran,DAMAGE,52.2,11.1
Competitive,All,new-queen-street,Ashe,DAMAGE,50.5,9.5
Competitive,All,new-queen-street,Baptiste,SUPPORT,45.5,5.4
Competitive,All,new-queen-street,Bastion,DAMAGE,46.2,6.8
Competitive,All,new-queen-street,Brigitte,SUPPORT,46.4,3.9
Competitive,All,new-queen-street,Cassidy,DAMAGE,46.6,25.7
Competitive,All,new-queen-street,D.Va,TANK,49.0,8.4
Competitive,All,new-queen-street,Domina,TANK,51.9,8.9
Competitive,All,new-queen-street,Doomfist,TANK,49.8,6.8
Competitive,All,new-queen-street,Echo,DAMAGE,49.7,4.6
Competitive,All,new-queen-street,Emre,DAMAGE,51.5,23.4
Competitive,All,new-queen-street,Freja,DAMAGE,44.7,3.7
Competitive,All,new-queen-street,Genji,DAMAGE,50.0,12.8
Competitive,All,new-queen-street,Hanzo,DAMAGE,50.4,4.5
Competitive,All,new-queen-street,Hazard,TANK,51.6,3.0
Competitive,All,new-queen-street,Illari,SUPPORT,54.9,8.3
Competitive,All,new-queen-street,Jetpack Cat,SUPPORT,46.7,4.4
Competitive,All,new-queen-street,Junker Queen,TANK,52.2,3.7
Competitive,All,new-queen-street,Junkrat,DAMAGE,46.5,3.0
Competitive,All,new-queen-street,Juno,SUPPORT,49.5,12.3
Competitive,All,new-queen-street,Kiriko,SUPPORT,48.5,46.4
Competitive,All,new-queen-street,Lifeweaver,SUPPORT,46.5,3.5
Competitive,All,new-queen-street,Lúcio,SUPPORT,49.4,4.8
Competitive,All,new-queen-street,Mauga,TANK,47.4,4.2
Competitive,All,new-queen-street,Mei,DAMAGE,52.5,5.8
Competitive,All,new-queen-street,Mercy,SUPPORT,47.5,6.0
Competitive,All,new-queen-street,Mizuki,SUPPORT,52.8,19.0
Competitive,All,new-queen-street,Moira,SUPPORT,50.0,20.9
Competitive,All,new-queen-street,Orisa,TANK,48.1,11.2
Competitive,All,new-queen-street,Pharah,DAMAGE,48.5,3.9
Competitive,All,new-queen-street,Ramattra,TANK,48.2,5.8
Competitive,All,new-queen-street,Reaper,DAMAGE,51.6,11.0
Competitive,All,new-queen-street,Reinhardt,TANK,49.7,7.1
Competitive,All,new-queen-street,Roadhog,TANK,47.9,7.4
Competitive,All,new-queen-street,Sigma,TANK,51.6,11.2
Competitive,All,new-queen-street,Sojourn,DAMAGE,45.7,17.9
Competitive,All,new-queen-street,Soldier: 76,DAMAGE,54.1,22.7
Competitive,All,new-queen-street,Sombra,DAMAGE,51.9,4.8
Competitive,All,new-queen-street,Symmetra,DAMAGE,48.8,1.7
Competitive,All,new-queen-street,Torbjörn,DAMAGE,51.7,2.9
Competitive,All,new-queen-street,Tracer,DAMAGE,52.1,16.2
Competitive,All,new-queen-street,Vendetta,DAMAGE,48.6,3.4
Competitive,All,new-queen-street,Venture,DAMAGE,51.7,3.3
Competitive,All,new-queen-street,Widowmaker,DAMAGE,44.0,1.3
Competitive,All,new-queen-street,Winston,TANK,52.6,10.7
Competitive,All,new-queen-street,Wrecking Ball,TANK,52.6,4.5
Competitive,All,new-queen-street,Wuyang,SUPPORT,55.5,15.7
Competitive,All,new-queen-street,Zarya,TANK,47.7,7.1
Competitive,All,new-queen-street,Zenyatta,SUPPORT,53.0,9.2
Competitive,All,runasapi,Ana,SUPPORT,47.3,38.9
Competitive,All,runasapi,Anran,DAMAGE,52.3,12.1
Competitive,All,runasapi,Ashe,DAMAGE,49.1,8.8
Competitive,All,runasapi,Baptiste,SUPPORT,44.1,5.6
Competitive,All,runasapi,Bastion,DAMAGE,47.0,7.1
Competitive,All,runasapi,Brigitte,SUPPORT,47.0,4.1
Competitive,All,runasapi,Cassidy,DAMAGE,48.3,27.1
Competitive,All,runasapi,D.Va,TANK,50.0,7.6
Competitive,All,runasapi,Domina,TANK,52.1,8.8
Competitive,All,runasapi,Doomfist,TANK,51.2,6.7
Competitive,All,runasapi,Echo,DAMAGE,48.8,4.8
Competitive,All,runasapi,Emre,DAMAGE,51.8,23.5
Competitive,All,runasapi,Freja,DAMAGE,47.8,3.7
Competitive,All,runasapi,Genji,DAMAGE,51.8,12.2
Competitive,All,runasapi,Hanzo,DAMAGE,46.7,3.9
Competitive,All,runasapi,Hazard,TANK,53.6,3.2
Competitive,All,runasapi,Illari,SUPPORT,55.8,8.8
Competitive,All,runasapi,Jetpack Cat,SUPPORT,44.0,4.0
Competitive,All,runasapi,Junker Queen,TANK,54.1,3.6
Competitive,All,runasapi,Junkrat,DAMAGE,46.4,3.3
Competitive,All,runasapi,Juno,SUPPORT,51.2,12.8
Competitive,All,runasapi,Kiriko,SUPPORT,48.8,46.1
Competitive,All,runasapi,Lifeweaver,SUPPORT,46.7,3.3
Competitive,All,runasapi,Lúcio,SUPPORT,50.5,5.3
Competitive,All,runasapi,Mauga,TANK,48.4,4.4
Competitive,All,runasapi,Mei,DAMAGE,52.3,5.9
Competitive,All,runasapi,Mercy,SUPPORT,47.9,5.8
Competitive,All,runasapi,Mizuki,SUPPORT,52.6,20.4
Competitive,All,runasapi,Moira,SUPPORT,50.0,20.6
Competitive,All,runasapi,Orisa,TANK,44.3,11.2
Competitive,All,runasapi,Pharah,DAMAGE,48.3,4.1
Competitive,All,runasapi,Ramattra,TANK,45.8,6.1
Competitive,All,runasapi,Reaper,DAMAGE,52.7,11.4
Competitive,All,runasapi,Reinhardt,TANK,52.4,7.2
Competitive,All,runasapi,Roadhog,TANK,47.1,7.3
Competitive,All,runasapi,Sigma,TANK,54.2,11.5
Competitive,All,runasapi,Sojourn,DAMAGE,44.9,18.2
Competitive,All,runasapi,Soldier: 76,DAMAGE,51.3,19.5
Competitive,All,runasapi,Sombra,DAMAGE,51.9,4.6
Competitive,All,runasapi,Symmetra,DAMAGE,48.0,2.0
Competitive,All,runasapi,Torbjörn,DAMAGE,49.6,2.9
Competitive,All,runasapi,Tracer,DAMAGE,53.0,17.1
Competitive,All,runasapi,Vendetta,DAMAGE,52.3,3.3
Competitive,All,runasapi,Venture,DAMAGE,52.9,3.5
Competitive,All,runasapi,Widowmaker,DAMAGE,36.7,1.1
Competitive,All,runasapi,Winston,TANK,51.4,10.7
Competitive,All,runasapi,Wrecking Ball,TANK,51.5,4.3
Competitive,All,runasapi,Wuyang,SUPPORT,53.9,16.0
Competitive,All,runasapi,Zarya,TANK,47.2,7.1
Competitive,All,runasapi,Zenyatta,SUPPORT,51.9,8.5
Competitive,All,colosseo,Ana,SUPPORT,47.0,45.3
Competitive,All,colosseo,Anran,DAMAGE,53.4,11.4
Competitive,All,colosseo,Ashe,DAMAGE,49.6,12.8
Competitive,All,colosseo,Baptiste,SUPPORT,44.7,5.8
Competitive,All,colosseo,Bastion,DAMAGE,45.2,7.3
Competitive,All,colosseo,Brigitte,SUPPORT,46.3,3.7
Competitive,All,colosseo,Cassidy,DAMAGE,44.9,23.8
Competitive,All,colosseo,D.Va,TANK,46.1,7.1
Competitive,All,colosseo,Domina,TANK,51.4,9.1
Competitive,All,colosseo,Doomfist,TANK,53.9,6.6
Competitive,All,colosseo,Echo,DAMAGE,53.3,4.8
Competitive,All,colosseo,Emre,DAMAGE,51.0,23.3
Competitive,All,colosseo,Freja,DAMAGE,48.5,4.2
Competitive,All,colosseo,Genji,DAMAGE,52.2,13.0
Competitive,All,colosseo,Hanzo,DAMAGE,51.5,6.4
Competitive,All,colosseo,Hazard,TANK,51.7,2.7
Competitive,All,colosseo,Illari,SUPPORT,54.4,9.2
Competitive,All,colosseo,Jetpack Cat,SUPPORT,50.5,4.0
Competitive,All,colosseo,Junker Queen,TANK,54.8,3.4
Competitive,All,colosseo,Junkrat,DAMAGE,49.3,4.0
Competitive,All,colosseo,Juno,SUPPORT,49.8,11.2
Competitive,All,colosseo,Kiriko,SUPPORT,48.8,42.8
Competitive,All,colosseo,Lifeweaver,SUPPORT,44.0,3.4
Competitive,All,colosseo,Lúcio,SUPPORT,51.0,4.7
Competitive,All,colosseo,Mauga,TANK,48.6,4.0
Competitive,All,colosseo,Mei,DAMAGE,52.7,6.3
Competitive,All,colosseo,Mercy,SUPPORT,49.4,6.3
Competitive,All,colosseo,Mizuki,SUPPORT,52.9,18.3
Competitive,All,colosseo,Moira,SUPPORT,49.4,19.0
Competitive,All,colosseo,Orisa,TANK,44.7,11.3
Competitive,All,colosseo,Pharah,DAMAGE,50.6,4.3
Competitive,All,colosseo,Ramattra,TANK,47.3,6.2
Competitive,All,colosseo,Reaper,DAMAGE,50.9,11.4
Competitive,All,colosseo,Reinhardt,TANK,52.2,7.7
Competitive,All,colosseo,Roadhog,TANK,48.6,6.8
Competitive,All,colosseo,Sigma,TANK,51.6,12.9
Competitive,All,colosseo,Sojourn,DAMAGE,46.1,17.7
Competitive,All,colosseo,Soldier: 76,DAMAGE,49.9,16.5
Competitive,All,colosseo,Sombra,DAMAGE,52.5,4.4
Competitive,All,colosseo,Symmetra,DAMAGE,49.3,1.9
Competitive,All,colosseo,Torbjörn,DAMAGE,49.9,2.9
Competitive,All,colosseo,Tracer,DAMAGE,53.7,14.3
Competitive,All,colosseo,Vendetta,DAMAGE,55.2,3.4
Competitive,All,colosseo,Venture,DAMAGE,52.2,3.5
Competitive,All,colosseo,Widowmaker,DAMAGE,46.9,2.5
Competitive,All,colosseo,Winston,TANK,53.6,10.4
Competitive,All,colosseo,Wrecking Ball,TANK,54.0,4.1
Competitive,All,colosseo,Wuyang,SUPPORT,54.2,15.4
Competitive,All,colosseo,Zarya,TANK,46.1,7.7
Competitive,All,colosseo,Zenyatta,SUPPORT,53.0,10.8
